canonical_stage,accepted_version,source_path,target_path,artifact_role,transformation_code,source_size_bytes,source_sha256,published_sha256,mapping_status,notes
PUBLICATION,module-1-g2-v1.0.0,,.gitattributes,github_publication_derivative,GITHUB_DERIVED_DOCUMENT,,,870a9b6e72ae2833e1eb4d944a33349bdf35d0c2be4b65b1ea4a875c4142f915,FINAL_G2_PUBLICATION,Generated for the public GitHub projection; does not alter canonical accepted database evidence.
PUBLICATION,module-1-g2-v1.0.0,,.github/workflows/publication_integrity.yml,github_publication_derivative,GITHUB_DERIVED_DOCUMENT,,,9c2535f1ab9d484b55fbaeff023e05bcd136cbeee7e43b407fc6073aa65587ed,FINAL_G2_PUBLICATION,Generated for the public GitHub projection; does not alter canonical accepted database evidence.
PUBLICATION,module-1-g2-v1.0.0,,.gitignore,github_publication_derivative,GITHUB_DERIVED_DOCUMENT,,,4e9d8e8e1c513d3d46116ad0718065656cd7a46d706d6f2c52f73abdfeacadb9,FINAL_G2_PUBLICATION,Generated for the public GitHub projection; does not alter canonical accepted database evidence.
PUBLICATION,module-1-g2-v1.0.0,,CHANGELOG.md,github_publication_derivative,GITHUB_DERIVED_DOCUMENT,,,37a516f5c72651447fcf0567325f40b933a449e000eeb0d9d3f4b74de46b0a9b,FINAL_G2_PUBLICATION,Generated for the public GitHub projection; does not alter canonical accepted database evidence.
PUBLICATION,module-1-g2-v1.0.0,,CITATION.cff,github_publication_derivative,GITHUB_DERIVED_DOCUMENT,,,d7b5e589df399f647c53d831ddc25ef07c10aed8a6e464797b44ebbf6d90c409,FINAL_G2_PUBLICATION,Generated for the public GitHub projection; does not alter canonical accepted database evidence.
PUBLICATION,module-1-g2-v1.0.0,,DISCLAIMER.md,github_publication_derivative,GITHUB_DERIVED_DOCUMENT,,,dff6a46d2d8c7619e4e5890eff8b9a7a19c6c29b0612e59bbea2fe63e1623bb0,FINAL_G2_PUBLICATION,Generated for the public GitHub projection; does not alter canonical accepted database evidence.
PUBLICATION,module-1-g2-v1.0.0,,docs/enterprise_architecture/Enterprise_Merchant_Sales_Based_Financing_Platform.pdf,github_publication_derivative,GITHUB_DERIVED_DOCUMENT,,,e35eb640587c15a74e191028c4cd32f9b79970e1ce5a80a23bcb2808320ebc5f,FINAL_G2_PUBLICATION,Generated for the public GitHub projection; does not alter canonical accepted database evidence.
PUBLICATION,module-1-g2-v1.0.0,,docs/enterprise_architecture/Enterprise_Merchant_Sales_Based_Financing_Platform.png,github_publication_derivative,GITHUB_DERIVED_DOCUMENT,,,faf2ae21647ca987a2a290bb30d7b996d51aad983a48e8d464d60a83930a25a1,FINAL_G2_PUBLICATION,Generated for the public GitHub projection; does not alter canonical accepted database evidence.
PUBLICATION,module-1-g2-v1.0.0,,docs/enterprise_architecture/Module_1_Governed_Evidence_Contract_and_Acceptance_Lineage.pdf,github_publication_derivative,GITHUB_DERIVED_DOCUMENT,,,fc2cf911ba52001166adc62d180c904af02bda72f94ce07736a103671a41bd31,FINAL_G2_PUBLICATION,Generated for the public GitHub projection; does not alter canonical accepted database evidence.
PUBLICATION,module-1-g2-v1.0.0,,docs/enterprise_architecture/Module_1_Governed_Evidence_Contract_and_Acceptance_Lineage.png,github_publication_derivative,GITHUB_DERIVED_DOCUMENT,,,0afcd2c473321a62399f9b1f8cb9bb3da052d715c6fa8802fa964a538740157b,FINAL_G2_PUBLICATION,Generated for the public GitHub projection; does not alter canonical accepted database evidence.
PUBLICATION,module-1-g2-v1.0.0,,docs/enterprise_architecture/README.md,github_publication_derivative,GITHUB_DERIVED_DOCUMENT,,,c55cc0a1c6bc3161c317e6ddf07278a7e296a7c2fd8ba1acb3676412718a07e1,FINAL_G2_PUBLICATION,Generated for the public GitHub projection; does not alter canonical accepted database evidence.
PUBLICATION,module-1-g2-v1.0.0,,docs/enterprise_architecture/VISUAL_RELEASE_METADATA.json,github_publication_derivative,GITHUB_DERIVED_DOCUMENT,,,a9c82cc43526094e69d4ec67ef73fbe0789931958dd25ded015620fc092dbba2,FINAL_G2_PUBLICATION,Generated for the public GitHub projection; does not alter canonical accepted database evidence.
PUBLICATION,module-1-g2-v1.0.0,,docs/executive_strategy/From_First_Advance_to_Intelligent_Portfolio.pdf,github_publication_derivative,GITHUB_DERIVED_DOCUMENT,,,c7db7c366f871306202b6dd5c28d987814ca5e96f071041a989079ccf7d1da60,FINAL_G2_PUBLICATION,Generated for the public GitHub projection; does not alter canonical accepted database evidence.
PUBLICATION,module-1-g2-v1.0.0,,docs/executive_strategy/from_first_advance_to_intelligent_portfolio_contact_sheet.png,github_publication_derivative,GITHUB_DERIVED_DOCUMENT,,,0055ecba465690d4efe241150030b5e1fd9c41ae066fc34aed37c4ea4f7eafce,FINAL_G2_PUBLICATION,Generated for the public GitHub projection; does not alter canonical accepted database evidence.
PUBLICATION,module-1-g2-v1.0.0,,docs/executive_strategy/from_first_advance_to_intelligent_portfolio_cover.png,github_publication_derivative,GITHUB_DERIVED_DOCUMENT,,,7282533b6b45c86ba6156a23749cabf539a26d38797d90f6ec09bf78e5e5257d,FINAL_G2_PUBLICATION,Generated for the public GitHub projection; does not alter canonical accepted database evidence.
PUBLICATION,module-1-g2-v1.0.0,,docs/executive_strategy/README.md,github_publication_derivative,GITHUB_DERIVED_DOCUMENT,,,f6a682d8f9216b4d136850e8fbba09a31c664ca774790237e00148d56ab1b98b,FINAL_G2_PUBLICATION,Generated for the public GitHub projection; does not alter canonical accepted database evidence.
PUBLICATION,module-1-g2-v1.0.0,,docs/executive_strategy/VISUAL_RELEASE_METADATA.json,github_publication_derivative,GITHUB_DERIVED_DOCUMENT,,,37dd79e71260915e6480cf0f50f4332f9d66e95d1e0fe674f2635eac4b8eb7b8,FINAL_G2_PUBLICATION,Generated for the public GitHub projection; does not alter canonical accepted database evidence.
PUBLICATION,module-1-g2-v1.0.0,,docs/project_lineage/MODULE_1_ACCEPTED_HASH_CHAIN.csv,github_publication_derivative,GITHUB_DERIVED_DOCUMENT,,,745ac589269cdcb75b68309a60b0260f1690458091ab684b24ab351a3d93c77f,FINAL_G2_PUBLICATION,Generated for the public GitHub projection; does not alter canonical accepted database evidence.
PUBLICATION,module-1-g2-v1.0.0,,docs/project_lineage/MODULE_1_ACCEPTED_HASH_CHAIN.md,github_publication_derivative,GITHUB_DERIVED_DOCUMENT,,,f894080ecbdc7b94e28a6560a34ffbaa81b54cfc0daa056afe70ae03f067af9f,FINAL_G2_PUBLICATION,Generated for the public GitHub projection; does not alter canonical accepted database evidence.
PUBLICATION,module-1-g2-v1.0.0,,docs/project_lineage/public_review_cohort/PUBLIC_REVIEW_COHORT_ANCHOR_INTEGRATED_RECORDS.csv,github_publication_derivative,GITHUB_DERIVED_DOCUMENT,,,bd2e840030144df5dd3cf2419b057d3ef7ac9631964b79b519c973533ad3c683,FINAL_G2_PUBLICATION,Generated for the public GitHub projection; does not alter canonical accepted database evidence.
PUBLICATION,module-1-g2-v1.0.0,,docs/project_lineage/public_review_cohort/PUBLIC_REVIEW_COHORT_COVERAGE.csv,github_publication_derivative,GITHUB_DERIVED_DOCUMENT,,,b5ee3ef1f3d28e4c34542600b8007f334f7772d2d52f6adebbe37586ac496553,FINAL_G2_PUBLICATION,Generated for the public GitHub projection; does not alter canonical accepted database evidence.
PUBLICATION,module-1-g2-v1.0.0,,docs/project_lineage/public_review_cohort/PUBLIC_REVIEW_COHORT_METADATA.json,github_publication_derivative,GITHUB_DERIVED_DOCUMENT,,,aa613dfa6b4b58e33cee8a7e1b4d12dbc202cd5a0ecd57fbeb3e91602c7a99e8,FINAL_G2_PUBLICATION,Generated for the public GitHub projection; does not alter canonical accepted database evidence.
PUBLICATION,module-1-g2-v1.0.0,,docs/project_lineage/public_review_cohort/PUBLIC_REVIEW_COHORT_REGISTRY.csv,github_publication_derivative,GITHUB_DERIVED_DOCUMENT,,,a818b57f10282a2354336ff6764ae2da7a02884b00e82513614bc6f50412a7dd,FINAL_G2_PUBLICATION,Generated for the public GitHub projection; does not alter canonical accepted database evidence.
PUBLICATION,module-1-g2-v1.0.0,,docs/project_lineage/public_review_cohort/PUBLIC_REVIEW_COHORT_SELECTION.sql,github_publication_derivative,GITHUB_DERIVED_DOCUMENT,,,28b56a7c827c3758e758f97e3a9dd8411f4d688e7c68c62a245b53d155117c83,FINAL_G2_PUBLICATION,Generated for the public GitHub projection; does not alter canonical accepted database evidence.
PUBLICATION,module-1-g2-v1.0.0,,GITHUB_PUBLICATION_GUIDE.md,github_publication_derivative,GITHUB_DERIVED_DOCUMENT,,,325526f62ffb5a8475b0a8a4ee632d63e40b4058940a2525137c73b03d95b1c6,FINAL_G2_PUBLICATION,Generated for the public GitHub projection; does not alter canonical accepted database evidence.
PUBLICATION,module-1-g2-v1.0.0,,GOVERNANCE_AND_VALIDATION.md,github_publication_derivative,GITHUB_DERIVED_DOCUMENT,,,d8b7e1889ed0d863fe06d221e64b70c0f000f4a72fb0e77f1491eff0bb39594d,FINAL_G2_PUBLICATION,Generated for the public GitHub projection; does not alter canonical accepted database evidence.
PUBLICATION,module-1-g2-v1.0.0,,LICENSE,github_publication_derivative,GITHUB_DERIVED_DOCUMENT,,,2b5c1a60a3fbddf0b0c6a678a867eb7e0057122c1607487997621bb87f3ff2b7,FINAL_G2_PUBLICATION,Generated for the public GitHub projection; does not alter canonical accepted database evidence.
PUBLICATION,module-1-g2-v1.0.0,,Module_0/0.01_G0_Physical_Data_Foundation/README.md,github_publication_derivative,GITHUB_DERIVED_DOCUMENT,,,0719100d824b2fa43f7b5bff7cf015cea59a2f2f30ef076965caeec6c4565b5d,FINAL_G2_PUBLICATION,Generated for the public GitHub projection; does not alter canonical accepted database evidence.
PUBLICATION,module-1-g2-v1.0.0,,Module_0/0.01_G0_Physical_Data_Foundation/v0.2_ACCEPTED/diagrams/module1_physical_erd_v0_2.png,github_publication_derivative,GITHUB_DERIVED_DOCUMENT,,,39691e4760450a0195c2e06b0f1e89b2bc3d6e87b7269d5b4f60da1a5459070a,FINAL_G2_PUBLICATION,Generated for the public GitHub projection; does not alter canonical accepted database evidence.
PUBLICATION,module-1-g2-v1.0.0,,Module_0/0.01_G0_Physical_Data_Foundation/v0.2_ACCEPTED/diagrams/module1_processing_flow_v0_2.png,github_publication_derivative,GITHUB_DERIVED_DOCUMENT,,,abb5a59a3fccfe59903afc9b971a764afd0bf102cb358f80d2f5cc1310ba8eb4,FINAL_G2_PUBLICATION,Generated for the public GitHub projection; does not alter canonical accepted database evidence.
PUBLICATION,module-1-g2-v1.0.0,,Module_0/0.01_G0_Physical_Data_Foundation/v0.2_ACCEPTED/diagrams/parameter_resolution_precedence_v0_2.png,github_publication_derivative,GITHUB_DERIVED_DOCUMENT,,,3d8af47b2aeaa84814d419336e420e3803783fd88f1d83b4e8129708e72906a3,FINAL_G2_PUBLICATION,Generated for the public GitHub projection; does not alter canonical accepted database evidence.
PUBLICATION,module-1-g2-v1.0.0,,Module_0/0.01_G0_Physical_Data_Foundation/v0.2_ACCEPTED/diagrams/physical_schema_overview_v0_2.png,github_publication_derivative,GITHUB_DERIVED_DOCUMENT,,,b47af6fb2a9c992c60ca19a11d06cbf1bb7e478d993563a003a0ac6ea86ffdb1,FINAL_G2_PUBLICATION,Generated for the public GitHub projection; does not alter canonical accepted database evidence.
G0,v0.2_ACCEPTED,02_G0/catalogs/feature_dictionary.csv,Module_0/0.01_G0_Physical_Data_Foundation/v0.2_ACCEPTED/docs/catalogs/feature_dictionary.csv,dictionary_configuration_or_control_catalog,CANONICAL_BYTE_COPY,7833,46a84c31bdaa7f60be1dcb3097c1865e05b101bd17869834e579938746c4f6d5,46a84c31bdaa7f60be1dcb3097c1865e05b101bd17869834e579938746c4f6d5,FINAL_M1_17_REVALIDATED,Byte-identical copy from the accepted M1.17/G2 canonical repository.
G0,v0.2_ACCEPTED,02_G0/catalogs/parameter_dictionary.csv,Module_0/0.01_G0_Physical_Data_Foundation/v0.2_ACCEPTED/docs/catalogs/parameter_dictionary.csv,dictionary_configuration_or_control_catalog,CANONICAL_BYTE_COPY,69023,030bd2657b94d902e6628445a411daf6f3797f7b546d7f27960ee53340fdc298,030bd2657b94d902e6628445a411daf6f3797f7b546d7f27960ee53340fdc298,FINAL_M1_17_REVALIDATED,Byte-identical copy from the accepted M1.17/G2 canonical repository.
G0,v0.2_ACCEPTED,02_G0/catalogs/parameter_dictionary.json,Module_0/0.01_G0_Physical_Data_Foundation/v0.2_ACCEPTED/docs/catalogs/parameter_dictionary.json,dictionary_configuration_or_control_catalog,CANONICAL_BYTE_COPY,276750,e2a76547df8ef585fdb9b58e6156420235e0434b962965847e81a118b8715d5d,e2a76547df8ef585fdb9b58e6156420235e0434b962965847e81a118b8715d5d,FINAL_M1_17_REVALIDATED,Byte-identical copy from the accepted M1.17/G2 canonical repository.
PUBLICATION,module-1-g2-v1.0.0,,Module_0/0.01_G0_Physical_Data_Foundation/v0.2_ACCEPTED/docs/CORRECTION_HISTORY.md,github_publication_derivative,GITHUB_DERIVED_DOCUMENT,,,2c9e08565124c2008ddb8e390229108189e71f92390b43bf1df7bac6f88c4e9b,FINAL_G2_PUBLICATION,Generated for the public GitHub projection; does not alter canonical accepted database evidence.
G0,v0.2_ACCEPTED,02_G0/diagrams/module1_physical_erd_v0_2.png,Module_0/0.01_G0_Physical_Data_Foundation/v0.2_ACCEPTED/docs/diagrams/module1_physical_erd_v0_2.png,architecture_diagram,CANONICAL_BYTE_COPY,931787,39691e4760450a0195c2e06b0f1e89b2bc3d6e87b7269d5b4f60da1a5459070a,39691e4760450a0195c2e06b0f1e89b2bc3d6e87b7269d5b4f60da1a5459070a,FINAL_M1_17_REVALIDATED,Byte-identical copy from the accepted M1.17/G2 canonical repository.
G0,v0.2_ACCEPTED,02_G0/diagrams/module1_processing_flow_v0_2.png,Module_0/0.01_G0_Physical_Data_Foundation/v0.2_ACCEPTED/docs/diagrams/module1_processing_flow_v0_2.png,architecture_diagram,CANONICAL_BYTE_COPY,105725,abb5a59a3fccfe59903afc9b971a764afd0bf102cb358f80d2f5cc1310ba8eb4,abb5a59a3fccfe59903afc9b971a764afd0bf102cb358f80d2f5cc1310ba8eb4,FINAL_M1_17_REVALIDATED,Byte-identical copy from the accepted M1.17/G2 canonical repository.
G0,v0.2_ACCEPTED,02_G0/diagrams/parameter_resolution_precedence_v0_2.png,Module_0/0.01_G0_Physical_Data_Foundation/v0.2_ACCEPTED/docs/diagrams/parameter_resolution_precedence_v0_2.png,architecture_diagram,CANONICAL_BYTE_COPY,84057,3d8af47b2aeaa84814d419336e420e3803783fd88f1d83b4e8129708e72906a3,3d8af47b2aeaa84814d419336e420e3803783fd88f1d83b4e8129708e72906a3,FINAL_M1_17_REVALIDATED,Byte-identical copy from the accepted M1.17/G2 canonical repository.
G0,v0.2_ACCEPTED,02_G0/diagrams/physical_schema_overview_v0_2.png,Module_0/0.01_G0_Physical_Data_Foundation/v0.2_ACCEPTED/docs/diagrams/physical_schema_overview_v0_2.png,architecture_diagram,CANONICAL_BYTE_COPY,146254,b47af6fb2a9c992c60ca19a11d06cbf1bb7e478d993563a003a0ac6ea86ffdb1,b47af6fb2a9c992c60ca19a11d06cbf1bb7e478d993563a003a0ac6ea86ffdb1,FINAL_M1_17_REVALIDATED,Byte-identical copy from the accepted M1.17/G2 canonical repository.
G0,v0.2_ACCEPTED,02_G0/docs/Merchant_Sales_Based_Financing_Module1_BRD_v0_2.md,Module_0/0.01_G0_Physical_Data_Foundation/v0.2_ACCEPTED/docs/Merchant_Sales_Based_Financing_Module1_BRD_v0_2.md,technical_documentation,CANONICAL_BYTE_COPY,111676,41c2af7b62833cff9a482cfbe8c5518d81073710acb0a90c5e49ee5deaf80176,41c2af7b62833cff9a482cfbe8c5518d81073710acb0a90c5e49ee5deaf80176,FINAL_M1_17_REVALIDATED,Byte-identical copy from the accepted M1.17/G2 canonical repository.
G0,v0.2_ACCEPTED,02_G0/docs/Merchant_Sales_Based_Financing_Module1_BRD_v0_2.pdf,Module_0/0.01_G0_Physical_Data_Foundation/v0.2_ACCEPTED/docs/Merchant_Sales_Based_Financing_Module1_BRD_v0_2.pdf,technical_documentation,CANONICAL_BYTE_COPY,2381517,4b1d8371ab8a5e91a565cd718c942d8aa547349c07b8ac6ffa089d3a2128c952,4b1d8371ab8a5e91a565cd718c942d8aa547349c07b8ac6ffa089d3a2128c952,FINAL_M1_17_REVALIDATED,Byte-identical copy from the accepted M1.17/G2 canonical repository.
G0,v0.2_ACCEPTED,02_G0/docs/MODULE_1_PARAMETER_DICTIONARY.md,Module_0/0.01_G0_Physical_Data_Foundation/v0.2_ACCEPTED/docs/MODULE_1_PARAMETER_DICTIONARY.md,technical_documentation,CANONICAL_BYTE_COPY,21241,fe47af1ded276304717b8f8795376578c141f97d43f40d950ede1836cdf66ab9,fe47af1ded276304717b8f8795376578c141f97d43f40d950ede1836cdf66ab9,FINAL_M1_17_REVALIDATED,Byte-identical copy from the accepted M1.17/G2 canonical repository.
G0,v0.2_ACCEPTED,02_G0/docs/POSTGRESQL_LIVE_EXECUTION_AND_QA_GUIDE.md,Module_0/0.01_G0_Physical_Data_Foundation/v0.2_ACCEPTED/docs/POSTGRESQL_LIVE_EXECUTION_AND_QA_GUIDE.md,technical_documentation,CANONICAL_BYTE_COPY,2088,423c3c37119b1f4a76dcb782d77c07b5ad0c832fa5af5db2155152a3c5303ef3,423c3c37119b1f4a76dcb782d77c07b5ad0c832fa5af5db2155152a3c5303ef3,FINAL_M1_17_REVALIDATED,Byte-identical copy from the accepted M1.17/G2 canonical repository.
G0,v0.2_ACCEPTED,02_G0/docs/POSTGRESQL_STATIC_VALIDATION_REPORT.md,Module_0/0.01_G0_Physical_Data_Foundation/v0.2_ACCEPTED/docs/POSTGRESQL_STATIC_VALIDATION_REPORT.md,technical_documentation,CANONICAL_BYTE_COPY,891,433116280f04418309a39542fa9e789cde374fe045b74f46011b6caa6080c91f,433116280f04418309a39542fa9e789cde374fe045b74f46011b6caa6080c91f,FINAL_M1_17_REVALIDATED,Byte-identical copy from the accepted M1.17/G2 canonical repository.
PUBLICATION,module-1-g2-v1.0.0,,Module_0/0.01_G0_Physical_Data_Foundation/v0.2_ACCEPTED/outputs/README.md,github_publication_derivative,GITHUB_DERIVED_DOCUMENT,,,1278d5bf66de64c93f1c287cfd29bc7d3ab5471a5922bf22c0673e821dcff5de,FINAL_G2_PUBLICATION,Generated for the public GitHub projection; does not alter canonical accepted database evidence.
PUBLICATION,module-1-g2-v1.0.0,,Module_0/0.01_G0_Physical_Data_Foundation/v0.2_ACCEPTED/RELEASE_METADATA.json,github_publication_derivative,GITHUB_DERIVED_DOCUMENT,,,c4ff55394db65dc9fc4cec512b189df7500c95743a896ccd630bcb50cab0b959,FINAL_G2_PUBLICATION,Generated for the public GitHub projection; does not alter canonical accepted database evidence.
G0,v0.2_ACCEPTED,02_G0/sql/00_msbf_physical_schema_v0_2.sql,Module_0/0.01_G0_Physical_Data_Foundation/v0.2_ACCEPTED/src/00_msbf_physical_schema_v0_2.sql,accepted_clean_build_sql,CANONICAL_BYTE_COPY,119844,0b831b1f8d46fde7adc88965e84117f7ab22207f43938360efc25fc4d8b51366,0b831b1f8d46fde7adc88965e84117f7ab22207f43938360efc25fc4d8b51366,FINAL_M1_17_REVALIDATED,Byte-identical copy from the accepted M1.17/G2 canonical repository.
G0,v0.2_ACCEPTED,02_G0/sql/01_msbf_reference_parameter_seed_v0_2.sql,Module_0/0.01_G0_Physical_Data_Foundation/v0.2_ACCEPTED/src/01_msbf_reference_parameter_seed_v0_2.sql,accepted_clean_build_sql,CANONICAL_BYTE_COPY,424163,2a911a455d6515f6ce1d02638d5e63aeb33af607fe1a2a9ea6ed3d98ca5608ca,2a911a455d6515f6ce1d02638d5e63aeb33af607fe1a2a9ea6ed3d98ca5608ca,FINAL_M1_17_REVALIDATED,Byte-identical copy from the accepted M1.17/G2 canonical repository.
G0,v0.2_ACCEPTED,02_G0/PACKAGE_VALIDATION_REPORT.md,Module_0/0.01_G0_Physical_Data_Foundation/v0.2_ACCEPTED/tests/PACKAGE_VALIDATION_REPORT.md,static_package_validation_summary,CANONICAL_BYTE_COPY,1543,428e9f7921de07dec337ad9f121e3430dde6654902bca1cea577ed14b21d0ed6,428e9f7921de07dec337ad9f121e3430dde6654902bca1cea577ed14b21d0ed6,FINAL_M1_17_REVALIDATED,Byte-identical copy from the accepted M1.17/G2 canonical repository.
G0,v0.2_ACCEPTED,02_G0/tests/MSBF_Physical_Foundation_Live_Execution_Validation_Report_v0_2.sql,Module_0/0.01_G0_Physical_Data_Foundation/v0.2_ACCEPTED/tests/review_queries/MSBF_Physical_Foundation_Live_Execution_Validation_Report_v0_2.sql,validation_recovery_reporting_source,CANONICAL_BYTE_COPY,6540,4d51306b3bed93b73c10cb55c479fdda55b8bb30506bbec8b2b6039190130362,4d51306b3bed93b73c10cb55c479fdda55b8bb30506bbec8b2b6039190130362,FINAL_M1_17_REVALIDATED,Byte-identical copy from the accepted M1.17/G2 canonical repository.
PUBLICATION,module-1-g2-v1.0.0,,Module_0/0.02_G1_Governed_Run_Control/README.md,github_publication_derivative,GITHUB_DERIVED_DOCUMENT,,,2fbc86dc276e285235c8d198f78909612072281490ebbd66789a52da4f34f1ed,FINAL_G2_PUBLICATION,Generated for the public GitHub projection; does not alter canonical accepted database evidence.
G1,v0.2_ACCEPTED,03_G1/catalogs/G1_EXPECTED_RESULTS.json,Module_0/0.02_G1_Governed_Run_Control/v0.2_ACCEPTED/docs/catalogs/G1_EXPECTED_RESULTS.json,dictionary_configuration_or_control_catalog,CANONICAL_BYTE_COPY,1332,5065b1d85057ea583185e1c432a10fd9c02f121e89f66253b84f8a9c7bde13b0,5065b1d85057ea583185e1c432a10fd9c02f121e89f66253b84f8a9c7bde13b0,FINAL_M1_17_REVALIDATED,Byte-identical copy from the accepted M1.17/G2 canonical repository.
G1,v0.2_ACCEPTED,03_G1/catalogs/G1_RUN_CONFIGURATION.json,Module_0/0.02_G1_Governed_Run_Control/v0.2_ACCEPTED/docs/catalogs/G1_RUN_CONFIGURATION.json,dictionary_configuration_or_control_catalog,CANONICAL_BYTE_COPY,1038,46a39d850ce3ad29400b3aff45c36c2d8e54eb1851a3562c57b32bc6f94c5147,46a39d850ce3ad29400b3aff45c36c2d8e54eb1851a3562c57b32bc6f94c5147,FINAL_M1_17_REVALIDATED,Byte-identical copy from the accepted M1.17/G2 canonical repository.
PUBLICATION,module-1-g2-v1.0.0,,Module_0/0.02_G1_Governed_Run_Control/v0.2_ACCEPTED/docs/CORRECTION_HISTORY.md,github_publication_derivative,GITHUB_DERIVED_DOCUMENT,,,0d1e0bc91e1826b7abc2aa979fb0475af6995392a5defbf1f37cf19213b536cb,FINAL_G2_PUBLICATION,Generated for the public GitHub projection; does not alter canonical accepted database evidence.
G1,v0.2_ACCEPTED,03_G1/docs/G1_EXECUTION_AND_VALIDATION_GUIDE.md,Module_0/0.02_G1_Governed_Run_Control/v0.2_ACCEPTED/docs/G1_EXECUTION_AND_VALIDATION_GUIDE.md,technical_documentation,CANONICAL_BYTE_COPY,12098,7ffe0be5486ab3ba4a4e4594184249a9a23adc8192727a522986b28ac8fc236b,7ffe0be5486ab3ba4a4e4594184249a9a23adc8192727a522986b28ac8fc236b,FINAL_M1_17_REVALIDATED,Byte-identical copy from the accepted M1.17/G2 canonical repository.
G1,v0.2_ACCEPTED,03_G1/docs/G1_PARAMETER_SET_DELTA.md,Module_0/0.02_G1_Governed_Run_Control/v0.2_ACCEPTED/docs/G1_PARAMETER_SET_DELTA.md,technical_documentation,CANONICAL_BYTE_COPY,934,bfa40f6a9198ac2393cef4718c2a2eedf70f465c81e6b50dfcb240e28599a7e1,bfa40f6a9198ac2393cef4718c2a2eedf70f465c81e6b50dfcb240e28599a7e1,FINAL_M1_17_REVALIDATED,Byte-identical copy from the accepted M1.17/G2 canonical repository.
G1,v0.2_ACCEPTED,03_G1/RELEASE_NOTES.md,Module_0/0.02_G1_Governed_Run_Control/v0.2_ACCEPTED/docs/RELEASE_NOTES.md,release_and_execution_context,CANONICAL_BYTE_COPY,871,8f63aece11e8ed47fe4807b2aecb8c30086a4990fec9d11a9e365c438e875e05,8f63aece11e8ed47fe4807b2aecb8c30086a4990fec9d11a9e365c438e875e05,FINAL_M1_17_REVALIDATED,Byte-identical copy from the accepted M1.17/G2 canonical repository.
PUBLICATION,module-1-g2-v1.0.0,,Module_0/0.02_G1_Governed_Run_Control/v0.2_ACCEPTED/outputs/README.md,github_publication_derivative,GITHUB_DERIVED_DOCUMENT,,,9215beb80c0990abed69fcd80b243dc3c929ebb18526dff0171d8b32e71a193f,FINAL_G2_PUBLICATION,Generated for the public GitHub projection; does not alter canonical accepted database evidence.
PUBLICATION,module-1-g2-v1.0.0,,Module_0/0.02_G1_Governed_Run_Control/v0.2_ACCEPTED/RELEASE_METADATA.json,github_publication_derivative,GITHUB_DERIVED_DOCUMENT,,,a1827b9c7952d73d1ad7d0b00bc7e2827f841ebcc0f806fdea0ff91828f8cf13,FINAL_G2_PUBLICATION,Generated for the public GitHub projection; does not alter canonical accepted database evidence.
G1,v0.2_ACCEPTED,03_G1/sql/02_msbf_g1_run_configuration_bootstrap_v0_2.sql,Module_0/0.02_G1_Governed_Run_Control/v0.2_ACCEPTED/src/02_msbf_g1_run_configuration_bootstrap_v0_2.sql,accepted_clean_build_sql,CANONICAL_BYTE_COPY,27763,e2638e11729f733c0bcc80a31bdd02ffd091bf0698614050da463c797d0de74a,e2638e11729f733c0bcc80a31bdd02ffd091bf0698614050da463c797d0de74a,FINAL_M1_17_REVALIDATED,Byte-identical copy from the accepted M1.17/G2 canonical repository.
G1,v0.2_ACCEPTED,03_G1/sql/03_msbf_g1_parameter_resolution_and_profile_snapshot_v0_2.sql,Module_0/0.02_G1_Governed_Run_Control/v0.2_ACCEPTED/src/03_msbf_g1_parameter_resolution_and_profile_snapshot_v0_2.sql,accepted_clean_build_sql,CANONICAL_BYTE_COPY,28076,2f277f45efa96a34fe6a8d53c4784fa314cf988aa273bea3071a6a51e42154e3,2f277f45efa96a34fe6a8d53c4784fa314cf988aa273bea3071a6a51e42154e3,FINAL_M1_17_REVALIDATED,Byte-identical copy from the accepted M1.17/G2 canonical repository.
G1,v0.2_ACCEPTED,03_G1/sql/04_msbf_g1_source_contract_snapshot_v0_2.sql,Module_0/0.02_G1_Governed_Run_Control/v0.2_ACCEPTED/src/04_msbf_g1_source_contract_snapshot_v0_2.sql,accepted_clean_build_sql,CANONICAL_BYTE_COPY,8001,5d33b84bf999ddd97c285112dc41e58c4a2642ddc23aafc0c71a58cf266c5570,5d33b84bf999ddd97c285112dc41e58c4a2642ddc23aafc0c71a58cf266c5570,FINAL_M1_17_REVALIDATED,Byte-identical copy from the accepted M1.17/G2 canonical repository.
G1,v0.2_ACCEPTED,03_G1/sql/05_msbf_g1_readiness_validation_v0_2.sql,Module_0/0.02_G1_Governed_Run_Control/v0.2_ACCEPTED/src/05_msbf_g1_readiness_validation_v0_2.sql,accepted_clean_build_sql,CANONICAL_BYTE_COPY,23604,e8c811f37d9cd690bafbbf2d5d6416d3e8d13a211c80c0dee930c3dcb3475792,e8c811f37d9cd690bafbbf2d5d6416d3e8d13a211c80c0dee930c3dcb3475792,FINAL_M1_17_REVALIDATED,Byte-identical copy from the accepted M1.17/G2 canonical repository.
G1,v0.2_ACCEPTED,03_G1/sql/06_msbf_g1_negative_control_tests_v0_2.sql,Module_0/0.02_G1_Governed_Run_Control/v0.2_ACCEPTED/src/06_msbf_g1_negative_control_tests_v0_2.sql,accepted_clean_build_sql,CANONICAL_BYTE_COPY,6289,819f798d7b67360e586eb067efc5b288c2d2c53ee86303ff115173e9fd263dd7,819f798d7b67360e586eb067efc5b288c2d2c53ee86303ff115173e9fd263dd7,FINAL_M1_17_REVALIDATED,Byte-identical copy from the accepted M1.17/G2 canonical repository.
G1,v0.2_ACCEPTED,03_G1/sql/07_msbf_g1_acceptance_finalize_v0_2.sql,Module_0/0.02_G1_Governed_Run_Control/v0.2_ACCEPTED/src/07_msbf_g1_acceptance_finalize_v0_2.sql,accepted_clean_build_sql,CANONICAL_BYTE_COPY,9094,a3cf0d1abb655b068105b5c51227718c14cad5634acede543cd55f2ca597a814,a3cf0d1abb655b068105b5c51227718c14cad5634acede543cd55f2ca597a814,FINAL_M1_17_REVALIDATED,Byte-identical copy from the accepted M1.17/G2 canonical repository.
G1,v0.2_ACCEPTED,03_G1/PACKAGE_VALIDATION_REPORT.md,Module_0/0.02_G1_Governed_Run_Control/v0.2_ACCEPTED/tests/PACKAGE_VALIDATION_REPORT.md,static_package_validation_summary,CANONICAL_BYTE_COPY,1290,0ba4b9deadaa419c2d3837574cd8b9f8e557e2954de55f778a64457161aa83ac,0ba4b9deadaa419c2d3837574cd8b9f8e557e2954de55f778a64457161aa83ac,FINAL_M1_17_REVALIDATED,Byte-identical copy from the accepted M1.17/G2 canonical repository.
G1,v0.2_ACCEPTED,03_G1/tests/00_msbf_g1_preflight_validation_v0_2.sql,Module_0/0.02_G1_Governed_Run_Control/v0.2_ACCEPTED/tests/review_queries/00_msbf_g1_preflight_validation_v0_2.sql,validation_recovery_reporting_source,CANONICAL_BYTE_COPY,7777,db9e46946a1f4f003a7b2fd5700222e0f0afc0475ab8569e77410dbd9d3e8400,db9e46946a1f4f003a7b2fd5700222e0f0afc0475ab8569e77410dbd9d3e8400,FINAL_M1_17_REVALIDATED,Byte-identical copy from the accepted M1.17/G2 canonical repository.
G1,v0.2_ACCEPTED,03_G1/tests/08_MSBF_G1_Governed_Run_Readiness_Master_Report_v0_2.sql,Module_0/0.02_G1_Governed_Run_Control/v0.2_ACCEPTED/tests/review_queries/08_MSBF_G1_Governed_Run_Readiness_Master_Report_v0_2.sql,validation_recovery_reporting_source,CANONICAL_BYTE_COPY,10305,fe04271fef26d1cf49b30bcc77398f95893d2ae9997c54ca27ed6ac9ffcb805a,fe04271fef26d1cf49b30bcc77398f95893d2ae9997c54ca27ed6ac9ffcb805a,FINAL_M1_17_REVALIDATED,Byte-identical copy from the accepted M1.17/G2 canonical repository.
G1,v0.2_ACCEPTED,03_G1/tests/09_MSBF_G1_Governed_Run_Readiness_Detail_Report_v0_2.sql,Module_0/0.02_G1_Governed_Run_Control/v0.2_ACCEPTED/tests/review_queries/09_MSBF_G1_Governed_Run_Readiness_Detail_Report_v0_2.sql,validation_recovery_reporting_source,CANONICAL_BYTE_COPY,3691,c2ca144ae6e64596370cba05130787421646e5e666d160cd269dd2158ffc0c0a,c2ca144ae6e64596370cba05130787421646e5e666d160cd269dd2158ffc0c0a,FINAL_M1_17_REVALIDATED,Byte-identical copy from the accepted M1.17/G2 canonical repository.
PUBLICATION,module-1-g2-v1.0.0,,Module_1/1.01_Charter_Architecture_and_Requirements/README.md,github_publication_derivative,GITHUB_DERIVED_DOCUMENT,,,c2893d993f4c2bff9c2c8eb4b92151358aac90d7f72ca565f5f3b06993e5a0eb,FINAL_G2_PUBLICATION,Generated for the public GitHub projection; does not alter canonical accepted database evidence.
DESIGN,v0.1R1_DOCUMENTATION,01_Design/merchant_sales_based_financing_architecture_data_model_charters_v0_1R1/00_ENTERPRISE_ARCHITECTURE_OVERVIEW.md,Module_1/1.01_Charter_Architecture_and_Requirements/v0.1R1_DOCUMENTATION/docs/00_ENTERPRISE_ARCHITECTURE_OVERVIEW.md,architecture_and_charter,CANONICAL_BYTE_COPY,9404,50cafb073ca05c3424bd7b1d8900acb8fe35b04dceaf242e1a1a7a1398d8d7c0,50cafb073ca05c3424bd7b1d8900acb8fe35b04dceaf242e1a1a7a1398d8d7c0,FINAL_M1_17_REVALIDATED,Byte-identical copy from the accepted M1.17/G2 canonical repository.
DESIGN,v0.1R1_DOCUMENTATION,01_Design/merchant_sales_based_financing_design_kickoff_v0_1R2/00_PROJECT_CHARTER.md,Module_1/1.01_Charter_Architecture_and_Requirements/v0.1R1_DOCUMENTATION/docs/00_PROJECT_CHARTER.md,architecture_and_charter,CANONICAL_BYTE_COPY,15064,d189a8b36edfb57871d07d4aad06a36484222c0de7624f0eaac60689b37a0c8e,d189a8b36edfb57871d07d4aad06a36484222c0de7624f0eaac60689b37a0c8e,FINAL_M1_17_REVALIDATED,Byte-identical copy from the accepted M1.17/G2 canonical repository.
DESIGN,v0.1R1_DOCUMENTATION,01_Design/merchant_sales_based_financing_design_kickoff_v0_1R2/01_PRODUCT_SCOPE_AND_MECHANICS_DECISION_RECORD.md,Module_1/1.01_Charter_Architecture_and_Requirements/v0.1R1_DOCUMENTATION/docs/01_PRODUCT_SCOPE_AND_MECHANICS_DECISION_RECORD.md,architecture_and_charter,GITHUB_DERIVED_DOCUMENT,,,ce6e11778c0c3210fef46c09e819ea2205fd157384fa326be1ef509a723e834b,FINAL_G2_PUBLICATION,Public product-scope rewrite removes private origin context while preserving the synthetic business and architecture boundary.
DESIGN,v0.1R1_DOCUMENTATION,01_Design/merchant_sales_based_financing_architecture_data_model_charters_v0_1R1/01_SHARED_CONTROL_PLANE_AND_REGISTRY_ARCHITECTURE.md,Module_1/1.01_Charter_Architecture_and_Requirements/v0.1R1_DOCUMENTATION/docs/01_SHARED_CONTROL_PLANE_AND_REGISTRY_ARCHITECTURE.md,architecture_and_charter,CANONICAL_BYTE_COPY,9601,4e98bcd18c3352e2601dbebb94a47715438a0849e04ac38208ac0e04789411a1,4e98bcd18c3352e2601dbebb94a47715438a0849e04ac38208ac0e04789411a1,FINAL_M1_17_REVALIDATED,Byte-identical copy from the accepted M1.17/G2 canonical repository.
DESIGN,v0.1R1_DOCUMENTATION,01_Design/merchant_sales_based_financing_design_kickoff_v0_1R2/02_ENTERPRISE_1_3_5_YEAR_STRATEGY_ROADMAP.md,Module_1/1.01_Charter_Architecture_and_Requirements/v0.1R1_DOCUMENTATION/docs/02_ENTERPRISE_1_3_5_YEAR_STRATEGY_ROADMAP.md,architecture_and_charter,CANONICAL_BYTE_COPY,17727,d02a785b2fce81480fcf0269e9ce5f5681cc1ad1ac79c61538cef8176b96c0ae,d02a785b2fce81480fcf0269e9ce5f5681cc1ad1ac79c61538cef8176b96c0ae,FINAL_M1_17_REVALIDATED,Byte-identical copy from the accepted M1.17/G2 canonical repository.
DESIGN,v0.1R1_DOCUMENTATION,01_Design/merchant_sales_based_financing_architecture_data_model_charters_v0_1R1/02_MODULE_1_CHARTER.md,Module_1/1.01_Charter_Architecture_and_Requirements/v0.1R1_DOCUMENTATION/docs/02_MODULE_1_CHARTER.md,architecture_and_charter,CANONICAL_BYTE_COPY,6068,657d4d106d5900060940d2704b9bb3f606302af4fb011ff51bcacd5307a938ca,657d4d106d5900060940d2704b9bb3f606302af4fb011ff51bcacd5307a938ca,FINAL_M1_17_REVALIDATED,Byte-identical copy from the accepted M1.17/G2 canonical repository.
DESIGN,v0.1R1_DOCUMENTATION,01_Design/merchant_sales_based_financing_architecture_data_model_charters_v0_1R1/03_MODULE_2_CHARTER.md,Module_1/1.01_Charter_Architecture_and_Requirements/v0.1R1_DOCUMENTATION/docs/03_MODULE_2_CHARTER.md,architecture_and_charter,CANONICAL_BYTE_COPY,7034,e3250aa54de758a36e43df8edacd127a94cb97628a0dd95950e0ace36b0b3307,e3250aa54de758a36e43df8edacd127a94cb97628a0dd95950e0ace36b0b3307,FINAL_M1_17_REVALIDATED,Byte-identical copy from the accepted M1.17/G2 canonical repository.
DESIGN,v0.1R1_DOCUMENTATION,01_Design/merchant_sales_based_financing_architecture_data_model_charters_v0_1R1/04_MODULE_3_CHARTER.md,Module_1/1.01_Charter_Architecture_and_Requirements/v0.1R1_DOCUMENTATION/docs/04_MODULE_3_CHARTER.md,architecture_and_charter,CANONICAL_BYTE_COPY,6764,72764f63778ecdaf1f15f8a7bca849c8cfae4de8c43d5ed82776dfae72c90c17,72764f63778ecdaf1f15f8a7bca849c8cfae4de8c43d5ed82776dfae72c90c17,FINAL_M1_17_REVALIDATED,Byte-identical copy from the accepted M1.17/G2 canonical repository.
DESIGN,v0.1R1_DOCUMENTATION,01_Design/merchant_sales_based_financing_architecture_data_model_charters_v0_1R1/05_MODULE_4_CHARTER.md,Module_1/1.01_Charter_Architecture_and_Requirements/v0.1R1_DOCUMENTATION/docs/05_MODULE_4_CHARTER.md,architecture_and_charter,CANONICAL_BYTE_COPY,5808,9e2d7968b53c52c7f1e87947a131f3d5ce507e289227eb35a153af9d98ffff05,9e2d7968b53c52c7f1e87947a131f3d5ce507e289227eb35a153af9d98ffff05,FINAL_M1_17_REVALIDATED,Byte-identical copy from the accepted M1.17/G2 canonical repository.
DESIGN,v0.1R1_DOCUMENTATION,01_Design/merchant_sales_based_financing_architecture_data_model_charters_v0_1R1/06_INTERMODULE_DATA_CONTRACTS.md,Module_1/1.01_Charter_Architecture_and_Requirements/v0.1R1_DOCUMENTATION/docs/06_INTERMODULE_DATA_CONTRACTS.md,architecture_and_charter,CANONICAL_BYTE_COPY,7789,a435f345b765e94eb34d102f9c7a72cd2061b96c01e6352632ceb8271ebf7f3a,a435f345b765e94eb34d102f9c7a72cd2061b96c01e6352632ceb8271ebf7f3a,FINAL_M1_17_REVALIDATED,Byte-identical copy from the accepted M1.17/G2 canonical repository.
DESIGN,v0.1R1_DOCUMENTATION,01_Design/merchant_sales_based_financing_architecture_data_model_charters_v0_1R1/07_LOGICAL_DATA_MODEL.md,Module_1/1.01_Charter_Architecture_and_Requirements/v0.1R1_DOCUMENTATION/docs/07_LOGICAL_DATA_MODEL.md,architecture_and_charter,CANONICAL_BYTE_COPY,11182,2a456b511a080df841d9eae53cf99669ea067a33b6a072dd8be2c0b12513d480,2a456b511a080df841d9eae53cf99669ea067a33b6a072dd8be2c0b12513d480,FINAL_M1_17_REVALIDATED,Byte-identical copy from the accepted M1.17/G2 canonical repository.
DESIGN,v0.1R1_DOCUMENTATION,01_Design/merchant_sales_based_financing_architecture_data_model_charters_v0_1R1/08_TABLE_GRAIN_AND_KEY_CATALOG.md,Module_1/1.01_Charter_Architecture_and_Requirements/v0.1R1_DOCUMENTATION/docs/08_TABLE_GRAIN_AND_KEY_CATALOG.md,architecture_and_charter,CANONICAL_BYTE_COPY,15616,f0550fd56ac2e022ba803eaefaf4e640ddc9a24d861b129248f0b31f3c258368,f0550fd56ac2e022ba803eaefaf4e640ddc9a24d861b129248f0b31f3c258368,FINAL_M1_17_REVALIDATED,Byte-identical copy from the accepted M1.17/G2 canonical repository.
DESIGN,v0.1R1_DOCUMENTATION,01_Design/merchant_sales_based_financing_architecture_data_model_charters_v0_1R1/09_DATA_LINEAGE_AND_AS_OF_FRAMEWORK.md,Module_1/1.01_Charter_Architecture_and_Requirements/v0.1R1_DOCUMENTATION/docs/09_DATA_LINEAGE_AND_AS_OF_FRAMEWORK.md,architecture_and_charter,CANONICAL_BYTE_COPY,4611,102fe90415693b098e2a47b7069b67c1d104029a2c649210960d827b166a3f05,102fe90415693b098e2a47b7069b67c1d104029a2c649210960d827b166a3f05,FINAL_M1_17_REVALIDATED,Byte-identical copy from the accepted M1.17/G2 canonical repository.
DESIGN,v0.1R1_DOCUMENTATION,01_Design/merchant_sales_based_financing_design_kickoff_v0_1R2/09_TERMINOLOGY_GLOSSARY.md,Module_1/1.01_Charter_Architecture_and_Requirements/v0.1R1_DOCUMENTATION/docs/09_TERMINOLOGY_GLOSSARY.md,architecture_and_charter,CANONICAL_BYTE_COPY,12577,455767610ef92ae18182307812aa3a1cff4b788b0dabe920da9ed042e23467ac,455767610ef92ae18182307812aa3a1cff4b788b0dabe920da9ed042e23467ac,FINAL_M1_17_REVALIDATED,Byte-identical copy from the accepted M1.17/G2 canonical repository.
DESIGN,v0.1R1_DOCUMENTATION,01_Design/merchant_sales_based_financing_architecture_data_model_charters_v0_1R1/10_PARAMETER_POLICY_AND_REGULATORY_PRECEDENCE.md,Module_1/1.01_Charter_Architecture_and_Requirements/v0.1R1_DOCUMENTATION/docs/10_PARAMETER_POLICY_AND_REGULATORY_PRECEDENCE.md,architecture_and_charter,CANONICAL_BYTE_COPY,4002,9171771c25f947e26007334cd4526f8850eabc5df0052e8cb8237d9d76e7f235,9171771c25f947e26007334cd4526f8850eabc5df0052e8cb8237d9d76e7f235,FINAL_M1_17_REVALIDATED,Byte-identical copy from the accepted M1.17/G2 canonical repository.
DESIGN,v0.1R1_DOCUMENTATION,01_Design/merchant_sales_based_financing_design_kickoff_v0_1R2/10_REGULATORY_AND_POLICY_CONFIGURATION_FRAMEWORK.md,Module_1/1.01_Charter_Architecture_and_Requirements/v0.1R1_DOCUMENTATION/docs/10_REGULATORY_AND_POLICY_CONFIGURATION_FRAMEWORK.md,architecture_and_charter,CANONICAL_BYTE_COPY,12619,bad537252d7c45d234f336a5087a5a4cec0897244929e903704b5b216b24f0df,bad537252d7c45d234f336a5087a5a4cec0897244929e903704b5b216b24f0df,FINAL_M1_17_REVALIDATED,Byte-identical copy from the accepted M1.17/G2 canonical repository.
DESIGN,v0.1R1_DOCUMENTATION,01_Design/merchant_sales_based_financing_architecture_data_model_charters_v0_1R1/11_RUN_VERSION_COMPARISON_AND_EVIDENCE_STANDARD.md,Module_1/1.01_Charter_Architecture_and_Requirements/v0.1R1_DOCUMENTATION/docs/11_RUN_VERSION_COMPARISON_AND_EVIDENCE_STANDARD.md,architecture_and_charter,CANONICAL_BYTE_COPY,3367,71380396cc5011d49022c7109a2385eda236710b75635926f6b1528532a11f8c,71380396cc5011d49022c7109a2385eda236710b75635926f6b1528532a11f8c,FINAL_M1_17_REVALIDATED,Byte-identical copy from the accepted M1.17/G2 canonical repository.
DESIGN,v0.1R1_DOCUMENTATION,01_Design/merchant_sales_based_financing_architecture_data_model_charters_v0_1R1/12_REQUIREMENTS_TO_ARCHITECTURE_TRACEABILITY.md,Module_1/1.01_Charter_Architecture_and_Requirements/v0.1R1_DOCUMENTATION/docs/12_REQUIREMENTS_TO_ARCHITECTURE_TRACEABILITY.md,architecture_and_charter,CANONICAL_BYTE_COPY,5193,f4d38a7b98fb863c11c5d02c490ad7e6cf6e7e4081a0ac4ef5900879a84c68a5,f4d38a7b98fb863c11c5d02c490ad7e6cf6e7e4081a0ac4ef5900879a84c68a5,FINAL_M1_17_REVALIDATED,Byte-identical copy from the accepted M1.17/G2 canonical repository.
DESIGN,v0.1R1_DOCUMENTATION,01_Design/merchant_sales_based_financing_architecture_data_model_charters_v0_1R1/16_REGULATORY_SOURCE_AND_BOUNDARY_BRIDGE.md,Module_1/1.01_Charter_Architecture_and_Requirements/v0.1R1_DOCUMENTATION/docs/16_REGULATORY_SOURCE_AND_BOUNDARY_BRIDGE.md,architecture_and_charter,CANONICAL_BYTE_COPY,1974,4ce6f9e005eb894a2d6478c069081e80417d7000ed371ad7bbe6a7a8baf0ecdd,4ce6f9e005eb894a2d6478c069081e80417d7000ed371ad7bbe6a7a8baf0ecdd,FINAL_M1_17_REVALIDATED,Byte-identical copy from the accepted M1.17/G2 canonical repository.
DESIGN,v0.1R1_DOCUMENTATION,01_Design/merchant_sales_based_financing_architecture_data_model_charters_v0_1R1/catalogs/control_plane_registry_catalog.csv,Module_1/1.01_Charter_Architecture_and_Requirements/v0.1R1_DOCUMENTATION/docs/catalogs/control_plane_registry_catalog.csv,architecture_and_charter,CANONICAL_BYTE_COPY,3349,6bda13f48dba6e8a15cd24e0d753e3cc3b7c4bb84a8de9eda108601ca287b268,6bda13f48dba6e8a15cd24e0d753e3cc3b7c4bb84a8de9eda108601ca287b268,FINAL_M1_17_REVALIDATED,Byte-identical copy from the accepted M1.17/G2 canonical repository.
DESIGN,v0.1R1_DOCUMENTATION,01_Design/merchant_sales_based_financing_architecture_data_model_charters_v0_1R1/catalogs/intermodule_contract_catalog.csv,Module_1/1.01_Charter_Architecture_and_Requirements/v0.1R1_DOCUMENTATION/docs/catalogs/intermodule_contract_catalog.csv,architecture_and_charter,CANONICAL_BYTE_COPY,1401,356239c8c6c3a5754a853758e3f57f9de325aca98c48b9ea9d90828a8963b5e2,356239c8c6c3a5754a853758e3f57f9de325aca98c48b9ea9d90828a8963b5e2,FINAL_M1_17_REVALIDATED,Byte-identical copy from the accepted M1.17/G2 canonical repository.
DESIGN,v0.1R1_DOCUMENTATION,01_Design/merchant_sales_based_financing_architecture_data_model_charters_v0_1R1/catalogs/module_responsibility_catalog.csv,Module_1/1.01_Charter_Architecture_and_Requirements/v0.1R1_DOCUMENTATION/docs/catalogs/module_responsibility_catalog.csv,architecture_and_charter,CANONICAL_BYTE_COPY,1969,363cc265d0166f536b833545be735e5d805368b7184595ae76f9dfd8d8a43a6d,363cc265d0166f536b833545be735e5d805368b7184595ae76f9dfd8d8a43a6d,FINAL_M1_17_REVALIDATED,Byte-identical copy from the accepted M1.17/G2 canonical repository.
DESIGN,v0.1R1_DOCUMENTATION,01_Design/merchant_sales_based_financing_architecture_data_model_charters_v0_1R1/catalogs/table_grain_key_catalog.csv,Module_1/1.01_Charter_Architecture_and_Requirements/v0.1R1_DOCUMENTATION/docs/catalogs/table_grain_key_catalog.csv,architecture_and_charter,CANONICAL_BYTE_COPY,12748,fe498f128fd2bbebba9f0ec2ded4deffab5a063a73f3474cd0f391e93b045c0e,fe498f128fd2bbebba9f0ec2ded4deffab5a063a73f3474cd0f391e93b045c0e,FINAL_M1_17_REVALIDATED,Byte-identical copy from the accepted M1.17/G2 canonical repository.
PUBLICATION,module-1-g2-v1.0.0,,Module_1/1.01_Charter_Architecture_and_Requirements/v0.1R1_DOCUMENTATION/docs/CORRECTION_HISTORY.md,github_publication_derivative,GITHUB_DERIVED_DOCUMENT,,,e97b8b9919ba610cd6a3e6365a6f6f6cc79dd469f98b575700f66d150df37ae4,FINAL_G2_PUBLICATION,Generated for the public GitHub projection; does not alter canonical accepted database evidence.
DESIGN,v0.1R1_DOCUMENTATION,01_Design/merchant_sales_based_financing_architecture_data_model_charters_v0_1R1/diagrams/enterprise_architecture_v0_1R1.png,Module_1/1.01_Charter_Architecture_and_Requirements/v0.1R1_DOCUMENTATION/docs/diagrams/enterprise_architecture_v0_1R1.png,architecture_and_charter,CANONICAL_BYTE_COPY,275505,b4f696d461646bbb4f295fdde652e4607788675ded7df8746f9343c5845543cd,b4f696d461646bbb4f295fdde652e4607788675ded7df8746f9343c5845543cd,FINAL_M1_17_REVALIDATED,Byte-identical copy from the accepted M1.17/G2 canonical repository.
DESIGN,v0.1R1_DOCUMENTATION,01_Design/merchant_sales_based_financing_architecture_data_model_charters_v0_1R1/diagrams/enterprise_architecture_v0_1R1.svg,Module_1/1.01_Charter_Architecture_and_Requirements/v0.1R1_DOCUMENTATION/docs/diagrams/enterprise_architecture_v0_1R1.svg,architecture_and_charter,CANONICAL_BYTE_COPY,14768,344f800e88bf692afc8d9a7a7f4c63d1ba17eb4d7ad14d91101e811beafb02c1,344f800e88bf692afc8d9a7a7f4c63d1ba17eb4d7ad14d91101e811beafb02c1,FINAL_M1_17_REVALIDATED,Byte-identical copy from the accepted M1.17/G2 canonical repository.
DESIGN,v0.1R1_DOCUMENTATION,01_Design/merchant_sales_based_financing_architecture_data_model_charters_v0_1R1/diagrams/logical_erd_v0_1R1.png,Module_1/1.01_Charter_Architecture_and_Requirements/v0.1R1_DOCUMENTATION/docs/diagrams/logical_erd_v0_1R1.png,architecture_and_charter,CANONICAL_BYTE_COPY,361593,a41759ec55133a5753324126889db26f51b660b5b730c0255314f87379b6b5ae,a41759ec55133a5753324126889db26f51b660b5b730c0255314f87379b6b5ae,FINAL_M1_17_REVALIDATED,Byte-identical copy from the accepted M1.17/G2 canonical repository.
DESIGN,v0.1R1_DOCUMENTATION,01_Design/merchant_sales_based_financing_architecture_data_model_charters_v0_1R1/diagrams/logical_erd_v0_1R1.svg,Module_1/1.01_Charter_Architecture_and_Requirements/v0.1R1_DOCUMENTATION/docs/diagrams/logical_erd_v0_1R1.svg,architecture_and_charter,CANONICAL_BYTE_COPY,34025,19723572565a909cedde5125063d29e769c6140c4fe3274ef4d0049cce91b7c1,19723572565a909cedde5125063d29e769c6140c4fe3274ef4d0049cce91b7c1,FINAL_M1_17_REVALIDATED,Byte-identical copy from the accepted M1.17/G2 canonical repository.
PUBLICATION,module-1-g2-v1.0.0,,Module_1/1.01_Charter_Architecture_and_Requirements/v0.1R1_DOCUMENTATION/outputs/README.md,github_publication_derivative,GITHUB_DERIVED_DOCUMENT,,,92c7cda6fca09474b01a3de9d967611c0f2115c3eebf54f5656b55f54b076b31,FINAL_G2_PUBLICATION,Generated for the public GitHub projection; does not alter canonical accepted database evidence.
PUBLICATION,module-1-g2-v1.0.0,,Module_1/1.01_Charter_Architecture_and_Requirements/v0.1R1_DOCUMENTATION/RELEASE_METADATA.json,github_publication_derivative,GITHUB_DERIVED_DOCUMENT,,,270d7dfedd0cd30a5ba02d9a987b5fba2ca7c066bcdc9e15946228b193ab47df,FINAL_G2_PUBLICATION,Generated for the public GitHub projection; does not alter canonical accepted database evidence.
PUBLICATION,module-1-g2-v1.0.0,,Module_1/1.01_Charter_Architecture_and_Requirements/v0.1R1_DOCUMENTATION/src/README.md,github_publication_derivative,GITHUB_DERIVED_DOCUMENT,,,b670797764d37f748ce94f3d7b586b5f0273447f8a2fa43f9241f62f5c16bd59,FINAL_G2_PUBLICATION,Generated for the public GitHub projection; does not alter canonical accepted database evidence.
PUBLICATION,module-1-g2-v1.0.0,,Module_1/1.01_Charter_Architecture_and_Requirements/v0.1R1_DOCUMENTATION/tests/README.md,github_publication_derivative,GITHUB_DERIVED_DOCUMENT,,,989af596133a3099e69dc15240edd709f0883ecbe2683297b8b51c3dfb31c181,FINAL_G2_PUBLICATION,Generated for the public GitHub projection; does not alter canonical accepted database evidence.
PUBLICATION,module-1-g2-v1.0.0,,Module_1/1.02_Deterministic_Merchant_Population/README.md,github_publication_derivative,GITHUB_DERIVED_DOCUMENT,,,dd75f93a21882365bfe696c5ccfd3929994cc63f632e72fbb2f82061b8666d0d,FINAL_G2_PUBLICATION,Generated for the public GitHub projection; does not alter canonical accepted database evidence.
M1.2,v0.2R2_ACCEPTED,04_M1_2/catalogs/M1_2_EXECUTION_ORDER.csv,Module_1/1.02_Deterministic_Merchant_Population/v0.2R2_ACCEPTED/docs/catalogs/M1_2_EXECUTION_ORDER.csv,dictionary_configuration_or_control_catalog,CANONICAL_BYTE_COPY,1279,cba916673ae0eea6b8fb68e9c21137aba9dd4d380099e3317167792114ce0b56,cba916673ae0eea6b8fb68e9c21137aba9dd4d380099e3317167792114ce0b56,FINAL_M1_17_REVALIDATED,Byte-identical copy from the accepted M1.17/G2 canonical repository.
M1.2,v0.2R2_ACCEPTED,04_M1_2/catalogs/M1_2_EXPECTED_RESULTS.json,Module_1/1.02_Deterministic_Merchant_Population/v0.2R2_ACCEPTED/docs/catalogs/M1_2_EXPECTED_RESULTS.json,dictionary_configuration_or_control_catalog,CANONICAL_BYTE_COPY,2918,af164fdf794cdd8f262f143030196eec1950e1bec776a9bf2a90718762d10a4a,af164fdf794cdd8f262f143030196eec1950e1bec776a9bf2a90718762d10a4a,FINAL_M1_17_REVALIDATED,Byte-identical copy from the accepted M1.17/G2 canonical repository.
M1.2,v0.2R2_ACCEPTED,04_M1_2/catalogs/M1_2_GOVERNED_MIX_TARGETS.csv,Module_1/1.02_Deterministic_Merchant_Population/v0.2R2_ACCEPTED/docs/catalogs/M1_2_GOVERNED_MIX_TARGETS.csv,dictionary_configuration_or_control_catalog,CANONICAL_BYTE_COPY,1317,a0152b0c21f582aaf66dba9c60a2d8e699607881eb52998470287284c8a4f7a7,a0152b0c21f582aaf66dba9c60a2d8e699607881eb52998470287284c8a4f7a7,FINAL_M1_17_REVALIDATED,Byte-identical copy from the accepted M1.17/G2 canonical repository.
M1.2,v0.2R2_ACCEPTED,04_M1_2/catalogs/M1_2_PHYSICAL_DEPENDENCY_COLUMNS.csv,Module_1/1.02_Deterministic_Merchant_Population/v0.2R2_ACCEPTED/docs/catalogs/M1_2_PHYSICAL_DEPENDENCY_COLUMNS.csv,dictionary_configuration_or_control_catalog,CANONICAL_BYTE_COPY,80222,e52a5be5398cf7904b9ac3c228b33f408229e379eb56019e19c3736bb10521e6,e52a5be5398cf7904b9ac3c228b33f408229e379eb56019e19c3736bb10521e6,FINAL_M1_17_REVALIDATED,Byte-identical copy from the accepted M1.17/G2 canonical repository.
M1.2,v0.2R2_ACCEPTED,04_M1_2/catalogs/M1_2_RUN_CONFIGURATION.json,Module_1/1.02_Deterministic_Merchant_Population/v0.2R2_ACCEPTED/docs/catalogs/M1_2_RUN_CONFIGURATION.json,dictionary_configuration_or_control_catalog,CANONICAL_BYTE_COPY,1079,919451520e541112b121bff9b73324eff691b8e3025bf2bb4617744028b08f45,919451520e541112b121bff9b73324eff691b8e3025bf2bb4617744028b08f45,FINAL_M1_17_REVALIDATED,Byte-identical copy from the accepted M1.17/G2 canonical repository.
PUBLICATION,module-1-g2-v1.0.0,,Module_1/1.02_Deterministic_Merchant_Population/v0.2R2_ACCEPTED/docs/CORRECTION_HISTORY.md,github_publication_derivative,GITHUB_DERIVED_DOCUMENT,,,e906c0b3e40b8317f465e10c648ce68ef6c4f5a916eaf4ee9444768064be7ee3,FINAL_G2_PUBLICATION,Generated for the public GitHub projection; does not alter canonical accepted database evidence.
M1.2,v0.2R2_ACCEPTED,04_M1_2/docs/M1_2_DESIGN_AND_GENERATION_SPECIFICATION.md,Module_1/1.02_Deterministic_Merchant_Population/v0.2R2_ACCEPTED/docs/M1_2_DESIGN_AND_GENERATION_SPECIFICATION.md,technical_documentation,CANONICAL_BYTE_COPY,6009,30205540174082b13ebbca289f200dc050a6e5b804b034ce9862b1ed3cfe57eb,30205540174082b13ebbca289f200dc050a6e5b804b034ce9862b1ed3cfe57eb,FINAL_M1_17_REVALIDATED,Byte-identical copy from the accepted M1.17/G2 canonical repository.
M1.2,v0.2R2_ACCEPTED,04_M1_2/docs/M1_2_EXECUTION_AND_VALIDATION_GUIDE.md,Module_1/1.02_Deterministic_Merchant_Population/v0.2R2_ACCEPTED/docs/M1_2_EXECUTION_AND_VALIDATION_GUIDE.md,technical_documentation,CANONICAL_BYTE_COPY,17628,f7689651145768c36a27338104cb6c14fc6603e8ae28a03bfdcc6dd29696078e,f7689651145768c36a27338104cb6c14fc6603e8ae28a03bfdcc6dd29696078e,FINAL_M1_17_REVALIDATED,Byte-identical copy from the accepted M1.17/G2 canonical repository.
M1.2,v0.2R2_ACCEPTED,04_M1_2/docs/M1_2_VALIDATION_MATRIX.md,Module_1/1.02_Deterministic_Merchant_Population/v0.2R2_ACCEPTED/docs/M1_2_VALIDATION_MATRIX.md,technical_documentation,CANONICAL_BYTE_COPY,2100,4fd3c9f768c58db871aa01e99bd27b5a8394aea816dc62f05d0ca7c58a29b13a,4fd3c9f768c58db871aa01e99bd27b5a8394aea816dc62f05d0ca7c58a29b13a,FINAL_M1_17_REVALIDATED,Byte-identical copy from the accepted M1.17/G2 canonical repository.
M1.2,v0.2R2_ACCEPTED,04_M1_2/RELEASE_NOTES.md,Module_1/1.02_Deterministic_Merchant_Population/v0.2R2_ACCEPTED/docs/RELEASE_NOTES.md,release_and_execution_context,CANONICAL_BYTE_COPY,2342,5be2ea98bb60be48b62ebfe7b4d4b75bbe6473c2e7e6e28c56519c98c7dbbad6,5be2ea98bb60be48b62ebfe7b4d4b75bbe6473c2e7e6e28c56519c98c7dbbad6,FINAL_M1_17_REVALIDATED,Byte-identical copy from the accepted M1.17/G2 canonical repository.
PUBLICATION,module-1-g2-v1.0.0,,Module_1/1.02_Deterministic_Merchant_Population/v0.2R2_ACCEPTED/outputs/README.md,github_publication_derivative,GITHUB_DERIVED_DOCUMENT,,,313077175f408eb74ab02178498a661f20bd19fcd8d6db7b52a7c9ab760ac551,FINAL_G2_PUBLICATION,Generated for the public GitHub projection; does not alter canonical accepted database evidence.
PUBLICATION,module-1-g2-v1.0.0,,Module_1/1.02_Deterministic_Merchant_Population/v0.2R2_ACCEPTED/RELEASE_METADATA.json,github_publication_derivative,GITHUB_DERIVED_DOCUMENT,,,687bff7253966ccd58fc54003e29a5d530fadb670d7b3e3499dbbfc3280135ce,FINAL_G2_PUBLICATION,Generated for the public GitHub projection; does not alter canonical accepted database evidence.
M1.2,v0.2R2_ACCEPTED,04_M1_2/sql/11_msbf_m1_2_deterministic_merchant_population_v0_2.sql,Module_1/1.02_Deterministic_Merchant_Population/v0.2R2_ACCEPTED/src/11_msbf_m1_2_deterministic_merchant_population_v0_2.sql,accepted_clean_build_sql,CANONICAL_BYTE_COPY,61706,1e716816cb264915c510a4acc7bcb9eb59979a15883e6a74729ba4c6b69b0546,1e716816cb264915c510a4acc7bcb9eb59979a15883e6a74729ba4c6b69b0546,FINAL_M1_17_REVALIDATED,Byte-identical copy from the accepted M1.17/G2 canonical repository.
M1.2,v0.2R2_ACCEPTED,04_M1_2/sql/12_msbf_m1_2_population_validation_v0_2.sql,Module_1/1.02_Deterministic_Merchant_Population/v0.2R2_ACCEPTED/src/12_msbf_m1_2_population_validation_v0_2.sql,accepted_clean_build_sql,CANONICAL_BYTE_COPY,37428,17a4a41022fcd9867f299e228788b8a6c05d7a67e3da188b6c772be9a282028f,17a4a41022fcd9867f299e228788b8a6c05d7a67e3da188b6c772be9a282028f,FINAL_M1_17_REVALIDATED,Byte-identical copy from the accepted M1.17/G2 canonical repository.
M1.2,v0.2R2_ACCEPTED,04_M1_2/sql/13_msbf_m1_2_negative_control_tests_v0_2.sql,Module_1/1.02_Deterministic_Merchant_Population/v0.2R2_ACCEPTED/src/13_msbf_m1_2_negative_control_tests_v0_2.sql,accepted_clean_build_sql,CANONICAL_BYTE_COPY,4574,b20272de972702f0e972c1a488f05a61ecbcbae7bb91b48476f2b863f93d33e9,b20272de972702f0e972c1a488f05a61ecbcbae7bb91b48476f2b863f93d33e9,FINAL_M1_17_REVALIDATED,Byte-identical copy from the accepted M1.17/G2 canonical repository.
M1.2,v0.2R2_ACCEPTED,04_M1_2/sql/14_msbf_m1_2_acceptance_finalize_v0_2.sql,Module_1/1.02_Deterministic_Merchant_Population/v0.2R2_ACCEPTED/src/14_msbf_m1_2_acceptance_finalize_v0_2.sql,accepted_clean_build_sql,CANONICAL_BYTE_COPY,7554,5b3e2075e6a72c395af4c2823613a885cd209d30e7666dcc418e2eeea8a5c2ed,5b3e2075e6a72c395af4c2823613a885cd209d30e7666dcc418e2eeea8a5c2ed,FINAL_M1_17_REVALIDATED,Byte-identical copy from the accepted M1.17/G2 canonical repository.
M1.2,v0.2R2_ACCEPTED,04_M1_2/evidence/M1_2_EVIDENCE_INDEX.md,Module_1/1.02_Deterministic_Merchant_Population/v0.2R2_ACCEPTED/tests/M1_2_EVIDENCE_INDEX.md,accepted_validation_and_signoff,CANONICAL_BYTE_COPY,3519,e6fd190e947ef8ef2e68e3a29b409a36bfba6fed047a4b408233f19e9a120b80,e6fd190e947ef8ef2e68e3a29b409a36bfba6fed047a4b408233f19e9a120b80,FINAL_M1_17_REVALIDATED,Byte-identical copy from the accepted M1.17/G2 canonical repository.
M1.2,v0.2R2_ACCEPTED,04_M1_2/evidence/M1_2_LIVE_EXECUTION_EVIDENCE_REVIEW_AND_SIGNOFF.md,Module_1/1.02_Deterministic_Merchant_Population/v0.2R2_ACCEPTED/tests/M1_2_LIVE_EXECUTION_EVIDENCE_REVIEW_AND_SIGNOFF.md,accepted_validation_and_signoff,CANONICAL_BYTE_COPY,5230,b070cd9be8efd2e43311038394df19db9fe3c4cf88e48c9b74eb8aef96c90a1d,b070cd9be8efd2e43311038394df19db9fe3c4cf88e48c9b74eb8aef96c90a1d,FINAL_M1_17_REVALIDATED,Byte-identical copy from the accepted M1.17/G2 canonical repository.
M1.2,v0.2R2_ACCEPTED,04_M1_2/evidence/M1_2_LIVE_EXECUTION_VALIDATION_SUMMARY_v0_2.json,Module_1/1.02_Deterministic_Merchant_Population/v0.2R2_ACCEPTED/tests/M1_2_LIVE_EXECUTION_VALIDATION_SUMMARY_v0_2.json,accepted_validation_and_signoff,CANONICAL_BYTE_COPY,2667,15f559d6793b87448edc4bb2fe5d13e078a7f61ed4d71b85ec1ea4b03f8f78d9,15f559d6793b87448edc4bb2fe5d13e078a7f61ed4d71b85ec1ea4b03f8f78d9,FINAL_M1_17_REVALIDATED,Byte-identical copy from the accepted M1.17/G2 canonical repository.
M1.2,v0.2R2_ACCEPTED,04_M1_2/evidence/MSBF_M1_2_Deterministic_Merchant_Population_Build_Acceptance_Milestone_v0_2.txt,Module_1/1.02_Deterministic_Merchant_Population/v0.2R2_ACCEPTED/tests/MSBF_M1_2_Deterministic_Merchant_Population_Build_Acceptance_Milestone_v0_2.txt,accepted_validation_and_signoff,CANONICAL_BYTE_COPY,4025,de9a42e6897a3fbe36e8eabc011ccddd890056b134e0c933966eb522ae41c523,de9a42e6897a3fbe36e8eabc011ccddd890056b134e0c933966eb522ae41c523,FINAL_M1_17_REVALIDATED,Byte-identical copy from the accepted M1.17/G2 canonical repository.
M1.2,v0.2R2_ACCEPTED,04_M1_2/PACKAGE_VALIDATION_REPORT.md,Module_1/1.02_Deterministic_Merchant_Population/v0.2R2_ACCEPTED/tests/PACKAGE_VALIDATION_REPORT.md,static_package_validation_summary,CANONICAL_BYTE_COPY,5709,b73bbeb44819520d2be34cc70e72202c410ca9d653b55ef965f351f4558f1625,b73bbeb44819520d2be34cc70e72202c410ca9d653b55ef965f351f4558f1625,FINAL_M1_17_REVALIDATED,Byte-identical copy from the accepted M1.17/G2 canonical repository.
M1.2,v0.2R2_ACCEPTED,04_M1_2/tests/09_msbf_m1_2_failed_generation_recovery_check_v0_2R2.sql,Module_1/1.02_Deterministic_Merchant_Population/v0.2R2_ACCEPTED/tests/review_queries/09_msbf_m1_2_failed_generation_recovery_check_v0_2R2.sql,validation_recovery_reporting_source,CANONICAL_BYTE_COPY,3117,f22da0f1d5326e290139717b52072976e155f8ade5cf855a364d77aba04fa03b,f22da0f1d5326e290139717b52072976e155f8ade5cf855a364d77aba04fa03b,FINAL_M1_17_REVALIDATED,Byte-identical copy from the accepted M1.17/G2 canonical repository.
M1.2,v0.2R2_ACCEPTED,04_M1_2/tests/10_msbf_m1_2_preflight_validation_v0_2.sql,Module_1/1.02_Deterministic_Merchant_Population/v0.2R2_ACCEPTED/tests/review_queries/10_msbf_m1_2_preflight_validation_v0_2.sql,validation_recovery_reporting_source,CANONICAL_BYTE_COPY,10214,977ff2a2a516dcb4ba2864225341bdff8aaa9626071d5e3c1b8ac5f7d23dec20,977ff2a2a516dcb4ba2864225341bdff8aaa9626071d5e3c1b8ac5f7d23dec20,FINAL_M1_17_REVALIDATED,Byte-identical copy from the accepted M1.17/G2 canonical repository.
M1.2,v0.2R2_ACCEPTED,04_M1_2/tests/15_MSBF_M1_2_Deterministic_Merchant_Population_Master_Report_v0_2.sql,Module_1/1.02_Deterministic_Merchant_Population/v0.2R2_ACCEPTED/tests/review_queries/15_MSBF_M1_2_Deterministic_Merchant_Population_Master_Report_v0_2.sql,validation_recovery_reporting_source,CANONICAL_BYTE_COPY,12819,44bb5d35769165afe6b949c055ade72314d6ac65b3c7fffd3f53b5df5520fc83,44bb5d35769165afe6b949c055ade72314d6ac65b3c7fffd3f53b5df5520fc83,FINAL_M1_17_REVALIDATED,Byte-identical copy from the accepted M1.17/G2 canonical repository.
M1.2,v0.2R2_ACCEPTED,04_M1_2/tests/16_MSBF_M1_2_Deterministic_Merchant_Population_Detail_Report_v0_2.sql,Module_1/1.02_Deterministic_Merchant_Population/v0.2R2_ACCEPTED/tests/review_queries/16_MSBF_M1_2_Deterministic_Merchant_Population_Detail_Report_v0_2.sql,validation_recovery_reporting_source,CANONICAL_BYTE_COPY,12751,4529de57d9a164a44cbd255a58118639a48d2818bda15aa43d891e808766e79f,4529de57d9a164a44cbd255a58118639a48d2818bda15aa43d891e808766e79f,FINAL_M1_17_REVALIDATED,Byte-identical copy from the accepted M1.17/G2 canonical repository.
M1.2,v0.2R2_ACCEPTED,04_M1_2/tests/99_m1_2_static_package_validation.py,Module_1/1.02_Deterministic_Merchant_Population/v0.2R2_ACCEPTED/tests/review_queries/99_m1_2_static_package_validation.py,validation_recovery_reporting_source,CANONICAL_BYTE_COPY,17872,8cecc3e2efa6024ec4034a18220d1f61f8372866fc8b98001f56f8c6a5fd040b,8cecc3e2efa6024ec4034a18220d1f61f8372866fc8b98001f56f8c6a5fd040b,FINAL_M1_17_REVALIDATED,Byte-identical copy from the accepted M1.17/G2 canonical repository.
PUBLICATION,module-1-g2-v1.0.0,,Module_1/1.03_Application_and_Requested_Structure/README.md,github_publication_derivative,GITHUB_DERIVED_DOCUMENT,,,91df471b3ee1d3f4b30eca626b1eb143f6a1416ef2c092e02f32f2b8de82477f,FINAL_G2_PUBLICATION,Generated for the public GitHub projection; does not alter canonical accepted database evidence.
M1.3,v0.2R1_ACCEPTED,05_M1_3/catalogs/M1_3_EXECUTION_ORDER.csv,Module_1/1.03_Application_and_Requested_Structure/v0.2R1_ACCEPTED/docs/catalogs/M1_3_EXECUTION_ORDER.csv,dictionary_configuration_or_control_catalog,CANONICAL_BYTE_COPY,920,8ee8a7228b428c4838600f2c89d0f00d2097f43b43b4847df19fc5a886083789,8ee8a7228b428c4838600f2c89d0f00d2097f43b43b4847df19fc5a886083789,FINAL_M1_17_REVALIDATED,Byte-identical copy from the accepted M1.17/G2 canonical repository.
M1.3,v0.2R1_ACCEPTED,05_M1_3/catalogs/M1_3_EXPECTED_RESULTS.json,Module_1/1.03_Application_and_Requested_Structure/v0.2R1_ACCEPTED/docs/catalogs/M1_3_EXPECTED_RESULTS.json,dictionary_configuration_or_control_catalog,CANONICAL_BYTE_COPY,927,ee3239a8c675ba48504a895b545a37d407fff31270e853d23dbcbb3f0919f262,ee3239a8c675ba48504a895b545a37d407fff31270e853d23dbcbb3f0919f262,FINAL_M1_17_REVALIDATED,Byte-identical copy from the accepted M1.17/G2 canonical repository.
M1.3,v0.2R1_ACCEPTED,05_M1_3/catalogs/M1_3_PHYSICAL_DEPENDENCY_COLUMNS.csv,Module_1/1.03_Application_and_Requested_Structure/v0.2R1_ACCEPTED/docs/catalogs/M1_3_PHYSICAL_DEPENDENCY_COLUMNS.csv,dictionary_configuration_or_control_catalog,CANONICAL_BYTE_COPY,78519,698aef66102a1c080146026c0c8fc357a394139082b44f4b8ef3584c24c81c1a,698aef66102a1c080146026c0c8fc357a394139082b44f4b8ef3584c24c81c1a,FINAL_M1_17_REVALIDATED,Byte-identical copy from the accepted M1.17/G2 canonical repository.
M1.3,v0.2R1_ACCEPTED,05_M1_3/catalogs/M1_3_R1_RECOVERY_EXECUTION_ORDER.csv,Module_1/1.03_Application_and_Requested_Structure/v0.2R1_ACCEPTED/docs/catalogs/M1_3_R1_RECOVERY_EXECUTION_ORDER.csv,dictionary_configuration_or_control_catalog,CANONICAL_BYTE_COPY,1008,f02bdb89684de2224fbedda439eb03802d0b76bb9d2cab01a862e4504c1ab783,f02bdb89684de2224fbedda439eb03802d0b76bb9d2cab01a862e4504c1ab783,FINAL_M1_17_REVALIDATED,Byte-identical copy from the accepted M1.17/G2 canonical repository.
M1.3,v0.2R1_ACCEPTED,05_M1_3/catalogs/M1_3_REQUEST_FIELD_DICTIONARY.csv,Module_1/1.03_Application_and_Requested_Structure/v0.2R1_ACCEPTED/docs/catalogs/M1_3_REQUEST_FIELD_DICTIONARY.csv,dictionary_configuration_or_control_catalog,CANONICAL_BYTE_COPY,3236,94b1a47f5594cb62304711cbe4469627078e77eaa0e19f371c08bdc750ffc9b8,94b1a47f5594cb62304711cbe4469627078e77eaa0e19f371c08bdc750ffc9b8,FINAL_M1_17_REVALIDATED,Byte-identical copy from the accepted M1.17/G2 canonical repository.
M1.3,v0.2R1_ACCEPTED,05_M1_3/catalogs/M1_3_RUN_CONFIGURATION.json,Module_1/1.03_Application_and_Requested_Structure/v0.2R1_ACCEPTED/docs/catalogs/M1_3_RUN_CONFIGURATION.json,dictionary_configuration_or_control_catalog,CANONICAL_BYTE_COPY,1063,30ef8811b8b414a876c2933da5e836cc0153227d9948ac97627377f56c6fcf27,30ef8811b8b414a876c2933da5e836cc0153227d9948ac97627377f56c6fcf27,FINAL_M1_17_REVALIDATED,Byte-identical copy from the accepted M1.17/G2 canonical repository.
PUBLICATION,module-1-g2-v1.0.0,,Module_1/1.03_Application_and_Requested_Structure/v0.2R1_ACCEPTED/docs/CORRECTION_HISTORY.md,github_publication_derivative,GITHUB_DERIVED_DOCUMENT,,,63cc90717f3680e5d878ab359ee5bb1d82e1e416f0360a649187b3ae20b88992,FINAL_G2_PUBLICATION,Generated for the public GitHub projection; does not alter canonical accepted database evidence.
M1.3,v0.2R1_ACCEPTED,05_M1_3/docs/M1_3_DESIGN_AND_GENERATION_SPECIFICATION.md,Module_1/1.03_Application_and_Requested_Structure/v0.2R1_ACCEPTED/docs/M1_3_DESIGN_AND_GENERATION_SPECIFICATION.md,technical_documentation,CANONICAL_BYTE_COPY,5776,013ca43808c41768e21a7b84bec150c03f6ad776f7ce5d11327873a327f7cf25,013ca43808c41768e21a7b84bec150c03f6ad776f7ce5d11327873a327f7cf25,FINAL_M1_17_REVALIDATED,Byte-identical copy from the accepted M1.17/G2 canonical repository.
M1.3,v0.2R1_ACCEPTED,05_M1_3/docs/M1_3_EXECUTION_AND_VALIDATION_GUIDE.md,Module_1/1.03_Application_and_Requested_Structure/v0.2R1_ACCEPTED/docs/M1_3_EXECUTION_AND_VALIDATION_GUIDE.md,technical_documentation,CANONICAL_BYTE_COPY,6972,ffcfa8fb9bf5a26fc0202d3658a9668c0493e9d6576b14647df3a81f8dd0ed91,ffcfa8fb9bf5a26fc0202d3658a9668c0493e9d6576b14647df3a81f8dd0ed91,FINAL_M1_17_REVALIDATED,Byte-identical copy from the accepted M1.17/G2 canonical repository.
M1.3,v0.2R1_ACCEPTED,05_M1_3/docs/M1_3_VALIDATION_MATRIX.md,Module_1/1.03_Application_and_Requested_Structure/v0.2R1_ACCEPTED/docs/M1_3_VALIDATION_MATRIX.md,technical_documentation,CANONICAL_BYTE_COPY,5388,a8c191e868bbad75e12961530028f88f609bc1fc66bea3e15076f43c5f90ed37,a8c191e868bbad75e12961530028f88f609bc1fc66bea3e15076f43c5f90ed37,FINAL_M1_17_REVALIDATED,Byte-identical copy from the accepted M1.17/G2 canonical repository.
M1.3,v0.2R1_ACCEPTED,05_M1_3/RELEASE_NOTES.md,Module_1/1.03_Application_and_Requested_Structure/v0.2R1_ACCEPTED/docs/RELEASE_NOTES.md,release_and_execution_context,CANONICAL_BYTE_COPY,2197,ec1d461722e4297b73120e40246ecfa76938e23e80ff187f84267d62c5ca8e00,ec1d461722e4297b73120e40246ecfa76938e23e80ff187f84267d62c5ca8e00,FINAL_M1_17_REVALIDATED,Byte-identical copy from the accepted M1.17/G2 canonical repository.
M1.3,v0.2R1_ACCEPTED,05_M1_3/RELEASE_NOTES_ACCEPTED_v0_2R1.md,Module_1/1.03_Application_and_Requested_Structure/v0.2R1_ACCEPTED/docs/RELEASE_NOTES_ACCEPTED_v0_2R1.md,release_and_execution_context,CANONICAL_BYTE_COPY,1069,0468943123bd4ab603f73c67c64e3e51f7c0d822b89d65953b6d910104b2b01f,0468943123bd4ab603f73c67c64e3e51f7c0d822b89d65953b6d910104b2b01f,FINAL_M1_17_REVALIDATED,Byte-identical copy from the accepted M1.17/G2 canonical repository.
PUBLICATION,module-1-g2-v1.0.0,,Module_1/1.03_Application_and_Requested_Structure/v0.2R1_ACCEPTED/outputs/README.md,github_publication_derivative,GITHUB_DERIVED_DOCUMENT,,,8506d7ad42fe16f9948fac8486ef7771503261d7be514dec44cec10fcad95b23,FINAL_G2_PUBLICATION,Generated for the public GitHub projection; does not alter canonical accepted database evidence.
PUBLICATION,module-1-g2-v1.0.0,,Module_1/1.03_Application_and_Requested_Structure/v0.2R1_ACCEPTED/RELEASE_METADATA.json,github_publication_derivative,GITHUB_DERIVED_DOCUMENT,,,dbfc99bb03210ec28ef96a290ba814d1f18095c775c9690781bd583e75dd5b30,FINAL_G2_PUBLICATION,Generated for the public GitHub projection; does not alter canonical accepted database evidence.
M1.3,v0.2R1_ACCEPTED,05_M1_3/sql/18_msbf_m1_3_application_request_generation_v0_2.sql,Module_1/1.03_Application_and_Requested_Structure/v0.2R1_ACCEPTED/src/18_msbf_m1_3_application_request_generation_v0_2.sql,accepted_clean_build_sql,CANONICAL_BYTE_COPY,35505,c2d04031ceed5d3474118b12b6859fdfecfc66fe36d6edbb40417aee4865637a,c2d04031ceed5d3474118b12b6859fdfecfc66fe36d6edbb40417aee4865637a,FINAL_M1_17_REVALIDATED,Byte-identical copy from the accepted M1.17/G2 canonical repository.
M1.3,v0.2R1_ACCEPTED,05_M1_3/sql/19_msbf_m1_3_application_validation_v0_2.sql,Module_1/1.03_Application_and_Requested_Structure/v0.2R1_ACCEPTED/src/19_msbf_m1_3_application_validation_v0_2.sql,accepted_clean_build_sql,CANONICAL_BYTE_COPY,41234,8d77f2c24e3b85f7ebe406b5ce9ca6b8a1106a3914de5b7de6779aa24231a957,8d77f2c24e3b85f7ebe406b5ce9ca6b8a1106a3914de5b7de6779aa24231a957,FINAL_M1_17_REVALIDATED,Byte-identical copy from the accepted M1.17/G2 canonical repository.
M1.3,v0.2R1_ACCEPTED,05_M1_3/sql/20_msbf_m1_3_negative_control_tests_v0_2.sql,Module_1/1.03_Application_and_Requested_Structure/v0.2R1_ACCEPTED/src/20_msbf_m1_3_negative_control_tests_v0_2.sql,accepted_clean_build_sql,CANONICAL_BYTE_COPY,4531,705aac2d767d755fbaec28bb1227e2328b3791da0d5015133314a9be4f16afc0,705aac2d767d755fbaec28bb1227e2328b3791da0d5015133314a9be4f16afc0,FINAL_M1_17_REVALIDATED,Byte-identical copy from the accepted M1.17/G2 canonical repository.
M1.3,v0.2R1_ACCEPTED,05_M1_3/sql/21_msbf_m1_3_acceptance_finalize_v0_2.sql,Module_1/1.03_Application_and_Requested_Structure/v0.2R1_ACCEPTED/src/21_msbf_m1_3_acceptance_finalize_v0_2.sql,accepted_clean_build_sql,CANONICAL_BYTE_COPY,8065,fdf6148395dc408108f612a535226d5abc49ca897f400dad53053e02f302f8d8,fdf6148395dc408108f612a535226d5abc49ca897f400dad53053e02f302f8d8,FINAL_M1_17_REVALIDATED,Byte-identical copy from the accepted M1.17/G2 canonical repository.
M1.3,v0.2R1_ACCEPTED,05_M1_3/evidence/M1_3_EVIDENCE_INDEX.md,Module_1/1.03_Application_and_Requested_Structure/v0.2R1_ACCEPTED/tests/M1_3_EVIDENCE_INDEX.md,accepted_validation_and_signoff,CANONICAL_BYTE_COPY,5068,80bda8fd25a32c1508ffa11f86d225c15ee69dcb3382feb1eaa2c6fa8419fbd1,80bda8fd25a32c1508ffa11f86d225c15ee69dcb3382feb1eaa2c6fa8419fbd1,FINAL_M1_17_REVALIDATED,Byte-identical copy from the accepted M1.17/G2 canonical repository.
M1.3,v0.2R1_ACCEPTED,05_M1_3/evidence/M1_3_LIVE_EXECUTION_EVIDENCE_REVIEW_AND_SIGNOFF.md,Module_1/1.03_Application_and_Requested_Structure/v0.2R1_ACCEPTED/tests/M1_3_LIVE_EXECUTION_EVIDENCE_REVIEW_AND_SIGNOFF.md,accepted_validation_and_signoff,CANONICAL_BYTE_COPY,5406,fb0fa64dd535ac5b34bb6379dfee0e8f62c29b2168ba6da4066d6d4de44cc71a,fb0fa64dd535ac5b34bb6379dfee0e8f62c29b2168ba6da4066d6d4de44cc71a,FINAL_M1_17_REVALIDATED,Byte-identical copy from the accepted M1.17/G2 canonical repository.
M1.3,v0.2R1_ACCEPTED,05_M1_3/evidence/M1_3_LIVE_EXECUTION_VALIDATION_SUMMARY_v0_2R1.json,Module_1/1.03_Application_and_Requested_Structure/v0.2R1_ACCEPTED/tests/M1_3_LIVE_EXECUTION_VALIDATION_SUMMARY_v0_2R1.json,accepted_validation_and_signoff,CANONICAL_BYTE_COPY,2627,2671361c7e2d31797ceecf304a27f2fd7e29415c79ca6720b517e501499c9a89,2671361c7e2d31797ceecf304a27f2fd7e29415c79ca6720b517e501499c9a89,FINAL_M1_17_REVALIDATED,Byte-identical copy from the accepted M1.17/G2 canonical repository.
M1.3,v0.2R1_ACCEPTED,05_M1_3/evidence/MSBF_M1_3_Application_Request_Build_Acceptance_Milestone_v0_2.txt,Module_1/1.03_Application_and_Requested_Structure/v0.2R1_ACCEPTED/tests/MSBF_M1_3_Application_Request_Build_Acceptance_Milestone_v0_2.txt,accepted_validation_and_signoff,CANONICAL_BYTE_COPY,4718,c99c603c83d558e8696bbcdd8f1eab9baa85d73557f88038c624115933b38207,c99c603c83d558e8696bbcdd8f1eab9baa85d73557f88038c624115933b38207,FINAL_M1_17_REVALIDATED,Byte-identical copy from the accepted M1.17/G2 canonical repository.
M1.3,v0.2R1_ACCEPTED,05_M1_3/PACKAGE_VALIDATION_REPORT.md,Module_1/1.03_Application_and_Requested_Structure/v0.2R1_ACCEPTED/tests/PACKAGE_VALIDATION_REPORT.md,static_package_validation_summary,CANONICAL_BYTE_COPY,3366,4cc2f7e5081c72010fc2c8e5148ee9cd46c5cfffdb589883b3fc5e8918ad82d7,4cc2f7e5081c72010fc2c8e5148ee9cd46c5cfffdb589883b3fc5e8918ad82d7,FINAL_M1_17_REVALIDATED,Byte-identical copy from the accepted M1.17/G2 canonical repository.
M1.3,v0.2R1_ACCEPTED,05_M1_3/tests/16_msbf_m1_3_failed_validation_recovery_check_v0_2R1.sql,Module_1/1.03_Application_and_Requested_Structure/v0.2R1_ACCEPTED/tests/review_queries/16_msbf_m1_3_failed_validation_recovery_check_v0_2R1.sql,validation_recovery_reporting_source,CANONICAL_BYTE_COPY,8618,2063298db518b89ababecedee2c3a499ad6bb2d426f548a771b901dcf1e73ea3,2063298db518b89ababecedee2c3a499ad6bb2d426f548a771b901dcf1e73ea3,FINAL_M1_17_REVALIDATED,Byte-identical copy from the accepted M1.17/G2 canonical repository.
M1.3,v0.2R1_ACCEPTED,05_M1_3/tests/17_msbf_m1_3_preflight_validation_v0_2.sql,Module_1/1.03_Application_and_Requested_Structure/v0.2R1_ACCEPTED/tests/review_queries/17_msbf_m1_3_preflight_validation_v0_2.sql,validation_recovery_reporting_source,CANONICAL_BYTE_COPY,11666,6cae7e96dff46ab4146a391c91438dd331e5a6bd76a0b273cc412d9d5af634d9,6cae7e96dff46ab4146a391c91438dd331e5a6bd76a0b273cc412d9d5af634d9,FINAL_M1_17_REVALIDATED,Byte-identical copy from the accepted M1.17/G2 canonical repository.
M1.3,v0.2R1_ACCEPTED,05_M1_3/tests/22_MSBF_M1_3_Application_Request_Master_Report_v0_2.sql,Module_1/1.03_Application_and_Requested_Structure/v0.2R1_ACCEPTED/tests/review_queries/22_MSBF_M1_3_Application_Request_Master_Report_v0_2.sql,validation_recovery_reporting_source,CANONICAL_BYTE_COPY,12460,a207aa4a74fb4a165361f2479296c7734bc8b3655eb3f8ba390559124c0b460e,a207aa4a74fb4a165361f2479296c7734bc8b3655eb3f8ba390559124c0b460e,FINAL_M1_17_REVALIDATED,Byte-identical copy from the accepted M1.17/G2 canonical repository.
M1.3,v0.2R1_ACCEPTED,05_M1_3/tests/23_MSBF_M1_3_Application_Request_Detail_Report_v0_2.sql,Module_1/1.03_Application_and_Requested_Structure/v0.2R1_ACCEPTED/tests/review_queries/23_MSBF_M1_3_Application_Request_Detail_Report_v0_2.sql,validation_recovery_reporting_source,CANONICAL_BYTE_COPY,11963,51c84c5010307c3d1fba187bf97f24303da70d07460fe21bb641e99509fd94c8,51c84c5010307c3d1fba187bf97f24303da70d07460fe21bb641e99509fd94c8,FINAL_M1_17_REVALIDATED,Byte-identical copy from the accepted M1.17/G2 canonical repository.
M1.3,v0.2R1_ACCEPTED,05_M1_3/tests/99_m1_3_static_package_validation.py,Module_1/1.03_Application_and_Requested_Structure/v0.2R1_ACCEPTED/tests/review_queries/99_m1_3_static_package_validation.py,validation_recovery_reporting_source,CANONICAL_BYTE_COPY,12015,f3f184a470d4d0c0f284ed44ffe1fe71729561e21d7da5e5e6816b7e3011875f,f3f184a470d4d0c0f284ed44ffe1fe71729561e21d7da5e5e6816b7e3011875f,FINAL_M1_17_REVALIDATED,Byte-identical copy from the accepted M1.17/G2 canonical repository.
PUBLICATION,module-1-g2-v1.0.0,,Module_1/1.04_Daily_POS_Settlement_and_Ecosystem/README.md,github_publication_derivative,GITHUB_DERIVED_DOCUMENT,,,2bb48518bd1f422c0ae235baa4e0731a6573c1839d33b4f5c91655dbf65ea515,FINAL_G2_PUBLICATION,Generated for the public GitHub projection; does not alter canonical accepted database evidence.
M1.4,v0.2_ACCEPTED,06_M1_4/catalogs/M1_4_EXECUTION_ORDER.csv,Module_1/1.04_Daily_POS_Settlement_and_Ecosystem/v0.2_ACCEPTED/docs/catalogs/M1_4_EXECUTION_ORDER.csv,dictionary_configuration_or_control_catalog,CANONICAL_BYTE_COPY,1069,336c6359e911c15dd1d1c623135a7b6360635ffb0833da44807821f1aa0e5f06,336c6359e911c15dd1d1c623135a7b6360635ffb0833da44807821f1aa0e5f06,FINAL_M1_17_REVALIDATED,Byte-identical copy from the accepted M1.17/G2 canonical repository.
M1.4,v0.2_ACCEPTED,06_M1_4/catalogs/M1_4_EXPECTED_RESULTS.json,Module_1/1.04_Daily_POS_Settlement_and_Ecosystem/v0.2_ACCEPTED/docs/catalogs/M1_4_EXPECTED_RESULTS.json,dictionary_configuration_or_control_catalog,CANONICAL_BYTE_COPY,1545,b4653fee6c3fbdc4d9d8a75e5b6667ea13bfd3c41fb28dc3e6dd20b3a59d4a6a,b4653fee6c3fbdc4d9d8a75e5b6667ea13bfd3c41fb28dc3e6dd20b3a59d4a6a,FINAL_M1_17_REVALIDATED,Byte-identical copy from the accepted M1.17/G2 canonical repository.
M1.4,v0.2_ACCEPTED,06_M1_4/catalogs/M1_4_FIELD_DICTIONARY.csv,Module_1/1.04_Daily_POS_Settlement_and_Ecosystem/v0.2_ACCEPTED/docs/catalogs/M1_4_FIELD_DICTIONARY.csv,dictionary_configuration_or_control_catalog,CANONICAL_BYTE_COPY,3743,00eaa7d3b73e3a2245ae6a0fab5096d549c90123b70a1b174af4d6d028cbe82b,00eaa7d3b73e3a2245ae6a0fab5096d549c90123b70a1b174af4d6d028cbe82b,FINAL_M1_17_REVALIDATED,Byte-identical copy from the accepted M1.17/G2 canonical repository.
M1.4,v0.2_ACCEPTED,06_M1_4/catalogs/M1_4_PHYSICAL_DEPENDENCY_COLUMNS.csv,Module_1/1.04_Daily_POS_Settlement_and_Ecosystem/v0.2_ACCEPTED/docs/catalogs/M1_4_PHYSICAL_DEPENDENCY_COLUMNS.csv,dictionary_configuration_or_control_catalog,CANONICAL_BYTE_COPY,55984,4b21c41bfa7710009ea022c3f0d868e0bd789b897ead47f5ac07e2879f3faae6,4b21c41bfa7710009ea022c3f0d868e0bd789b897ead47f5ac07e2879f3faae6,FINAL_M1_17_REVALIDATED,Byte-identical copy from the accepted M1.17/G2 canonical repository.
M1.4,v0.2_ACCEPTED,06_M1_4/catalogs/M1_4_RUN_CONFIGURATION.json,Module_1/1.04_Daily_POS_Settlement_and_Ecosystem/v0.2_ACCEPTED/docs/catalogs/M1_4_RUN_CONFIGURATION.json,dictionary_configuration_or_control_catalog,CANONICAL_BYTE_COPY,1504,eddccd1193491d29c74b1a3a1e13e90e1a57153a46c599ba8c407b95bdb83aab,eddccd1193491d29c74b1a3a1e13e90e1a57153a46c599ba8c407b95bdb83aab,FINAL_M1_17_REVALIDATED,Byte-identical copy from the accepted M1.17/G2 canonical repository.
PUBLICATION,module-1-g2-v1.0.0,,Module_1/1.04_Daily_POS_Settlement_and_Ecosystem/v0.2_ACCEPTED/docs/CORRECTION_HISTORY.md,github_publication_derivative,GITHUB_DERIVED_DOCUMENT,,,34b5424a57a40c34c4df4ff142948bf4617e63f1da39e2039fb9a9e12ba1f219,FINAL_G2_PUBLICATION,Generated for the public GitHub projection; does not alter canonical accepted database evidence.
M1.4,v0.2_ACCEPTED,06_M1_4/docs/M1_4_DESIGN_AND_GENERATION_SPECIFICATION.md,Module_1/1.04_Daily_POS_Settlement_and_Ecosystem/v0.2_ACCEPTED/docs/M1_4_DESIGN_AND_GENERATION_SPECIFICATION.md,technical_documentation,CANONICAL_BYTE_COPY,9289,2068f2b38eba28171272b2e0e4c62310d82b59b77171bc98b333b26f2de1fccf,2068f2b38eba28171272b2e0e4c62310d82b59b77171bc98b333b26f2de1fccf,FINAL_M1_17_REVALIDATED,Byte-identical copy from the accepted M1.17/G2 canonical repository.
M1.4,v0.2_ACCEPTED,06_M1_4/docs/M1_4_EXECUTION_AND_VALIDATION_GUIDE.md,Module_1/1.04_Daily_POS_Settlement_and_Ecosystem/v0.2_ACCEPTED/docs/M1_4_EXECUTION_AND_VALIDATION_GUIDE.md,technical_documentation,CANONICAL_BYTE_COPY,8155,fb59a9df8c79ca2620ab8e3b1a83301e28f0ad360280919c5c0568985f89e3b2,fb59a9df8c79ca2620ab8e3b1a83301e28f0ad360280919c5c0568985f89e3b2,FINAL_M1_17_REVALIDATED,Byte-identical copy from the accepted M1.17/G2 canonical repository.
M1.4,v0.2_ACCEPTED,06_M1_4/docs/M1_4_VALIDATION_MATRIX.md,Module_1/1.04_Daily_POS_Settlement_and_Ecosystem/v0.2_ACCEPTED/docs/M1_4_VALIDATION_MATRIX.md,technical_documentation,CANONICAL_BYTE_COPY,6146,1c0ab6afda331e5a829a7a6fc1d11805f2abf15f13b31b57c21fb0efaecc35d8,1c0ab6afda331e5a829a7a6fc1d11805f2abf15f13b31b57c21fb0efaecc35d8,FINAL_M1_17_REVALIDATED,Byte-identical copy from the accepted M1.17/G2 canonical repository.
M1.4,v0.2_ACCEPTED,06_M1_4/RELEASE_NOTES.md,Module_1/1.04_Daily_POS_Settlement_and_Ecosystem/v0.2_ACCEPTED/docs/RELEASE_NOTES.md,release_and_execution_context,CANONICAL_BYTE_COPY,1665,e6f0d36880bce26f9d1832897b2a4a35ad5805291ad21ce047e3d83b20d8d266,e6f0d36880bce26f9d1832897b2a4a35ad5805291ad21ce047e3d83b20d8d266,FINAL_M1_17_REVALIDATED,Byte-identical copy from the accepted M1.17/G2 canonical repository.
M1.4,v0.2_ACCEPTED,06_M1_4/RELEASE_NOTES_ACCEPTED_v0_2.md,Module_1/1.04_Daily_POS_Settlement_and_Ecosystem/v0.2_ACCEPTED/docs/RELEASE_NOTES_ACCEPTED_v0_2.md,release_and_execution_context,CANONICAL_BYTE_COPY,1697,56b4b233e2d19746d28bc31874917cb8ef25744ed0e23ebfcb969b92870ad728,56b4b233e2d19746d28bc31874917cb8ef25744ed0e23ebfcb969b92870ad728,FINAL_M1_17_REVALIDATED,Byte-identical copy from the accepted M1.17/G2 canonical repository.
PUBLICATION,module-1-g2-v1.0.0,,Module_1/1.04_Daily_POS_Settlement_and_Ecosystem/v0.2_ACCEPTED/outputs/README.md,github_publication_derivative,GITHUB_DERIVED_DOCUMENT,,,74abe07e4acfbd92c0a908d9b4b946704757db22c6873604df0b1aa1bb6473de,FINAL_G2_PUBLICATION,Generated for the public GitHub projection; does not alter canonical accepted database evidence.
PUBLICATION,module-1-g2-v1.0.0,,Module_1/1.04_Daily_POS_Settlement_and_Ecosystem/v0.2_ACCEPTED/RELEASE_METADATA.json,github_publication_derivative,GITHUB_DERIVED_DOCUMENT,,,a7622a28d0bb201e549c1d374fd17426593abf73b628c7d1618bae5064e76bc0,FINAL_G2_PUBLICATION,Generated for the public GitHub projection; does not alter canonical accepted database evidence.
M1.4,v0.2_ACCEPTED,06_M1_4/sql/25_msbf_m1_4_enterprise_merchant_ecosystem_generation_v0_2.sql,Module_1/1.04_Daily_POS_Settlement_and_Ecosystem/v0.2_ACCEPTED/src/25_msbf_m1_4_enterprise_merchant_ecosystem_generation_v0_2.sql,accepted_clean_build_sql,CANONICAL_BYTE_COPY,45224,29e2ae3477ca24ab982c11ce9f6e9027c2e3f09ee49f8a843721e418e1bbbc85,29e2ae3477ca24ab982c11ce9f6e9027c2e3f09ee49f8a843721e418e1bbbc85,FINAL_M1_17_REVALIDATED,Byte-identical copy from the accepted M1.17/G2 canonical repository.
M1.4,v0.2_ACCEPTED,06_M1_4/sql/26_msbf_m1_4_enterprise_merchant_ecosystem_validation_v0_2.sql,Module_1/1.04_Daily_POS_Settlement_and_Ecosystem/v0.2_ACCEPTED/src/26_msbf_m1_4_enterprise_merchant_ecosystem_validation_v0_2.sql,accepted_clean_build_sql,CANONICAL_BYTE_COPY,38956,ac8cc4bc431f33455507b63a36ee92b0d4c3aa16cdf99927a8b0ba40d241edb8,ac8cc4bc431f33455507b63a36ee92b0d4c3aa16cdf99927a8b0ba40d241edb8,FINAL_M1_17_REVALIDATED,Byte-identical copy from the accepted M1.17/G2 canonical repository.
M1.4,v0.2_ACCEPTED,06_M1_4/sql/27_msbf_m1_4_negative_control_tests_v0_2.sql,Module_1/1.04_Daily_POS_Settlement_and_Ecosystem/v0.2_ACCEPTED/src/27_msbf_m1_4_negative_control_tests_v0_2.sql,accepted_clean_build_sql,CANONICAL_BYTE_COPY,5909,f8a435aa8541b07394064e8af4f2d40bf05e3c2c06f7fdac7bb3855f1cba3fd5,f8a435aa8541b07394064e8af4f2d40bf05e3c2c06f7fdac7bb3855f1cba3fd5,FINAL_M1_17_REVALIDATED,Byte-identical copy from the accepted M1.17/G2 canonical repository.
M1.4,v0.2_ACCEPTED,06_M1_4/sql/28_msbf_m1_4_acceptance_finalize_v0_2.sql,Module_1/1.04_Daily_POS_Settlement_and_Ecosystem/v0.2_ACCEPTED/src/28_msbf_m1_4_acceptance_finalize_v0_2.sql,accepted_clean_build_sql,CANONICAL_BYTE_COPY,8486,ba9e8d8a455493965894fb141804cd55f033366f183977e61c0e15536fe87d9c,ba9e8d8a455493965894fb141804cd55f033366f183977e61c0e15536fe87d9c,FINAL_M1_17_REVALIDATED,Byte-identical copy from the accepted M1.17/G2 canonical repository.
M1.4,v0.2_ACCEPTED,06_M1_4/evidence/M1_4_EVIDENCE_INDEX.md,Module_1/1.04_Daily_POS_Settlement_and_Ecosystem/v0.2_ACCEPTED/tests/M1_4_EVIDENCE_INDEX.md,accepted_validation_and_signoff,CANONICAL_BYTE_COPY,1539,9a55b3da2fc42a8305a3f16650ac15ea98db29af901e91c5a5b105ac77b48801,9a55b3da2fc42a8305a3f16650ac15ea98db29af901e91c5a5b105ac77b48801,FINAL_M1_17_REVALIDATED,Byte-identical copy from the accepted M1.17/G2 canonical repository.
M1.4,v0.2_ACCEPTED,06_M1_4/evidence/M1_4_LIVE_EXECUTION_EVIDENCE_REVIEW_AND_SIGNOFF.md,Module_1/1.04_Daily_POS_Settlement_and_Ecosystem/v0.2_ACCEPTED/tests/M1_4_LIVE_EXECUTION_EVIDENCE_REVIEW_AND_SIGNOFF.md,accepted_validation_and_signoff,CANONICAL_BYTE_COPY,5135,ce74bbbc8a244c7df49d3bb577afc4780e09c8a97bd3d6745b042156f1a1c1eb,ce74bbbc8a244c7df49d3bb577afc4780e09c8a97bd3d6745b042156f1a1c1eb,FINAL_M1_17_REVALIDATED,Byte-identical copy from the accepted M1.17/G2 canonical repository.
M1.4,v0.2_ACCEPTED,06_M1_4/evidence/M1_4_LIVE_EXECUTION_VALIDATION_SUMMARY_v0_2.json,Module_1/1.04_Daily_POS_Settlement_and_Ecosystem/v0.2_ACCEPTED/tests/M1_4_LIVE_EXECUTION_VALIDATION_SUMMARY_v0_2.json,accepted_validation_and_signoff,CANONICAL_BYTE_COPY,2275,f271dc7956c42b333769d0bbfe40d2973e3ccbef111de05b533270ce3c055bed,f271dc7956c42b333769d0bbfe40d2973e3ccbef111de05b533270ce3c055bed,FINAL_M1_17_REVALIDATED,Byte-identical copy from the accepted M1.17/G2 canonical repository.
M1.4,v0.2_ACCEPTED,06_M1_4/evidence/MSBF_M1_4_Enterprise_Merchant_Ecosystem_Build_Acceptance_Milestone_v0_2.txt,Module_1/1.04_Daily_POS_Settlement_and_Ecosystem/v0.2_ACCEPTED/tests/MSBF_M1_4_Enterprise_Merchant_Ecosystem_Build_Acceptance_Milestone_v0_2.txt,accepted_validation_and_signoff,CANONICAL_BYTE_COPY,3485,6661596417120be7797db5036c074bb0e9dc62b30535e1e4cfb0548de7c983c4,6661596417120be7797db5036c074bb0e9dc62b30535e1e4cfb0548de7c983c4,FINAL_M1_17_REVALIDATED,Byte-identical copy from the accepted M1.17/G2 canonical repository.
M1.4,v0.2_ACCEPTED,06_M1_4/PACKAGE_VALIDATION_REPORT.md,Module_1/1.04_Daily_POS_Settlement_and_Ecosystem/v0.2_ACCEPTED/tests/PACKAGE_VALIDATION_REPORT.md,static_package_validation_summary,CANONICAL_BYTE_COPY,2067,695da351dee874be6e295c68bb903bf0914b14f722a3ac77386701fd65a71cee,695da351dee874be6e295c68bb903bf0914b14f722a3ac77386701fd65a71cee,FINAL_M1_17_REVALIDATED,Byte-identical copy from the accepted M1.17/G2 canonical repository.
M1.4,v0.2_ACCEPTED,06_M1_4/tests/24_msbf_m1_4_preflight_validation_v0_2.sql,Module_1/1.04_Daily_POS_Settlement_and_Ecosystem/v0.2_ACCEPTED/tests/review_queries/24_msbf_m1_4_preflight_validation_v0_2.sql,validation_recovery_reporting_source,CANONICAL_BYTE_COPY,10119,f30dc64a842854b23c3676ca5d1d878b5b0774b26179aecb6f98ed383a6889ad,f30dc64a842854b23c3676ca5d1d878b5b0774b26179aecb6f98ed383a6889ad,FINAL_M1_17_REVALIDATED,Byte-identical copy from the accepted M1.17/G2 canonical repository.
M1.4,v0.2_ACCEPTED,06_M1_4/tests/29_MSBF_M1_4_Enterprise_Merchant_Ecosystem_Master_Report_v0_2.sql,Module_1/1.04_Daily_POS_Settlement_and_Ecosystem/v0.2_ACCEPTED/tests/review_queries/29_MSBF_M1_4_Enterprise_Merchant_Ecosystem_Master_Report_v0_2.sql,validation_recovery_reporting_source,CANONICAL_BYTE_COPY,13566,7548bac2cd8a90c2cf6497e59bacc62853f636169a0d3f86195768a2f604f434,7548bac2cd8a90c2cf6497e59bacc62853f636169a0d3f86195768a2f604f434,FINAL_M1_17_REVALIDATED,Byte-identical copy from the accepted M1.17/G2 canonical repository.
M1.4,v0.2_ACCEPTED,06_M1_4/tests/30_MSBF_M1_4_Enterprise_Merchant_Ecosystem_Detail_Report_v0_2.sql,Module_1/1.04_Daily_POS_Settlement_and_Ecosystem/v0.2_ACCEPTED/tests/review_queries/30_MSBF_M1_4_Enterprise_Merchant_Ecosystem_Detail_Report_v0_2.sql,validation_recovery_reporting_source,CANONICAL_BYTE_COPY,13910,dcfde13f00dcd363337c5d8afce45566aa98839ede4040d6faba36d83263db21,dcfde13f00dcd363337c5d8afce45566aa98839ede4040d6faba36d83263db21,FINAL_M1_17_REVALIDATED,Byte-identical copy from the accepted M1.17/G2 canonical repository.
M1.4,v0.2_ACCEPTED,06_M1_4/tests/99_m1_4_static_package_validation.py,Module_1/1.04_Daily_POS_Settlement_and_Ecosystem/v0.2_ACCEPTED/tests/review_queries/99_m1_4_static_package_validation.py,validation_recovery_reporting_source,CANONICAL_BYTE_COPY,14185,f3e367e494f5e21da890803c24656035a06faff6253ac03336edbd1e6130647a,f3e367e494f5e21da890803c24656035a06faff6253ac03336edbd1e6130647a,FINAL_M1_17_REVALIDATED,Byte-identical copy from the accepted M1.17/G2 canonical repository.
PUBLICATION,module-1-g2-v1.0.0,,Module_1/1.05_Daily_Deposit_and_Liquidity_History/README.md,github_publication_derivative,GITHUB_DERIVED_DOCUMENT,,,517d5190729ac4d270e0404c622724dcda41f327d9eb5fcc59a8aca4d3a3a7b3,FINAL_G2_PUBLICATION,Generated for the public GitHub projection; does not alter canonical accepted database evidence.
M1.5,v0.2R2_ACCEPTED,07_M1_5/ACCEPTED_EXECUTION_PATH.md,Module_1/1.05_Daily_Deposit_and_Liquidity_History/v0.2R2_ACCEPTED/docs/ACCEPTED_EXECUTION_PATH.md,release_and_execution_context,CANONICAL_BYTE_COPY,1000,8a5e9191a5d43c6ce09c63b92fa130586ecbda025a50737f3dcf0049688a8043,8a5e9191a5d43c6ce09c63b92fa130586ecbda025a50737f3dcf0049688a8043,FINAL_M1_17_REVALIDATED,Byte-identical copy from the accepted M1.17/G2 canonical repository.
M1.5,v0.2R2_ACCEPTED,07_M1_5/catalogs/M1_5_EXECUTION_ORDER.csv,Module_1/1.05_Daily_Deposit_and_Liquidity_History/v0.2R2_ACCEPTED/docs/catalogs/M1_5_EXECUTION_ORDER.csv,dictionary_configuration_or_control_catalog,CANONICAL_BYTE_COPY,881,c5c8c4c0bb4dfe3fdba065cc329b6ebb6f95bbdcc402fe7526b7796559f3bf96,c5c8c4c0bb4dfe3fdba065cc329b6ebb6f95bbdcc402fe7526b7796559f3bf96,FINAL_M1_17_REVALIDATED,Byte-identical copy from the accepted M1.17/G2 canonical repository.
M1.5,v0.2R2_ACCEPTED,07_M1_5/catalogs/M1_5_EXPECTED_RESULTS.json,Module_1/1.05_Daily_Deposit_and_Liquidity_History/v0.2R2_ACCEPTED/docs/catalogs/M1_5_EXPECTED_RESULTS.json,dictionary_configuration_or_control_catalog,CANONICAL_BYTE_COPY,615,b45f1b025a2723331ef935758deca26c42162f747d0fdcb6979c4e2674c45c00,b45f1b025a2723331ef935758deca26c42162f747d0fdcb6979c4e2674c45c00,FINAL_M1_17_REVALIDATED,Byte-identical copy from the accepted M1.17/G2 canonical repository.
M1.5,v0.2R2_ACCEPTED,07_M1_5/catalogs/M1_5_FIELD_DICTIONARY.csv,Module_1/1.05_Daily_Deposit_and_Liquidity_History/v0.2R2_ACCEPTED/docs/catalogs/M1_5_FIELD_DICTIONARY.csv,dictionary_configuration_or_control_catalog,CANONICAL_BYTE_COPY,5582,b1acf0b5968cfceac36eeee084e167a344f1ebfbc3c9eea16fdddcefaa9955c9,b1acf0b5968cfceac36eeee084e167a344f1ebfbc3c9eea16fdddcefaa9955c9,FINAL_M1_17_REVALIDATED,Byte-identical copy from the accepted M1.17/G2 canonical repository.
M1.5,v0.2R2_ACCEPTED,07_M1_5/catalogs/M1_5_PHYSICAL_DEPENDENCY_COLUMNS.csv,Module_1/1.05_Daily_Deposit_and_Liquidity_History/v0.2R2_ACCEPTED/docs/catalogs/M1_5_PHYSICAL_DEPENDENCY_COLUMNS.csv,dictionary_configuration_or_control_catalog,CANONICAL_BYTE_COPY,78555,5c139e8bc3cd751e51cfd17c322b06d57ce5773137a1b69a4b6250eda123cd27,5c139e8bc3cd751e51cfd17c322b06d57ce5773137a1b69a4b6250eda123cd27,FINAL_M1_17_REVALIDATED,Byte-identical copy from the accepted M1.17/G2 canonical repository.
M1.5,v0.2R2_ACCEPTED,07_M1_5/catalogs/M1_5_RUN_CONFIGURATION.json,Module_1/1.05_Daily_Deposit_and_Liquidity_History/v0.2R2_ACCEPTED/docs/catalogs/M1_5_RUN_CONFIGURATION.json,dictionary_configuration_or_control_catalog,CANONICAL_BYTE_COPY,1012,ab8036b3a773168bbdaf273c14916b97cf9d1627439e653505ea44ffdfc3368d,ab8036b3a773168bbdaf273c14916b97cf9d1627439e653505ea44ffdfc3368d,FINAL_M1_17_REVALIDATED,Byte-identical copy from the accepted M1.17/G2 canonical repository.
PUBLICATION,module-1-g2-v1.0.0,,Module_1/1.05_Daily_Deposit_and_Liquidity_History/v0.2R2_ACCEPTED/docs/CORRECTION_HISTORY.md,github_publication_derivative,GITHUB_DERIVED_DOCUMENT,,,e0074ba1030bf4d060eaae37748491ad9b9be7e54cbe8d147230006dabdfacfd,FINAL_G2_PUBLICATION,Generated for the public GitHub projection; does not alter canonical accepted database evidence.
M1.5,v0.2R2_ACCEPTED,07_M1_5/docs/M1_5_DESIGN_AND_GENERATION_SPECIFICATION.md,Module_1/1.05_Daily_Deposit_and_Liquidity_History/v0.2R2_ACCEPTED/docs/M1_5_DESIGN_AND_GENERATION_SPECIFICATION.md,technical_documentation,CANONICAL_BYTE_COPY,5304,9a04c756b8c9cf378f7db3fccc27d1f4b3397e6462d3a3b28738e3471ca09089,9a04c756b8c9cf378f7db3fccc27d1f4b3397e6462d3a3b28738e3471ca09089,FINAL_M1_17_REVALIDATED,Byte-identical copy from the accepted M1.17/G2 canonical repository.
M1.5,v0.2R2_ACCEPTED,07_M1_5/docs/M1_5_EXECUTION_AND_VALIDATION_GUIDE.md,Module_1/1.05_Daily_Deposit_and_Liquidity_History/v0.2R2_ACCEPTED/docs/M1_5_EXECUTION_AND_VALIDATION_GUIDE.md,technical_documentation,CANONICAL_BYTE_COPY,5211,2cd9240a678d963d9355ba9e2b4e714e1f9405762d0ccd12eaa5c64484d56907,2cd9240a678d963d9355ba9e2b4e714e1f9405762d0ccd12eaa5c64484d56907,FINAL_M1_17_REVALIDATED,Byte-identical copy from the accepted M1.17/G2 canonical repository.
M1.5,v0.2R2_ACCEPTED,07_M1_5/docs/M1_5_VALIDATION_MATRIX.md,Module_1/1.05_Daily_Deposit_and_Liquidity_History/v0.2R2_ACCEPTED/docs/M1_5_VALIDATION_MATRIX.md,technical_documentation,CANONICAL_BYTE_COPY,6889,07968942fd2e4b2136350a0c806ecbfdf7c72fd26f88fe50b2a8436f0360f729,07968942fd2e4b2136350a0c806ecbfdf7c72fd26f88fe50b2a8436f0360f729,FINAL_M1_17_REVALIDATED,Byte-identical copy from the accepted M1.17/G2 canonical repository.
M1.5,v0.2R2_ACCEPTED,07_M1_5/RELEASE_NOTES_ACCEPTED_v0_2R2.md,Module_1/1.05_Daily_Deposit_and_Liquidity_History/v0.2R2_ACCEPTED/docs/RELEASE_NOTES_ACCEPTED_v0_2R2.md,release_and_execution_context,CANONICAL_BYTE_COPY,1118,cbcb657a7c8a376b9e7b25bc74c6c944fd5b87501df69adf5c71d0ba8bba7df5,cbcb657a7c8a376b9e7b25bc74c6c944fd5b87501df69adf5c71d0ba8bba7df5,FINAL_M1_17_REVALIDATED,Byte-identical copy from the accepted M1.17/G2 canonical repository.
PUBLICATION,module-1-g2-v1.0.0,,Module_1/1.05_Daily_Deposit_and_Liquidity_History/v0.2R2_ACCEPTED/outputs/README.md,github_publication_derivative,GITHUB_DERIVED_DOCUMENT,,,fa09cb426d2999b994fdbf1213c4ee9e18a1c74cc582b0e1e538f543a4c21217,FINAL_G2_PUBLICATION,Generated for the public GitHub projection; does not alter canonical accepted database evidence.
PUBLICATION,module-1-g2-v1.0.0,,Module_1/1.05_Daily_Deposit_and_Liquidity_History/v0.2R2_ACCEPTED/RELEASE_METADATA.json,github_publication_derivative,GITHUB_DERIVED_DOCUMENT,,,32d74ceaa62f7bd60474b10f478d99bc0e5d0cd0bf5b6f52fa05be3db92af92f,FINAL_G2_PUBLICATION,Generated for the public GitHub projection; does not alter canonical accepted database evidence.
M1.5,v0.2R2_ACCEPTED,07_M1_5/sql/32_msbf_m1_5_daily_deposit_liquidity_generation_v0_2.sql,Module_1/1.05_Daily_Deposit_and_Liquidity_History/v0.2R2_ACCEPTED/src/32_msbf_m1_5_daily_deposit_liquidity_generation_v0_2.sql,accepted_clean_build_sql,CANONICAL_BYTE_COPY,41311,14e371316859a5ebd5529fff56028e28ef5bdb9d77cb3419879a8d76f59a5a86,14e371316859a5ebd5529fff56028e28ef5bdb9d77cb3419879a8d76f59a5a86,FINAL_M1_17_REVALIDATED,Byte-identical copy from the accepted M1.17/G2 canonical repository.
M1.5,v0.2R2_ACCEPTED,07_M1_5/sql/33_msbf_m1_5_daily_deposit_liquidity_validation_v0_2.sql,Module_1/1.05_Daily_Deposit_and_Liquidity_History/v0.2R2_ACCEPTED/src/33_msbf_m1_5_daily_deposit_liquidity_validation_v0_2.sql,accepted_clean_build_sql,CANONICAL_BYTE_COPY,39768,88c5a9fedde91d8405e9682b22b3e268d0017f0f1ca7d24c3335193b2b37efa4,88c5a9fedde91d8405e9682b22b3e268d0017f0f1ca7d24c3335193b2b37efa4,FINAL_M1_17_REVALIDATED,Byte-identical copy from the accepted M1.17/G2 canonical repository.
M1.5,v0.2R2_ACCEPTED,07_M1_5/sql/34_msbf_m1_5_negative_control_tests_v0_2.sql,Module_1/1.05_Daily_Deposit_and_Liquidity_History/v0.2R2_ACCEPTED/src/34_msbf_m1_5_negative_control_tests_v0_2.sql,accepted_clean_build_sql,CANONICAL_BYTE_COPY,6031,79e789dba896c446cddab4ad54da6a87460bc69dd055143532272e7dda4bcfaf,79e789dba896c446cddab4ad54da6a87460bc69dd055143532272e7dda4bcfaf,FINAL_M1_17_REVALIDATED,Byte-identical copy from the accepted M1.17/G2 canonical repository.
M1.5,v0.2R2_ACCEPTED,07_M1_5/sql/35_msbf_m1_5_acceptance_finalize_v0_2.sql,Module_1/1.05_Daily_Deposit_and_Liquidity_History/v0.2R2_ACCEPTED/src/35_msbf_m1_5_acceptance_finalize_v0_2.sql,accepted_clean_build_sql,CANONICAL_BYTE_COPY,8674,00bdf7e90ea2bdb987817302cac5045643236fbfdd23a9fd374b57ff18d5c79b,00bdf7e90ea2bdb987817302cac5045643236fbfdd23a9fd374b57ff18d5c79b,FINAL_M1_17_REVALIDATED,Byte-identical copy from the accepted M1.17/G2 canonical repository.
M1.5,v0.2R2_ACCEPTED,07_M1_5/evidence/M1_5_EVIDENCE_INDEX.md,Module_1/1.05_Daily_Deposit_and_Liquidity_History/v0.2R2_ACCEPTED/tests/M1_5_EVIDENCE_INDEX.md,accepted_validation_and_signoff,CANONICAL_BYTE_COPY,1874,f818fab3f9570433a6a7cb2e1da75b41c54ea5a6709d2cd0bf3e0a40ce173a27,f818fab3f9570433a6a7cb2e1da75b41c54ea5a6709d2cd0bf3e0a40ce173a27,FINAL_M1_17_REVALIDATED,Byte-identical copy from the accepted M1.17/G2 canonical repository.
M1.5,v0.2R2_ACCEPTED,07_M1_5/evidence/M1_5_LIVE_EXECUTION_EVIDENCE_REVIEW_AND_SIGNOFF.md,Module_1/1.05_Daily_Deposit_and_Liquidity_History/v0.2R2_ACCEPTED/tests/M1_5_LIVE_EXECUTION_EVIDENCE_REVIEW_AND_SIGNOFF.md,accepted_validation_and_signoff,CANONICAL_BYTE_COPY,2956,127280e85f4a2245c0654ccbfda92d698e20e4e83bb04834b6a3db0e2a8e7934,127280e85f4a2245c0654ccbfda92d698e20e4e83bb04834b6a3db0e2a8e7934,FINAL_M1_17_REVALIDATED,Byte-identical copy from the accepted M1.17/G2 canonical repository.
M1.5,v0.2R2_ACCEPTED,07_M1_5/evidence/M1_5_LIVE_EXECUTION_VALIDATION_SUMMARY_v0_2R2.json,Module_1/1.05_Daily_Deposit_and_Liquidity_History/v0.2R2_ACCEPTED/tests/M1_5_LIVE_EXECUTION_VALIDATION_SUMMARY_v0_2R2.json,accepted_validation_and_signoff,CANONICAL_BYTE_COPY,3116,ed9156e4fbeaf3634162992949ae92d86c75624219b30c975576e803cefd2ea6,ed9156e4fbeaf3634162992949ae92d86c75624219b30c975576e803cefd2ea6,FINAL_M1_17_REVALIDATED,Byte-identical copy from the accepted M1.17/G2 canonical repository.
M1.5,v0.2R2_ACCEPTED,07_M1_5/evidence/MSBF_M1_5_Daily_Deposit_Liquidity_Build_Acceptance_Milestone_v0_2R2.txt,Module_1/1.05_Daily_Deposit_and_Liquidity_History/v0.2R2_ACCEPTED/tests/MSBF_M1_5_Daily_Deposit_Liquidity_Build_Acceptance_Milestone_v0_2R2.txt,accepted_validation_and_signoff,CANONICAL_BYTE_COPY,3518,f13e238024f59a8655073ca6e327db89bfc368f1c9f2d666afc05c058e3d9d00,f13e238024f59a8655073ca6e327db89bfc368f1c9f2d666afc05c058e3d9d00,FINAL_M1_17_REVALIDATED,Byte-identical copy from the accepted M1.17/G2 canonical repository.
M1.5,v0.2R2_ACCEPTED,07_M1_5/PACKAGE_VALIDATION_REPORT.md,Module_1/1.05_Daily_Deposit_and_Liquidity_History/v0.2R2_ACCEPTED/tests/PACKAGE_VALIDATION_REPORT.md,static_package_validation_summary,CANONICAL_BYTE_COPY,1062,83c5b0baaa9ac1f3577d010d3b450b18bb62580775963085d5abfe5714ac58c7,83c5b0baaa9ac1f3577d010d3b450b18bb62580775963085d5abfe5714ac58c7,FINAL_M1_17_REVALIDATED,Byte-identical copy from the accepted M1.17/G2 canonical repository.
M1.5,v0.2R2_ACCEPTED,07_M1_5/tests/31_msbf_m1_5_preflight_validation_v0_2.sql,Module_1/1.05_Daily_Deposit_and_Liquidity_History/v0.2R2_ACCEPTED/tests/review_queries/31_msbf_m1_5_preflight_validation_v0_2.sql,validation_recovery_reporting_source,CANONICAL_BYTE_COPY,11080,1e6341bb7b52ad1106bd0d447dc46ce04a8d42840cbb390082872472bbbf57ff,1e6341bb7b52ad1106bd0d447dc46ce04a8d42840cbb390082872472bbbf57ff,FINAL_M1_17_REVALIDATED,Byte-identical copy from the accepted M1.17/G2 canonical repository.
M1.5,v0.2R2_ACCEPTED,07_M1_5/tests/36_MSBF_M1_5_Daily_Deposit_Liquidity_Master_Report_v0_2.sql,Module_1/1.05_Daily_Deposit_and_Liquidity_History/v0.2R2_ACCEPTED/tests/review_queries/36_MSBF_M1_5_Daily_Deposit_Liquidity_Master_Report_v0_2.sql,validation_recovery_reporting_source,CANONICAL_BYTE_COPY,13630,7ebe8ac21ffed4e8a677cb771c064ed555dd37d86bf21c9668c82f379bb10284,7ebe8ac21ffed4e8a677cb771c064ed555dd37d86bf21c9668c82f379bb10284,FINAL_M1_17_REVALIDATED,Byte-identical copy from the accepted M1.17/G2 canonical repository.
M1.5,v0.2R2_ACCEPTED,07_M1_5/tests/37_MSBF_M1_5_Daily_Deposit_Liquidity_Detail_Report_v0_2.sql,Module_1/1.05_Daily_Deposit_and_Liquidity_History/v0.2R2_ACCEPTED/tests/review_queries/37_MSBF_M1_5_Daily_Deposit_Liquidity_Detail_Report_v0_2.sql,validation_recovery_reporting_source,CANONICAL_BYTE_COPY,14588,d273d9a3c014169ade50efbadf9ee6c775827b99ec15db854a4affef21bac347,d273d9a3c014169ade50efbadf9ee6c775827b99ec15db854a4affef21bac347,FINAL_M1_17_REVALIDATED,Byte-identical copy from the accepted M1.17/G2 canonical repository.
M1.5,v0.2R2_ACCEPTED,07_M1_5/tests/99_m1_5_static_package_validation.py,Module_1/1.05_Daily_Deposit_and_Liquidity_History/v0.2R2_ACCEPTED/tests/review_queries/99_m1_5_static_package_validation.py,validation_recovery_reporting_source,CANONICAL_BYTE_COPY,20349,a07af9d7ccb65e9317d7a9726829e661385d3dd6b05dc98b3edfb9044552c865,a07af9d7ccb65e9317d7a9726829e661385d3dd6b05dc98b3edfb9044552c865,FINAL_M1_17_REVALIDATED,Byte-identical copy from the accepted M1.17/G2 canonical repository.
PUBLICATION,module-1-g2-v1.0.0,,Module_1/1.06_Matched_POS_and_Deposit_Scenarios/README.md,github_publication_derivative,GITHUB_DERIVED_DOCUMENT,,,ec35c9ce8bbe28122dc3959f2bd416c73550531b7bd6ecc7f9e6f8266814c5fd,FINAL_G2_PUBLICATION,Generated for the public GitHub projection; does not alter canonical accepted database evidence.
M1.6,v0.2R3_ACCEPTED,08_M1_6/ACCEPTED_EXECUTION_PATH.md,Module_1/1.06_Matched_POS_and_Deposit_Scenarios/v0.2R3_ACCEPTED/docs/ACCEPTED_EXECUTION_PATH.md,release_and_execution_context,CANONICAL_BYTE_COPY,1939,4df11457ac753432e01b894b7ff5dbe2a2336bcd518df870c74f706e90e6a824,4df11457ac753432e01b894b7ff5dbe2a2336bcd518df870c74f706e90e6a824,FINAL_M1_17_REVALIDATED,Byte-identical copy from the accepted M1.17/G2 canonical repository.
M1.6,v0.2R3_ACCEPTED,08_M1_6/catalogs/M1_6_EXECUTION_ORDER.csv,Module_1/1.06_Matched_POS_and_Deposit_Scenarios/v0.2R3_ACCEPTED/docs/catalogs/M1_6_EXECUTION_ORDER.csv,dictionary_configuration_or_control_catalog,CANONICAL_BYTE_COPY,718,18ceeb359648941515940f0319e402aa22362eb6314008429bf3874d9f03303d,18ceeb359648941515940f0319e402aa22362eb6314008429bf3874d9f03303d,FINAL_M1_17_REVALIDATED,Byte-identical copy from the accepted M1.17/G2 canonical repository.
M1.6,v0.2R3_ACCEPTED,08_M1_6/catalogs/M1_6_EXPECTED_RESULTS.json,Module_1/1.06_Matched_POS_and_Deposit_Scenarios/v0.2R3_ACCEPTED/docs/catalogs/M1_6_EXPECTED_RESULTS.json,dictionary_configuration_or_control_catalog,CANONICAL_BYTE_COPY,1248,c5c24fdb3a4aa2a69a806b0ebe812a1259bb64944c3c96ec54364ec1f3676969,c5c24fdb3a4aa2a69a806b0ebe812a1259bb64944c3c96ec54364ec1f3676969,FINAL_M1_17_REVALIDATED,Byte-identical copy from the accepted M1.17/G2 canonical repository.
M1.6,v0.2R3_ACCEPTED,08_M1_6/catalogs/M1_6_FIELD_DICTIONARY.csv,Module_1/1.06_Matched_POS_and_Deposit_Scenarios/v0.2R3_ACCEPTED/docs/catalogs/M1_6_FIELD_DICTIONARY.csv,dictionary_configuration_or_control_catalog,CANONICAL_BYTE_COPY,14887,a57fba5191b46a27244195cb5770dac09200d85b2e6bbc9b6e1e00ee78157690,a57fba5191b46a27244195cb5770dac09200d85b2e6bbc9b6e1e00ee78157690,FINAL_M1_17_REVALIDATED,Byte-identical copy from the accepted M1.17/G2 canonical repository.
M1.6,v0.2R3_ACCEPTED,08_M1_6/catalogs/M1_6_PHYSICAL_DEPENDENCY_COLUMNS.csv,Module_1/1.06_Matched_POS_and_Deposit_Scenarios/v0.2R3_ACCEPTED/docs/catalogs/M1_6_PHYSICAL_DEPENDENCY_COLUMNS.csv,dictionary_configuration_or_control_catalog,CANONICAL_BYTE_COPY,26220,9af70347dd5caff48574615a777ebc87187bb2a7dd56ef9e29b18f398e8f031e,9af70347dd5caff48574615a777ebc87187bb2a7dd56ef9e29b18f398e8f031e,FINAL_M1_17_REVALIDATED,Byte-identical copy from the accepted M1.17/G2 canonical repository.
M1.6,v0.2R3_ACCEPTED,08_M1_6/catalogs/M1_6_RUN_CONFIGURATION.json,Module_1/1.06_Matched_POS_and_Deposit_Scenarios/v0.2R3_ACCEPTED/docs/catalogs/M1_6_RUN_CONFIGURATION.json,dictionary_configuration_or_control_catalog,CANONICAL_BYTE_COPY,1707,a04020f2f3f2bebff24766dff1685ba2ed3fc47b2b32348882360e2fa0472670,a04020f2f3f2bebff24766dff1685ba2ed3fc47b2b32348882360e2fa0472670,FINAL_M1_17_REVALIDATED,Byte-identical copy from the accepted M1.17/G2 canonical repository.
M1.6,v0.2R3_ACCEPTED,08_M1_6/catalogs/M1_6_SCENARIO_MATRIX.csv,Module_1/1.06_Matched_POS_and_Deposit_Scenarios/v0.2R3_ACCEPTED/docs/catalogs/M1_6_SCENARIO_MATRIX.csv,dictionary_configuration_or_control_catalog,CANONICAL_BYTE_COPY,1645,e3c4a70064761cc2855372dfab50be3a7f064fbc6f3e8d93ba12485c902c1c08,e3c4a70064761cc2855372dfab50be3a7f064fbc6f3e8d93ba12485c902c1c08,FINAL_M1_17_REVALIDATED,Byte-identical copy from the accepted M1.17/G2 canonical repository.
PUBLICATION,module-1-g2-v1.0.0,,Module_1/1.06_Matched_POS_and_Deposit_Scenarios/v0.2R3_ACCEPTED/docs/CORRECTION_HISTORY.md,github_publication_derivative,GITHUB_DERIVED_DOCUMENT,,,940d89c6264869e29bf7d1de7dc5ce0c8d12d1e597a4d04c4ca396bc8fbf852b,FINAL_G2_PUBLICATION,Generated for the public GitHub projection; does not alter canonical accepted database evidence.
M1.6,v0.2R3_ACCEPTED,08_M1_6/docs/M1_6_DESIGN_AND_GENERATION_SPECIFICATION.md,Module_1/1.06_Matched_POS_and_Deposit_Scenarios/v0.2R3_ACCEPTED/docs/M1_6_DESIGN_AND_GENERATION_SPECIFICATION.md,technical_documentation,CANONICAL_BYTE_COPY,4186,d94778396209ad93cd12b6ab331bedc31059c908e754b1cee50d3af4ac4b54c1,d94778396209ad93cd12b6ab331bedc31059c908e754b1cee50d3af4ac4b54c1,FINAL_M1_17_REVALIDATED,Byte-identical copy from the accepted M1.17/G2 canonical repository.
M1.6,v0.2R3_ACCEPTED,08_M1_6/docs/M1_6_EXECUTION_AND_VALIDATION_GUIDE.md,Module_1/1.06_Matched_POS_and_Deposit_Scenarios/v0.2R3_ACCEPTED/docs/M1_6_EXECUTION_AND_VALIDATION_GUIDE.md,technical_documentation,CANONICAL_BYTE_COPY,5413,9372805c597bb6c626ab9f403bf7a9a8d9bdec17b996f5125e25c24eed90099d,9372805c597bb6c626ab9f403bf7a9a8d9bdec17b996f5125e25c24eed90099d,FINAL_M1_17_REVALIDATED,Byte-identical copy from the accepted M1.17/G2 canonical repository.
M1.6,v0.2R3_ACCEPTED,08_M1_6/docs/M1_6_VALIDATION_MATRIX.md,Module_1/1.06_Matched_POS_and_Deposit_Scenarios/v0.2R3_ACCEPTED/docs/M1_6_VALIDATION_MATRIX.md,technical_documentation,CANONICAL_BYTE_COPY,7106,117c83a2d8dbe0a5f09af64d1e2c17752f0fc41a6be7d64f3834b5388ffd1ed3,117c83a2d8dbe0a5f09af64d1e2c17752f0fc41a6be7d64f3834b5388ffd1ed3,FINAL_M1_17_REVALIDATED,Byte-identical copy from the accepted M1.17/G2 canonical repository.
M1.6,v0.2R3_ACCEPTED,08_M1_6/RELEASE_NOTES_ACCEPTED_v0_2R3.md,Module_1/1.06_Matched_POS_and_Deposit_Scenarios/v0.2R3_ACCEPTED/docs/RELEASE_NOTES_ACCEPTED_v0_2R3.md,release_and_execution_context,CANONICAL_BYTE_COPY,1623,e2f908b46b374e944f407fd2d0f96986a7e924aff7ce333a47428f64075b66b6,e2f908b46b374e944f407fd2d0f96986a7e924aff7ce333a47428f64075b66b6,FINAL_M1_17_REVALIDATED,Byte-identical copy from the accepted M1.17/G2 canonical repository.
PUBLICATION,module-1-g2-v1.0.0,,Module_1/1.06_Matched_POS_and_Deposit_Scenarios/v0.2R3_ACCEPTED/outputs/README.md,github_publication_derivative,GITHUB_DERIVED_DOCUMENT,,,bef62b4f4c424a950babf06a4e87034ded0fbeb43af0c4f655492dac251b880c,FINAL_G2_PUBLICATION,Generated for the public GitHub projection; does not alter canonical accepted database evidence.
PUBLICATION,module-1-g2-v1.0.0,,Module_1/1.06_Matched_POS_and_Deposit_Scenarios/v0.2R3_ACCEPTED/RELEASE_METADATA.json,github_publication_derivative,GITHUB_DERIVED_DOCUMENT,,,5ab7e75b50815582f3d9444b3317fc164c4c75276dc1437861a7d7a215b017c1,FINAL_G2_PUBLICATION,Generated for the public GitHub projection; does not alter canonical accepted database evidence.
M1.6,v0.2R3_ACCEPTED,08_M1_6/sql/39_msbf_m1_6_matched_scenario_overlay_generation_v0_2.sql,Module_1/1.06_Matched_POS_and_Deposit_Scenarios/v0.2R3_ACCEPTED/src/39_msbf_m1_6_matched_scenario_overlay_generation_v0_2.sql,accepted_clean_build_sql,CANONICAL_BYTE_COPY,55362,508d8e39e17d74499661cc2761dcbaf7cb7acc4a1df25eede78185693a751b3c,508d8e39e17d74499661cc2761dcbaf7cb7acc4a1df25eede78185693a751b3c,FINAL_M1_17_REVALIDATED,Byte-identical copy from the accepted M1.17/G2 canonical repository.
M1.6,v0.2R3_ACCEPTED,08_M1_6/sql/40_msbf_m1_6_matched_scenario_overlay_validation_v0_2.sql,Module_1/1.06_Matched_POS_and_Deposit_Scenarios/v0.2R3_ACCEPTED/src/40_msbf_m1_6_matched_scenario_overlay_validation_v0_2.sql,accepted_clean_build_sql,CANONICAL_BYTE_COPY,48006,cfcbaae40d292843e6b5144a2b1eadc5b499dac37705d4a519406ab590cd0dd0,cfcbaae40d292843e6b5144a2b1eadc5b499dac37705d4a519406ab590cd0dd0,FINAL_M1_17_REVALIDATED,Byte-identical copy from the accepted M1.17/G2 canonical repository.
M1.6,v0.2R3_ACCEPTED,08_M1_6/sql/41_msbf_m1_6_negative_control_tests_v0_2.sql,Module_1/1.06_Matched_POS_and_Deposit_Scenarios/v0.2R3_ACCEPTED/src/41_msbf_m1_6_negative_control_tests_v0_2.sql,accepted_clean_build_sql,CANONICAL_BYTE_COPY,7134,59af29ba30eb28a7abc23896d3675c3dee63b1649bdca1bb49ddb710806414b3,59af29ba30eb28a7abc23896d3675c3dee63b1649bdca1bb49ddb710806414b3,FINAL_M1_17_REVALIDATED,Byte-identical copy from the accepted M1.17/G2 canonical repository.
M1.6,v0.2R3_ACCEPTED,08_M1_6/sql/42_msbf_m1_6_acceptance_finalize_v0_2.sql,Module_1/1.06_Matched_POS_and_Deposit_Scenarios/v0.2R3_ACCEPTED/src/42_msbf_m1_6_acceptance_finalize_v0_2.sql,accepted_clean_build_sql,CANONICAL_BYTE_COPY,8587,5d0255bfe34b3f7659e7c146b75b3a4184957e774e04e7542b7e1c3c9f13278d,5d0255bfe34b3f7659e7c146b75b3a4184957e774e04e7542b7e1c3c9f13278d,FINAL_M1_17_REVALIDATED,Byte-identical copy from the accepted M1.17/G2 canonical repository.
M1.6,v0.2R3_ACCEPTED,08_M1_6/evidence/M1_6_EVIDENCE_INDEX.md,Module_1/1.06_Matched_POS_and_Deposit_Scenarios/v0.2R3_ACCEPTED/tests/M1_6_EVIDENCE_INDEX.md,accepted_validation_and_signoff,CANONICAL_BYTE_COPY,1934,175a26678acb134c76ac7f4a7556ecf7432de84f952811e6e8061ad9d28b64c0,175a26678acb134c76ac7f4a7556ecf7432de84f952811e6e8061ad9d28b64c0,FINAL_M1_17_REVALIDATED,Byte-identical copy from the accepted M1.17/G2 canonical repository.
M1.6,v0.2R3_ACCEPTED,08_M1_6/evidence/M1_6_LIVE_EXECUTION_EVIDENCE_REVIEW_AND_SIGNOFF.md,Module_1/1.06_Matched_POS_and_Deposit_Scenarios/v0.2R3_ACCEPTED/tests/M1_6_LIVE_EXECUTION_EVIDENCE_REVIEW_AND_SIGNOFF.md,accepted_validation_and_signoff,CANONICAL_BYTE_COPY,4915,9063bcc2d25aa9b133c0fb10519e5026beb13c919dae38b7b6d12e5edbfb8a52,9063bcc2d25aa9b133c0fb10519e5026beb13c919dae38b7b6d12e5edbfb8a52,FINAL_M1_17_REVALIDATED,Byte-identical copy from the accepted M1.17/G2 canonical repository.
M1.6,v0.2R3_ACCEPTED,08_M1_6/evidence/M1_6_LIVE_EXECUTION_VALIDATION_SUMMARY_v0_2R3.json,Module_1/1.06_Matched_POS_and_Deposit_Scenarios/v0.2R3_ACCEPTED/tests/M1_6_LIVE_EXECUTION_VALIDATION_SUMMARY_v0_2R3.json,accepted_validation_and_signoff,CANONICAL_BYTE_COPY,2775,02ca36536760a8d15d6c645cf354cf330b399616abb3a27c8d3f8697796b3a88,02ca36536760a8d15d6c645cf354cf330b399616abb3a27c8d3f8697796b3a88,FINAL_M1_17_REVALIDATED,Byte-identical copy from the accepted M1.17/G2 canonical repository.
M1.6,v0.2R3_ACCEPTED,08_M1_6/evidence/MSBF_M1_6_Matched_Scenario_Overlay_Build_Acceptance_Milestone_v0_2R3.txt,Module_1/1.06_Matched_POS_and_Deposit_Scenarios/v0.2R3_ACCEPTED/tests/MSBF_M1_6_Matched_Scenario_Overlay_Build_Acceptance_Milestone_v0_2R3.txt,accepted_validation_and_signoff,CANONICAL_BYTE_COPY,3952,55db5156756be0b3f2d00562f82323ce4a1de5ba33dc130d4483273ea4676292,55db5156756be0b3f2d00562f82323ce4a1de5ba33dc130d4483273ea4676292,FINAL_M1_17_REVALIDATED,Byte-identical copy from the accepted M1.17/G2 canonical repository.
M1.6,v0.2R3_ACCEPTED,08_M1_6/PACKAGE_VALIDATION_REPORT.md,Module_1/1.06_Matched_POS_and_Deposit_Scenarios/v0.2R3_ACCEPTED/tests/PACKAGE_VALIDATION_REPORT.md,static_package_validation_summary,CANONICAL_BYTE_COPY,3188,1c6913d70efaddfa4b72eecce69ebbee2c1dbb60dd545971c328c4331b691f8c,1c6913d70efaddfa4b72eecce69ebbee2c1dbb60dd545971c328c4331b691f8c,FINAL_M1_17_REVALIDATED,Byte-identical copy from the accepted M1.17/G2 canonical repository.
M1.6,v0.2R3_ACCEPTED,08_M1_6/tests/38_msbf_m1_6_preflight_validation_v0_2.sql,Module_1/1.06_Matched_POS_and_Deposit_Scenarios/v0.2R3_ACCEPTED/tests/review_queries/38_msbf_m1_6_preflight_validation_v0_2.sql,validation_recovery_reporting_source,CANONICAL_BYTE_COPY,11400,40317134371f86d2a918b6d3c52ecaa97d7a9ebd0f18267afcdf09bf80810a11,40317134371f86d2a918b6d3c52ecaa97d7a9ebd0f18267afcdf09bf80810a11,FINAL_M1_17_REVALIDATED,Byte-identical copy from the accepted M1.17/G2 canonical repository.
M1.6,v0.2R3_ACCEPTED,08_M1_6/tests/43_MSBF_M1_6_Matched_Scenario_Overlay_Master_Report_v0_2.sql,Module_1/1.06_Matched_POS_and_Deposit_Scenarios/v0.2R3_ACCEPTED/tests/review_queries/43_MSBF_M1_6_Matched_Scenario_Overlay_Master_Report_v0_2.sql,validation_recovery_reporting_source,CANONICAL_BYTE_COPY,17805,e7ad805f5e908e4795b62db7d5de0144623ad5eaaef2c358415001b037ac4357,e7ad805f5e908e4795b62db7d5de0144623ad5eaaef2c358415001b037ac4357,FINAL_M1_17_REVALIDATED,Byte-identical copy from the accepted M1.17/G2 canonical repository.
M1.6,v0.2R3_ACCEPTED,08_M1_6/tests/44_MSBF_M1_6_Matched_Scenario_Overlay_Detail_Report_v0_2.sql,Module_1/1.06_Matched_POS_and_Deposit_Scenarios/v0.2R3_ACCEPTED/tests/review_queries/44_MSBF_M1_6_Matched_Scenario_Overlay_Detail_Report_v0_2.sql,validation_recovery_reporting_source,CANONICAL_BYTE_COPY,17848,1d4966a414bf00c74ac91fe517b4f71db3e078198ed1f4c2a108846dc80bf7e2,1d4966a414bf00c74ac91fe517b4f71db3e078198ed1f4c2a108846dc80bf7e2,FINAL_M1_17_REVALIDATED,Byte-identical copy from the accepted M1.17/G2 canonical repository.
M1.6,v0.2R3_ACCEPTED,08_M1_6/tests/99_m1_6_static_package_validation.py,Module_1/1.06_Matched_POS_and_Deposit_Scenarios/v0.2R3_ACCEPTED/tests/review_queries/99_m1_6_static_package_validation.py,validation_recovery_reporting_source,CANONICAL_BYTE_COPY,12078,966267029ab1f3da3297c793052fdb64b9163d6ff96ed1c331a1e6e44043a97c,966267029ab1f3da3297c793052fdb64b9163d6ff96ed1c331a1e6e44043a97c,FINAL_M1_17_REVALIDATED,Byte-identical copy from the accepted M1.17/G2 canonical repository.
PUBLICATION,module-1-g2-v1.0.0,,Module_1/1.07_Source_Quality_and_Data_Confidence/README.md,github_publication_derivative,GITHUB_DERIVED_DOCUMENT,,,c94ec7463c9b91c28142c79eec83e06069f1ecc0afc1916662f27c479e9047c8,FINAL_G2_PUBLICATION,Generated for the public GitHub projection; does not alter canonical accepted database evidence.
M1.7,v0.2_ACCEPTED,09_M1_7/ACCEPTED_EXECUTION_PATH.md,Module_1/1.07_Source_Quality_and_Data_Confidence/v0.2_ACCEPTED/docs/ACCEPTED_EXECUTION_PATH.md,release_and_execution_context,CANONICAL_BYTE_COPY,583,c3964481259b6d37d0997b1a57dae1af0e9ec5e66037f3690f7c64c47de283a1,c3964481259b6d37d0997b1a57dae1af0e9ec5e66037f3690f7c64c47de283a1,FINAL_M1_17_REVALIDATED,Byte-identical copy from the accepted M1.17/G2 canonical repository.
M1.7,v0.2_ACCEPTED,09_M1_7/catalogs/M1_7_EXECUTION_ORDER.csv,Module_1/1.07_Source_Quality_and_Data_Confidence/v0.2_ACCEPTED/docs/catalogs/M1_7_EXECUTION_ORDER.csv,dictionary_configuration_or_control_catalog,CANONICAL_BYTE_COPY,858,4be933356940d1bdbe96dba3de48bb5d6e2c0f5130a6bf4c5776889e79642d97,4be933356940d1bdbe96dba3de48bb5d6e2c0f5130a6bf4c5776889e79642d97,FINAL_M1_17_REVALIDATED,Byte-identical copy from the accepted M1.17/G2 canonical repository.
M1.7,v0.2_ACCEPTED,09_M1_7/catalogs/M1_7_EXPECTED_RESULTS.json,Module_1/1.07_Source_Quality_and_Data_Confidence/v0.2_ACCEPTED/docs/catalogs/M1_7_EXPECTED_RESULTS.json,dictionary_configuration_or_control_catalog,CANONICAL_BYTE_COPY,878,660e3ad55775cbd6c520993a77f3d3a23ab64c365616b67ca5976abee4250919,660e3ad55775cbd6c520993a77f3d3a23ab64c365616b67ca5976abee4250919,FINAL_M1_17_REVALIDATED,Byte-identical copy from the accepted M1.17/G2 canonical repository.
M1.7,v0.2_ACCEPTED,09_M1_7/catalogs/M1_7_FIELD_DICTIONARY.csv,Module_1/1.07_Source_Quality_and_Data_Confidence/v0.2_ACCEPTED/docs/catalogs/M1_7_FIELD_DICTIONARY.csv,dictionary_configuration_or_control_catalog,CANONICAL_BYTE_COPY,1913,63d0c6472ca3fc5c047585b51805976108a7cb1bb69d009bbd49aa12490f4734,63d0c6472ca3fc5c047585b51805976108a7cb1bb69d009bbd49aa12490f4734,FINAL_M1_17_REVALIDATED,Byte-identical copy from the accepted M1.17/G2 canonical repository.
M1.7,v0.2_ACCEPTED,09_M1_7/catalogs/M1_7_PHYSICAL_DEPENDENCY_COLUMNS.csv,Module_1/1.07_Source_Quality_and_Data_Confidence/v0.2_ACCEPTED/docs/catalogs/M1_7_PHYSICAL_DEPENDENCY_COLUMNS.csv,dictionary_configuration_or_control_catalog,CANONICAL_BYTE_COPY,77888,7ef30ba5038d3ac8c6fe99d4c3446f9010c6050bd9b13547dc2c603dcf41ee6d,7ef30ba5038d3ac8c6fe99d4c3446f9010c6050bd9b13547dc2c603dcf41ee6d,FINAL_M1_17_REVALIDATED,Byte-identical copy from the accepted M1.17/G2 canonical repository.
M1.7,v0.2_ACCEPTED,09_M1_7/catalogs/M1_7_RUN_CONFIGURATION.json,Module_1/1.07_Source_Quality_and_Data_Confidence/v0.2_ACCEPTED/docs/catalogs/M1_7_RUN_CONFIGURATION.json,dictionary_configuration_or_control_catalog,CANONICAL_BYTE_COPY,1369,4ad3dfbb7c3b2b708390bce91566e5453493470ff397e9ce7fe2086baf633ccf,4ad3dfbb7c3b2b708390bce91566e5453493470ff397e9ce7fe2086baf633ccf,FINAL_M1_17_REVALIDATED,Byte-identical copy from the accepted M1.17/G2 canonical repository.
PUBLICATION,module-1-g2-v1.0.0,,Module_1/1.07_Source_Quality_and_Data_Confidence/v0.2_ACCEPTED/docs/CORRECTION_HISTORY.md,github_publication_derivative,GITHUB_DERIVED_DOCUMENT,,,7b31a160ea0cfe0f99cfb4c24911d13b962aced4f1f3ed126d062db8b1163889,FINAL_G2_PUBLICATION,Generated for the public GitHub projection; does not alter canonical accepted database evidence.
M1.7,v0.2_ACCEPTED,09_M1_7/docs/M1_7_DESIGN_AND_GENERATION_SPECIFICATION.md,Module_1/1.07_Source_Quality_and_Data_Confidence/v0.2_ACCEPTED/docs/M1_7_DESIGN_AND_GENERATION_SPECIFICATION.md,technical_documentation,CANONICAL_BYTE_COPY,4782,9f3dc3ea7cc5bdcc44bcb21c022d92d4bb8e4661b9b6a3945f63fe21069e7fb6,9f3dc3ea7cc5bdcc44bcb21c022d92d4bb8e4661b9b6a3945f63fe21069e7fb6,FINAL_M1_17_REVALIDATED,Byte-identical copy from the accepted M1.17/G2 canonical repository.
M1.7,v0.2_ACCEPTED,09_M1_7/docs/M1_7_EXECUTION_AND_VALIDATION_GUIDE.md,Module_1/1.07_Source_Quality_and_Data_Confidence/v0.2_ACCEPTED/docs/M1_7_EXECUTION_AND_VALIDATION_GUIDE.md,technical_documentation,CANONICAL_BYTE_COPY,4566,d2e9e8d0c1a187f3f780b71e2fba2633f0314a79aaf74242f22147c2c2fb8a5c,d2e9e8d0c1a187f3f780b71e2fba2633f0314a79aaf74242f22147c2c2fb8a5c,FINAL_M1_17_REVALIDATED,Byte-identical copy from the accepted M1.17/G2 canonical repository.
M1.7,v0.2_ACCEPTED,09_M1_7/docs/M1_7_VALIDATION_MATRIX.md,Module_1/1.07_Source_Quality_and_Data_Confidence/v0.2_ACCEPTED/docs/M1_7_VALIDATION_MATRIX.md,technical_documentation,CANONICAL_BYTE_COPY,2239,a609c4cb984325402a97a6f1ce07517b95265f666dc318ae7fd4b302bad1fbe0,a609c4cb984325402a97a6f1ce07517b95265f666dc318ae7fd4b302bad1fbe0,FINAL_M1_17_REVALIDATED,Byte-identical copy from the accepted M1.17/G2 canonical repository.
M1.7,v0.2_ACCEPTED,09_M1_7/RELEASE_NOTES_ACCEPTED_v0_2.md,Module_1/1.07_Source_Quality_and_Data_Confidence/v0.2_ACCEPTED/docs/RELEASE_NOTES_ACCEPTED_v0_2.md,release_and_execution_context,CANONICAL_BYTE_COPY,1184,a4f9c9395c52ffaaf7de5a39f7ea5acee59dbf49d0b3cf9af5ea2514addab4d4,a4f9c9395c52ffaaf7de5a39f7ea5acee59dbf49d0b3cf9af5ea2514addab4d4,FINAL_M1_17_REVALIDATED,Byte-identical copy from the accepted M1.17/G2 canonical repository.
PUBLICATION,module-1-g2-v1.0.0,,Module_1/1.07_Source_Quality_and_Data_Confidence/v0.2_ACCEPTED/outputs/README.md,github_publication_derivative,GITHUB_DERIVED_DOCUMENT,,,735fb19017ef9166f7c8c7ad3bb36829ad37e86878708b29e1543413e9ba48fa,FINAL_G2_PUBLICATION,Generated for the public GitHub projection; does not alter canonical accepted database evidence.
PUBLICATION,module-1-g2-v1.0.0,,Module_1/1.07_Source_Quality_and_Data_Confidence/v0.2_ACCEPTED/RELEASE_METADATA.json,github_publication_derivative,GITHUB_DERIVED_DOCUMENT,,,6909b06d39577d6c1d4949f9a9d27c5e82680f38f5a0d5bcf90672910579dbe3,FINAL_G2_PUBLICATION,Generated for the public GitHub projection; does not alter canonical accepted database evidence.
M1.7,v0.2_ACCEPTED,09_M1_7/sql/46_msbf_m1_7_source_quality_data_confidence_generation_v0_2.sql,Module_1/1.07_Source_Quality_and_Data_Confidence/v0.2_ACCEPTED/src/46_msbf_m1_7_source_quality_data_confidence_generation_v0_2.sql,accepted_clean_build_sql,CANONICAL_BYTE_COPY,44093,f7e00a8617f767cd1d522bab25dc76a83e403271f14a50f710726262a634a3c4,f7e00a8617f767cd1d522bab25dc76a83e403271f14a50f710726262a634a3c4,FINAL_M1_17_REVALIDATED,Byte-identical copy from the accepted M1.17/G2 canonical repository.
M1.7,v0.2_ACCEPTED,09_M1_7/sql/47_msbf_m1_7_source_quality_data_confidence_validation_v0_2.sql,Module_1/1.07_Source_Quality_and_Data_Confidence/v0.2_ACCEPTED/src/47_msbf_m1_7_source_quality_data_confidence_validation_v0_2.sql,accepted_clean_build_sql,CANONICAL_BYTE_COPY,46432,c93b813dbb68cb290c85a7a4d00879750632f823fd1a161e06a83dff1e30eba3,c93b813dbb68cb290c85a7a4d00879750632f823fd1a161e06a83dff1e30eba3,FINAL_M1_17_REVALIDATED,Byte-identical copy from the accepted M1.17/G2 canonical repository.
M1.7,v0.2_ACCEPTED,09_M1_7/sql/48_msbf_m1_7_negative_control_tests_v0_2.sql,Module_1/1.07_Source_Quality_and_Data_Confidence/v0.2_ACCEPTED/src/48_msbf_m1_7_negative_control_tests_v0_2.sql,accepted_clean_build_sql,CANONICAL_BYTE_COPY,7435,7795e84a540bf51fb3ce4aac8fde79685c7d4ce255e1e53c4a388f33dfe07466,7795e84a540bf51fb3ce4aac8fde79685c7d4ce255e1e53c4a388f33dfe07466,FINAL_M1_17_REVALIDATED,Byte-identical copy from the accepted M1.17/G2 canonical repository.
M1.7,v0.2_ACCEPTED,09_M1_7/sql/49_msbf_m1_7_acceptance_finalize_v0_2.sql,Module_1/1.07_Source_Quality_and_Data_Confidence/v0.2_ACCEPTED/src/49_msbf_m1_7_acceptance_finalize_v0_2.sql,accepted_clean_build_sql,CANONICAL_BYTE_COPY,8478,2d48a477e95d372be37bb0ef4bcdc8287160735c604a881a1448cab0fe2b2141,2d48a477e95d372be37bb0ef4bcdc8287160735c604a881a1448cab0fe2b2141,FINAL_M1_17_REVALIDATED,Byte-identical copy from the accepted M1.17/G2 canonical repository.
M1.7,v0.2_ACCEPTED,09_M1_7/evidence/M1_7_EVIDENCE_INDEX.md,Module_1/1.07_Source_Quality_and_Data_Confidence/v0.2_ACCEPTED/tests/M1_7_EVIDENCE_INDEX.md,accepted_validation_and_signoff,CANONICAL_BYTE_COPY,2252,f06175ce6c04b074b5c346067641e7e7d90ea986ee7aaec7fe56322fb0610322,f06175ce6c04b074b5c346067641e7e7d90ea986ee7aaec7fe56322fb0610322,FINAL_M1_17_REVALIDATED,Byte-identical copy from the accepted M1.17/G2 canonical repository.
M1.7,v0.2_ACCEPTED,09_M1_7/evidence/M1_7_LIVE_EXECUTION_EVIDENCE_REVIEW_AND_SIGNOFF.md,Module_1/1.07_Source_Quality_and_Data_Confidence/v0.2_ACCEPTED/tests/M1_7_LIVE_EXECUTION_EVIDENCE_REVIEW_AND_SIGNOFF.md,accepted_validation_and_signoff,CANONICAL_BYTE_COPY,3922,b7d05be89b42ff24a62d4ec8c7ca371883b951ed1a0670a91726cc86622f3df1,b7d05be89b42ff24a62d4ec8c7ca371883b951ed1a0670a91726cc86622f3df1,FINAL_M1_17_REVALIDATED,Byte-identical copy from the accepted M1.17/G2 canonical repository.
M1.7,v0.2_ACCEPTED,09_M1_7/evidence/M1_7_LIVE_EXECUTION_VALIDATION_SUMMARY_v0_2.json,Module_1/1.07_Source_Quality_and_Data_Confidence/v0.2_ACCEPTED/tests/M1_7_LIVE_EXECUTION_VALIDATION_SUMMARY_v0_2.json,accepted_validation_and_signoff,CANONICAL_BYTE_COPY,1986,2cadb0848c2c6e73b90cdc2ee6b3009f3290a1b0465c799a155840583c512964,2cadb0848c2c6e73b90cdc2ee6b3009f3290a1b0465c799a155840583c512964,FINAL_M1_17_REVALIDATED,Byte-identical copy from the accepted M1.17/G2 canonical repository.
M1.7,v0.2_ACCEPTED,09_M1_7/evidence/MSBF_M1_7_Source_Quality_Data_Confidence_Build_Acceptance_Milestone_v0_2.txt,Module_1/1.07_Source_Quality_and_Data_Confidence/v0.2_ACCEPTED/tests/MSBF_M1_7_Source_Quality_Data_Confidence_Build_Acceptance_Milestone_v0_2.txt,accepted_validation_and_signoff,CANONICAL_BYTE_COPY,2497,9bfc1d86f1f2ca911ff5e14a6802f40efc75921793d1a3463a93dc09159240ec,9bfc1d86f1f2ca911ff5e14a6802f40efc75921793d1a3463a93dc09159240ec,FINAL_M1_17_REVALIDATED,Byte-identical copy from the accepted M1.17/G2 canonical repository.
M1.7,v0.2_ACCEPTED,09_M1_7/PACKAGE_VALIDATION_REPORT.md,Module_1/1.07_Source_Quality_and_Data_Confidence/v0.2_ACCEPTED/tests/PACKAGE_VALIDATION_REPORT.md,static_package_validation_summary,CANONICAL_BYTE_COPY,1369,5ea95004708129d6d6fda05c554adc99961cdffde790c7f963d022926c88c3d9,5ea95004708129d6d6fda05c554adc99961cdffde790c7f963d022926c88c3d9,FINAL_M1_17_REVALIDATED,Byte-identical copy from the accepted M1.17/G2 canonical repository.
M1.7,v0.2_ACCEPTED,09_M1_7/tests/45_msbf_m1_7_preflight_validation_v0_2.sql,Module_1/1.07_Source_Quality_and_Data_Confidence/v0.2_ACCEPTED/tests/review_queries/45_msbf_m1_7_preflight_validation_v0_2.sql,validation_recovery_reporting_source,CANONICAL_BYTE_COPY,13692,dcf620e4c0e9fb181cd83d0644ad21613b09d3fd32742b5348fb6cd4f5454cf3,dcf620e4c0e9fb181cd83d0644ad21613b09d3fd32742b5348fb6cd4f5454cf3,FINAL_M1_17_REVALIDATED,Byte-identical copy from the accepted M1.17/G2 canonical repository.
M1.7,v0.2_ACCEPTED,09_M1_7/tests/46A_msbf_m1_7_generation_reconciliation_reconstructed_v0_2.sql,Module_1/1.07_Source_Quality_and_Data_Confidence/v0.2_ACCEPTED/tests/review_queries/46A_msbf_m1_7_generation_reconciliation_reconstructed_v0_2.sql,validation_recovery_reporting_source,CANONICAL_BYTE_COPY,3163,59f5785ab83ee91985d2a1fa8fa140c00c1582b2610ab9c57206fb51d50f4a52,59f5785ab83ee91985d2a1fa8fa140c00c1582b2610ab9c57206fb51d50f4a52,FINAL_M1_17_REVALIDATED,Byte-identical copy from the accepted M1.17/G2 canonical repository.
M1.7,v0.2_ACCEPTED,09_M1_7/tests/50_MSBF_M1_7_Source_Quality_Data_Confidence_Master_Report_v0_2.sql,Module_1/1.07_Source_Quality_and_Data_Confidence/v0.2_ACCEPTED/tests/review_queries/50_MSBF_M1_7_Source_Quality_Data_Confidence_Master_Report_v0_2.sql,validation_recovery_reporting_source,CANONICAL_BYTE_COPY,7456,73207597a9066dc09fb02fe6296a8ee2a0c6ee49d3d85d6d7d5c77a2157a2f95,73207597a9066dc09fb02fe6296a8ee2a0c6ee49d3d85d6d7d5c77a2157a2f95,FINAL_M1_17_REVALIDATED,Byte-identical copy from the accepted M1.17/G2 canonical repository.
M1.7,v0.2_ACCEPTED,09_M1_7/tests/51_MSBF_M1_7_Source_Quality_Data_Confidence_Detail_Report_v0_2.sql,Module_1/1.07_Source_Quality_and_Data_Confidence/v0.2_ACCEPTED/tests/review_queries/51_MSBF_M1_7_Source_Quality_Data_Confidence_Detail_Report_v0_2.sql,validation_recovery_reporting_source,CANONICAL_BYTE_COPY,14308,b7781a096e682c0649ad06522e84af82872915f52ad72361bb83b6ba22fe3094,b7781a096e682c0649ad06522e84af82872915f52ad72361bb83b6ba22fe3094,FINAL_M1_17_REVALIDATED,Byte-identical copy from the accepted M1.17/G2 canonical repository.
M1.7,v0.2_ACCEPTED,09_M1_7/tests/99_m1_7_static_package_validation.py,Module_1/1.07_Source_Quality_and_Data_Confidence/v0.2_ACCEPTED/tests/review_queries/99_m1_7_static_package_validation.py,validation_recovery_reporting_source,CANONICAL_BYTE_COPY,7983,abb21f274eced24b483c44843405446b7ab8acf53ed22cb45064d623e4763245,abb21f274eced24b483c44843405446b7ab8acf53ed22cb45064d623e4763245,FINAL_M1_17_REVALIDATED,Byte-identical copy from the accepted M1.17/G2 canonical repository.
PUBLICATION,module-1-g2-v1.0.0,,Module_1/1.08_Verification_Fraud_and_Continuity/README.md,github_publication_derivative,GITHUB_DERIVED_DOCUMENT,,,6464d82c361c8c540dc277c0852159b77582c807c26b9137f294cf10ba94b4ff,FINAL_G2_PUBLICATION,Generated for the public GitHub projection; does not alter canonical accepted database evidence.
M1.8,v0.2R1_ACCEPTED,10_M1_8/catalogs/M1_8_ACCEPTED_EXECUTION_ORDER_v0_2R1.csv,Module_1/1.08_Verification_Fraud_and_Continuity/v0.2R1_ACCEPTED/docs/catalogs/M1_8_ACCEPTED_EXECUTION_ORDER_v0_2R1.csv,dictionary_configuration_or_control_catalog,CANONICAL_BYTE_COPY,1131,b07c665083c22e8c8b6c7db4a423c42f054069eccb4871411b35f79e32222a4c,b07c665083c22e8c8b6c7db4a423c42f054069eccb4871411b35f79e32222a4c,FINAL_M1_17_REVALIDATED,Byte-identical copy from the accepted M1.17/G2 canonical repository.
M1.8,v0.2R1_ACCEPTED,10_M1_8/catalogs/M1_8_ACCEPTED_EXPECTED_RESULTS_v0_2R1.json,Module_1/1.08_Verification_Fraud_and_Continuity/v0.2R1_ACCEPTED/docs/catalogs/M1_8_ACCEPTED_EXPECTED_RESULTS_v0_2R1.json,dictionary_configuration_or_control_catalog,CANONICAL_BYTE_COPY,715,2b343566ae0f1a082a5760dcdcff009ba50e4b85ae131711b12f5738c6010e9c,2b343566ae0f1a082a5760dcdcff009ba50e4b85ae131711b12f5738c6010e9c,FINAL_M1_17_REVALIDATED,Byte-identical copy from the accepted M1.17/G2 canonical repository.
M1.8,v0.2R1_ACCEPTED,10_M1_8/catalogs/M1_8_EXECUTION_ORDER.csv,Module_1/1.08_Verification_Fraud_and_Continuity/v0.2R1_ACCEPTED/docs/catalogs/M1_8_EXECUTION_ORDER.csv,dictionary_configuration_or_control_catalog,CANONICAL_BYTE_COPY,1206,f2b249a9e8b200fc6519e82be4573318e6a2e406dce2d4ec5d3108d5d2ce6e6d,f2b249a9e8b200fc6519e82be4573318e6a2e406dce2d4ec5d3108d5d2ce6e6d,FINAL_M1_17_REVALIDATED,Byte-identical copy from the accepted M1.17/G2 canonical repository.
M1.8,v0.2R1_ACCEPTED,10_M1_8/catalogs/M1_8_EXPECTED_RESULTS.json,Module_1/1.08_Verification_Fraud_and_Continuity/v0.2R1_ACCEPTED/docs/catalogs/M1_8_EXPECTED_RESULTS.json,dictionary_configuration_or_control_catalog,CANONICAL_BYTE_COPY,1270,f0572bf090128225fb97003bffdc6934f33e6cca2a6d1b1e631804d3c3d75f75,f0572bf090128225fb97003bffdc6934f33e6cca2a6d1b1e631804d3c3d75f75,FINAL_M1_17_REVALIDATED,Byte-identical copy from the accepted M1.17/G2 canonical repository.
M1.8,v0.2R1_ACCEPTED,10_M1_8/catalogs/M1_8_FIELD_DICTIONARY.csv,Module_1/1.08_Verification_Fraud_and_Continuity/v0.2R1_ACCEPTED/docs/catalogs/M1_8_FIELD_DICTIONARY.csv,dictionary_configuration_or_control_catalog,CANONICAL_BYTE_COPY,5347,2c3cc1cb7e4af5683ecaef862e12d772c7c5bf27430df92101473326fed6916e,2c3cc1cb7e4af5683ecaef862e12d772c7c5bf27430df92101473326fed6916e,FINAL_M1_17_REVALIDATED,Byte-identical copy from the accepted M1.17/G2 canonical repository.
M1.8,v0.2R1_ACCEPTED,10_M1_8/catalogs/M1_8_PARAMETER_DICTIONARY.csv,Module_1/1.08_Verification_Fraud_and_Continuity/v0.2R1_ACCEPTED/docs/catalogs/M1_8_PARAMETER_DICTIONARY.csv,dictionary_configuration_or_control_catalog,CANONICAL_BYTE_COPY,11927,c86bf62cf0b04fd70aa1c5f43240e76a9ee5937d53ac899b51c316a2ad360f4a,c86bf62cf0b04fd70aa1c5f43240e76a9ee5937d53ac899b51c316a2ad360f4a,FINAL_M1_17_REVALIDATED,Byte-identical copy from the accepted M1.17/G2 canonical repository.
M1.8,v0.2R1_ACCEPTED,10_M1_8/catalogs/M1_8_PARAMETER_VALUES.csv,Module_1/1.08_Verification_Fraud_and_Continuity/v0.2R1_ACCEPTED/docs/catalogs/M1_8_PARAMETER_VALUES.csv,dictionary_configuration_or_control_catalog,CANONICAL_BYTE_COPY,3300,266cd29571dbb7c0719c22c32f311efdb851e2b00cd81d57fd398c7c75238515,266cd29571dbb7c0719c22c32f311efdb851e2b00cd81d57fd398c7c75238515,FINAL_M1_17_REVALIDATED,Byte-identical copy from the accepted M1.17/G2 canonical repository.
M1.8,v0.2R1_ACCEPTED,10_M1_8/catalogs/M1_8_PHYSICAL_DEPENDENCY_COLUMNS.csv,Module_1/1.08_Verification_Fraud_and_Continuity/v0.2R1_ACCEPTED/docs/catalogs/M1_8_PHYSICAL_DEPENDENCY_COLUMNS.csv,dictionary_configuration_or_control_catalog,CANONICAL_BYTE_COPY,4366,5da9071a882598d05400a9810b3ddf439389328075ce939b1f116c4b5ddc4360,5da9071a882598d05400a9810b3ddf439389328075ce939b1f116c4b5ddc4360,FINAL_M1_17_REVALIDATED,Byte-identical copy from the accepted M1.17/G2 canonical repository.
M1.8,v0.2R1_ACCEPTED,10_M1_8/catalogs/M1_8_RUN_CONFIGURATION.json,Module_1/1.08_Verification_Fraud_and_Continuity/v0.2R1_ACCEPTED/docs/catalogs/M1_8_RUN_CONFIGURATION.json,dictionary_configuration_or_control_catalog,CANONICAL_BYTE_COPY,689,1ab8750833131e147f01d55ae7b4c265c061e4560a9a403256ceb4c56516c70e,1ab8750833131e147f01d55ae7b4c265c061e4560a9a403256ceb4c56516c70e,FINAL_M1_17_REVALIDATED,Byte-identical copy from the accepted M1.17/G2 canonical repository.
M1.8,v0.2R1_ACCEPTED,10_M1_8/catalogs/M1_8_SCHEMA_EXTENSION_COLUMNS.csv,Module_1/1.08_Verification_Fraud_and_Continuity/v0.2R1_ACCEPTED/docs/catalogs/M1_8_SCHEMA_EXTENSION_COLUMNS.csv,dictionary_configuration_or_control_catalog,CANONICAL_BYTE_COPY,4376,65951fc68ea7a693b3edb335a7d3e8c04c9c5a28ba1797f15c3fc638e43bfe8b,65951fc68ea7a693b3edb335a7d3e8c04c9c5a28ba1797f15c3fc638e43bfe8b,FINAL_M1_17_REVALIDATED,Byte-identical copy from the accepted M1.17/G2 canonical repository.
M1.8,v0.2R1_ACCEPTED,10_M1_8/catalogs/M1_8_SCHEMA_EXTENSION_TABLES.csv,Module_1/1.08_Verification_Fraud_and_Continuity/v0.2R1_ACCEPTED/docs/catalogs/M1_8_SCHEMA_EXTENSION_TABLES.csv,dictionary_configuration_or_control_catalog,CANONICAL_BYTE_COPY,339,05ddc8d9f3f6787a399a448b3605c4c78d3873d4c26bba88a1a744e220c4d556,05ddc8d9f3f6787a399a448b3605c4c78d3873d4c26bba88a1a744e220c4d556,FINAL_M1_17_REVALIDATED,Byte-identical copy from the accepted M1.17/G2 canonical repository.
PUBLICATION,module-1-g2-v1.0.0,,Module_1/1.08_Verification_Fraud_and_Continuity/v0.2R1_ACCEPTED/docs/CORRECTION_HISTORY.md,github_publication_derivative,GITHUB_DERIVED_DOCUMENT,,,8de790746d0c88732e6a9ee4a35d60c12e1d33333d10df0283f835e5136bbe11,FINAL_G2_PUBLICATION,Generated for the public GitHub projection; does not alter canonical accepted database evidence.
M1.8,v0.2R1_ACCEPTED,10_M1_8/diagrams/M1_8_ARCHITECTURE.png,Module_1/1.08_Verification_Fraud_and_Continuity/v0.2R1_ACCEPTED/docs/diagrams/M1_8_ARCHITECTURE.png,architecture_diagram,CANONICAL_BYTE_COPY,320369,939ce10a174b9da1a63c529bc50da7d660aa14ac433815817b4c2220370cd1ea,939ce10a174b9da1a63c529bc50da7d660aa14ac433815817b4c2220370cd1ea,FINAL_M1_17_REVALIDATED,Byte-identical copy from the accepted M1.17/G2 canonical repository.
M1.8,v0.2R1_ACCEPTED,10_M1_8/docs/M1_8_ACCEPTED_EXECUTION_GUIDE_v0_2R1.md,Module_1/1.08_Verification_Fraud_and_Continuity/v0.2R1_ACCEPTED/docs/M1_8_ACCEPTED_EXECUTION_GUIDE_v0_2R1.md,technical_documentation,CANONICAL_BYTE_COPY,1234,bffc76d99b2e966031e0cef7f7643882616910d146ff433488feecba4a8949d2,bffc76d99b2e966031e0cef7f7643882616910d146ff433488feecba4a8949d2,FINAL_M1_17_REVALIDATED,Byte-identical copy from the accepted M1.17/G2 canonical repository.
M1.8,v0.2R1_ACCEPTED,10_M1_8/docs/M1_8_ARCHITECTURE.md,Module_1/1.08_Verification_Fraud_and_Continuity/v0.2R1_ACCEPTED/docs/M1_8_ARCHITECTURE.md,technical_documentation,CANONICAL_BYTE_COPY,782,4dadb9365327e1cf3dab7199e2f66aae3523e8d7e8597ce37cc0b7470b2ae890,4dadb9365327e1cf3dab7199e2f66aae3523e8d7e8597ce37cc0b7470b2ae890,FINAL_M1_17_REVALIDATED,Byte-identical copy from the accepted M1.17/G2 canonical repository.
M1.8,v0.2R1_ACCEPTED,10_M1_8/docs/M1_8_DESIGN_AND_GENERATION_SPECIFICATION.md,Module_1/1.08_Verification_Fraud_and_Continuity/v0.2R1_ACCEPTED/docs/M1_8_DESIGN_AND_GENERATION_SPECIFICATION.md,technical_documentation,CANONICAL_BYTE_COPY,2757,448e5d9f87d2296a832730ffc9285bb94c746b0d6a4f13bded7837bba0bd8f9a,448e5d9f87d2296a832730ffc9285bb94c746b0d6a4f13bded7837bba0bd8f9a,FINAL_M1_17_REVALIDATED,Byte-identical copy from the accepted M1.17/G2 canonical repository.
M1.8,v0.2R1_ACCEPTED,10_M1_8/docs/M1_8_EXECUTION_AND_VALIDATION_GUIDE.md,Module_1/1.08_Verification_Fraud_and_Continuity/v0.2R1_ACCEPTED/docs/M1_8_EXECUTION_AND_VALIDATION_GUIDE.md,technical_documentation,CANONICAL_BYTE_COPY,1155,cae83df353dd98650b03b9d1cfb48429b4818abe820812a1e375566067886d8a,cae83df353dd98650b03b9d1cfb48429b4818abe820812a1e375566067886d8a,FINAL_M1_17_REVALIDATED,Byte-identical copy from the accepted M1.17/G2 canonical repository.
M1.8,v0.2R1_ACCEPTED,10_M1_8/docs/M1_8_PARAMETER_DICTIONARY.md,Module_1/1.08_Verification_Fraud_and_Continuity/v0.2R1_ACCEPTED/docs/M1_8_PARAMETER_DICTIONARY.md,technical_documentation,CANONICAL_BYTE_COPY,3376,6675a7da6e32f59d59591f2c4b3025f901156d18e037aef85b73b0cab957fb95,6675a7da6e32f59d59591f2c4b3025f901156d18e037aef85b73b0cab957fb95,FINAL_M1_17_REVALIDATED,Byte-identical copy from the accepted M1.17/G2 canonical repository.
M1.8,v0.2R1_ACCEPTED,10_M1_8/docs/M1_8_VALIDATION_MATRIX.md,Module_1/1.08_Verification_Fraud_and_Continuity/v0.2R1_ACCEPTED/docs/M1_8_VALIDATION_MATRIX.md,technical_documentation,CANONICAL_BYTE_COPY,1048,3122a732d5e6eb1b8789c1474053e9e1472c47e9107c8b89b88ebde567946d67,3122a732d5e6eb1b8789c1474053e9e1472c47e9107c8b89b88ebde567946d67,FINAL_M1_17_REVALIDATED,Byte-identical copy from the accepted M1.17/G2 canonical repository.
M1.8,v0.2R1_ACCEPTED,10_M1_8/RELEASE_NOTES.md,Module_1/1.08_Verification_Fraud_and_Continuity/v0.2R1_ACCEPTED/docs/RELEASE_NOTES.md,release_and_execution_context,CANONICAL_BYTE_COPY,576,87dba883b5fcd1d553b6ef5b2709762eca617aa1aad2db7bb8e6e3be226e1aa7,87dba883b5fcd1d553b6ef5b2709762eca617aa1aad2db7bb8e6e3be226e1aa7,FINAL_M1_17_REVALIDATED,Byte-identical copy from the accepted M1.17/G2 canonical repository.
M1.8,v0.2R1_ACCEPTED,10_M1_8/RELEASE_NOTES_ACCEPTED_v0_2R1.md,Module_1/1.08_Verification_Fraud_and_Continuity/v0.2R1_ACCEPTED/docs/RELEASE_NOTES_ACCEPTED_v0_2R1.md,release_and_execution_context,CANONICAL_BYTE_COPY,1761,f90d49664549078254931a5141f16948f90998846f82565913b419a64c9698ff,f90d49664549078254931a5141f16948f90998846f82565913b419a64c9698ff,FINAL_M1_17_REVALIDATED,Byte-identical copy from the accepted M1.17/G2 canonical repository.
PUBLICATION,module-1-g2-v1.0.0,,Module_1/1.08_Verification_Fraud_and_Continuity/v0.2R1_ACCEPTED/outputs/README.md,github_publication_derivative,GITHUB_DERIVED_DOCUMENT,,,077c0fe9a09a935411d823170f308e5b9768cc2c10604073ff3893a86c2087fb,FINAL_G2_PUBLICATION,Generated for the public GitHub projection; does not alter canonical accepted database evidence.
PUBLICATION,module-1-g2-v1.0.0,,Module_1/1.08_Verification_Fraud_and_Continuity/v0.2R1_ACCEPTED/RELEASE_METADATA.json,github_publication_derivative,GITHUB_DERIVED_DOCUMENT,,,79ab86c0e684cb73e39cabdbb2bfca3a6d09f5b06ecb12bf1a3d539b5430935a,FINAL_G2_PUBLICATION,Generated for the public GitHub projection; does not alter canonical accepted database evidence.
M1.8,v0.2R1_ACCEPTED,10_M1_8/sql/52_msbf_m1_8_schema_policy_extension_v0_2R1.sql,Module_1/1.08_Verification_Fraud_and_Continuity/v0.2R1_ACCEPTED/src/52_msbf_m1_8_schema_policy_extension_v0_2R1.sql,accepted_clean_build_sql,CANONICAL_BYTE_COPY,12349,73e9b3c5274a5c66054036966089208077af902a7a4a8f6e6956ca73c49f782b,73e9b3c5274a5c66054036966089208077af902a7a4a8f6e6956ca73c49f782b,FINAL_M1_17_REVALIDATED,Byte-identical copy from the accepted M1.17/G2 canonical repository.
M1.8,v0.2R1_ACCEPTED,10_M1_8/sql/54_msbf_m1_8_verification_fraud_continuity_generation_v0_2R1.sql,Module_1/1.08_Verification_Fraud_and_Continuity/v0.2R1_ACCEPTED/src/54_msbf_m1_8_verification_fraud_continuity_generation_v0_2R1.sql,accepted_clean_build_sql,CANONICAL_BYTE_COPY,57868,e4aeedd36f3f745541afa4bb1697496fd6b5b341f79d5073ef80d55503aecac6,e4aeedd36f3f745541afa4bb1697496fd6b5b341f79d5073ef80d55503aecac6,FINAL_M1_17_REVALIDATED,Byte-identical copy from the accepted M1.17/G2 canonical repository.
M1.8,v0.2R1_ACCEPTED,10_M1_8/sql/54B_msbf_m1_8_continuity_tier_floor_remediation_v0_2R1.sql,Module_1/1.08_Verification_Fraud_and_Continuity/v0.2R1_ACCEPTED/src/54B_msbf_m1_8_continuity_tier_floor_remediation_v0_2R1.sql,accepted_clean_build_sql,CANONICAL_BYTE_COPY,19965,f881667c2da96e0d22f71a674f40a83768317162aabd2d5493dc7c497c64db4e,f881667c2da96e0d22f71a674f40a83768317162aabd2d5493dc7c497c64db4e,FINAL_M1_17_REVALIDATED,Byte-identical copy from the accepted M1.17/G2 canonical repository.
M1.8,v0.2R1_ACCEPTED,10_M1_8/sql/55_msbf_m1_8_verification_fraud_continuity_validation_v0_2R1.sql,Module_1/1.08_Verification_Fraud_and_Continuity/v0.2R1_ACCEPTED/src/55_msbf_m1_8_verification_fraud_continuity_validation_v0_2R1.sql,accepted_clean_build_sql,CANONICAL_BYTE_COPY,44612,f4c6062837107af4a59bb1c046e6b965d1e5f35ae7c0607ea12154bb426e45c2,f4c6062837107af4a59bb1c046e6b965d1e5f35ae7c0607ea12154bb426e45c2,FINAL_M1_17_REVALIDATED,Byte-identical copy from the accepted M1.17/G2 canonical repository.
M1.8,v0.2R1_ACCEPTED,10_M1_8/sql/56_msbf_m1_8_negative_control_tests_v0_2R1.sql,Module_1/1.08_Verification_Fraud_and_Continuity/v0.2R1_ACCEPTED/src/56_msbf_m1_8_negative_control_tests_v0_2R1.sql,accepted_clean_build_sql,CANONICAL_BYTE_COPY,7483,20fb26ee21a4cc5dcbc8c07d44b0f1a59cf760d04d9aca4029a85d9937374560,20fb26ee21a4cc5dcbc8c07d44b0f1a59cf760d04d9aca4029a85d9937374560,FINAL_M1_17_REVALIDATED,Byte-identical copy from the accepted M1.17/G2 canonical repository.
M1.8,v0.2R1_ACCEPTED,10_M1_8/sql/57_msbf_m1_8_acceptance_finalize_v0_2R1.sql,Module_1/1.08_Verification_Fraud_and_Continuity/v0.2R1_ACCEPTED/src/57_msbf_m1_8_acceptance_finalize_v0_2R1.sql,accepted_clean_build_sql,CANONICAL_BYTE_COPY,8033,104e906cf6ef65864333791e1e493b1d336e241e491328970720daa26b2084d4,104e906cf6ef65864333791e1e493b1d336e241e491328970720daa26b2084d4,FINAL_M1_17_REVALIDATED,Byte-identical copy from the accepted M1.17/G2 canonical repository.
M1.8,v0.2R1_ACCEPTED,10_M1_8/evidence/M1_8_EVIDENCE_INDEX.md,Module_1/1.08_Verification_Fraud_and_Continuity/v0.2R1_ACCEPTED/tests/M1_8_EVIDENCE_INDEX.md,accepted_validation_and_signoff,CANONICAL_BYTE_COPY,1916,270852028ba65d14e87c452efac70b4fc08a3885df84c56b0320b93b11fb5468,270852028ba65d14e87c452efac70b4fc08a3885df84c56b0320b93b11fb5468,FINAL_M1_17_REVALIDATED,Byte-identical copy from the accepted M1.17/G2 canonical repository.
M1.8,v0.2R1_ACCEPTED,10_M1_8/evidence/M1_8_LIVE_EXECUTION_EVIDENCE_REVIEW_AND_SIGNOFF.md,Module_1/1.08_Verification_Fraud_and_Continuity/v0.2R1_ACCEPTED/tests/M1_8_LIVE_EXECUTION_EVIDENCE_REVIEW_AND_SIGNOFF.md,accepted_validation_and_signoff,CANONICAL_BYTE_COPY,3655,c7aa3f2ea224b69f6ae9b5872547bfbc2295c527ae348cf49b204141d256df62,c7aa3f2ea224b69f6ae9b5872547bfbc2295c527ae348cf49b204141d256df62,FINAL_M1_17_REVALIDATED,Byte-identical copy from the accepted M1.17/G2 canonical repository.
M1.8,v0.2R1_ACCEPTED,10_M1_8/evidence/M1_8_LIVE_EXECUTION_VALIDATION_SUMMARY_v0_2R1.json,Module_1/1.08_Verification_Fraud_and_Continuity/v0.2R1_ACCEPTED/tests/M1_8_LIVE_EXECUTION_VALIDATION_SUMMARY_v0_2R1.json,accepted_validation_and_signoff,CANONICAL_BYTE_COPY,1901,86b5f51388c9b0e891981d31d3dc6bfa73b18edabacafe534fd5431e2c405933,86b5f51388c9b0e891981d31d3dc6bfa73b18edabacafe534fd5431e2c405933,FINAL_M1_17_REVALIDATED,Byte-identical copy from the accepted M1.17/G2 canonical repository.
M1.8,v0.2R1_ACCEPTED,10_M1_8/evidence/MSBF_M1_8_Verification_Fraud_Processor_Continuity_Build_Acceptance_Milestone_v0_2R1.txt,Module_1/1.08_Verification_Fraud_and_Continuity/v0.2R1_ACCEPTED/tests/MSBF_M1_8_Verification_Fraud_Processor_Continuity_Build_Acceptance_Milestone_v0_2R1.txt,accepted_validation_and_signoff,CANONICAL_BYTE_COPY,2309,f7aac5bab08aa1056a3a05c8edb9f522cf90f60b82b090b00f377e0852da3dd1,f7aac5bab08aa1056a3a05c8edb9f522cf90f60b82b090b00f377e0852da3dd1,FINAL_M1_17_REVALIDATED,Byte-identical copy from the accepted M1.17/G2 canonical repository.
M1.8,v0.2R1_ACCEPTED,10_M1_8/PACKAGE_VALIDATION_REPORT.md,Module_1/1.08_Verification_Fraud_and_Continuity/v0.2R1_ACCEPTED/tests/PACKAGE_VALIDATION_REPORT.md,static_package_validation_summary,CANONICAL_BYTE_COPY,3077,94e8ae33b6706119a67234b119a47cc55b1f9ccc1020dda0b4adc9b94eaeda88,94e8ae33b6706119a67234b119a47cc55b1f9ccc1020dda0b4adc9b94eaeda88,FINAL_M1_17_REVALIDATED,Byte-identical copy from the accepted M1.17/G2 canonical repository.
M1.8,v0.2R1_ACCEPTED,10_M1_8/tests/52A_msbf_m1_8_failed_generation_recovery_check_v0_2.sql,Module_1/1.08_Verification_Fraud_and_Continuity/v0.2R1_ACCEPTED/tests/review_queries/52A_msbf_m1_8_failed_generation_recovery_check_v0_2.sql,validation_recovery_reporting_source,CANONICAL_BYTE_COPY,1917,ad674aa9c14cb71509324f6c8e8d077ea5438e13b9518efd3d98cd6655c983a1,ad674aa9c14cb71509324f6c8e8d077ea5438e13b9518efd3d98cd6655c983a1,FINAL_M1_17_REVALIDATED,Byte-identical copy from the accepted M1.17/G2 canonical repository.
M1.8,v0.2R1_ACCEPTED,10_M1_8/tests/52B_msbf_m1_8_failed_continuity_validation_recovery_check_v0_2R1.sql,Module_1/1.08_Verification_Fraud_and_Continuity/v0.2R1_ACCEPTED/tests/review_queries/52B_msbf_m1_8_failed_continuity_validation_recovery_check_v0_2R1.sql,validation_recovery_reporting_source,CANONICAL_BYTE_COPY,4281,2ad718e1282e2a29e03bb16a5af4859ea050a7d38e717c99b47b9ee78c1c8a14,2ad718e1282e2a29e03bb16a5af4859ea050a7d38e717c99b47b9ee78c1c8a14,FINAL_M1_17_REVALIDATED,Byte-identical copy from the accepted M1.17/G2 canonical repository.
M1.8,v0.2R1_ACCEPTED,10_M1_8/tests/53_msbf_m1_8_preflight_validation_v0_2R1.sql,Module_1/1.08_Verification_Fraud_and_Continuity/v0.2R1_ACCEPTED/tests/review_queries/53_msbf_m1_8_preflight_validation_v0_2R1.sql,validation_recovery_reporting_source,CANONICAL_BYTE_COPY,14283,56ab37e40ef983efb01519419396190dabdbc96841ebeb1f2c9038d8c25e8596,56ab37e40ef983efb01519419396190dabdbc96841ebeb1f2c9038d8c25e8596,FINAL_M1_17_REVALIDATED,Byte-identical copy from the accepted M1.17/G2 canonical repository.
M1.8,v0.2R1_ACCEPTED,10_M1_8/tests/54A_msbf_m1_8_generation_reconciliation_reconstructed_v0_2.sql,Module_1/1.08_Verification_Fraud_and_Continuity/v0.2R1_ACCEPTED/tests/review_queries/54A_msbf_m1_8_generation_reconciliation_reconstructed_v0_2.sql,validation_recovery_reporting_source,CANONICAL_BYTE_COPY,2620,526a6d709887c0567636d0ed6c2560b651c1bde7390c5edb91067a672325cd55,526a6d709887c0567636d0ed6c2560b651c1bde7390c5edb91067a672325cd55,FINAL_M1_17_REVALIDATED,Byte-identical copy from the accepted M1.17/G2 canonical repository.
M1.8,v0.2R1_ACCEPTED,10_M1_8/tests/58_MSBF_M1_8_Verification_Fraud_Processor_Continuity_Master_Report_v0_2R1.sql,Module_1/1.08_Verification_Fraud_and_Continuity/v0.2R1_ACCEPTED/tests/review_queries/58_MSBF_M1_8_Verification_Fraud_Processor_Continuity_Master_Report_v0_2R1.sql,validation_recovery_reporting_source,CANONICAL_BYTE_COPY,5444,58dfa5fbd9d7f0d3f9b948f2a7dc4c7da5c97c180ef5d51215fc6698cd365207,58dfa5fbd9d7f0d3f9b948f2a7dc4c7da5c97c180ef5d51215fc6698cd365207,FINAL_M1_17_REVALIDATED,Byte-identical copy from the accepted M1.17/G2 canonical repository.
M1.8,v0.2R1_ACCEPTED,10_M1_8/tests/59_MSBF_M1_8_Verification_Fraud_Processor_Continuity_Detail_Report_v0_2R1.sql,Module_1/1.08_Verification_Fraud_and_Continuity/v0.2R1_ACCEPTED/tests/review_queries/59_MSBF_M1_8_Verification_Fraud_Processor_Continuity_Detail_Report_v0_2R1.sql,validation_recovery_reporting_source,CANONICAL_BYTE_COPY,10647,1c31d7aa21f226924faf70b9ad2496e29a7c5f9f80ed587ea4e133deebd7f53f,1c31d7aa21f226924faf70b9ad2496e29a7c5f9f80ed587ea4e133deebd7f53f,FINAL_M1_17_REVALIDATED,Byte-identical copy from the accepted M1.17/G2 canonical repository.
PUBLICATION,module-1-g2-v1.0.0,,Module_1/1.09_As_Of_Cash_Flow_Features/README.md,github_publication_derivative,GITHUB_DERIVED_DOCUMENT,,,1281e7e472d9ce9994091015feb65ab2531968a318e9931a8a192896fcb55f21,FINAL_G2_PUBLICATION,Generated for the public GitHub projection; does not alter canonical accepted database evidence.
M1.9,v0.2R5_ACCEPTED,11_M1_9/catalogs/M1_9_ACCEPTED_EXECUTION_ORDER_v0_2R5.csv,Module_1/1.09_As_Of_Cash_Flow_Features/v0.2R5_ACCEPTED/docs/catalogs/M1_9_ACCEPTED_EXECUTION_ORDER_v0_2R5.csv,dictionary_configuration_or_control_catalog,CANONICAL_BYTE_COPY,823,0d100b77ec7047ae86e6b89156e6c1305acca43752ea8d1f97310e720a0f92a0,0d100b77ec7047ae86e6b89156e6c1305acca43752ea8d1f97310e720a0f92a0,FINAL_M1_17_REVALIDATED,Byte-identical copy from the accepted M1.17/G2 canonical repository.
M1.9,v0.2R5_ACCEPTED,11_M1_9/catalogs/M1_9_ACCEPTED_EXPECTED_RESULTS_v0_2R5.json,Module_1/1.09_As_Of_Cash_Flow_Features/v0.2R5_ACCEPTED/docs/catalogs/M1_9_ACCEPTED_EXPECTED_RESULTS_v0_2R5.json,dictionary_configuration_or_control_catalog,CANONICAL_BYTE_COPY,1117,c78e953ea3699ce2b5cb6470862b3acc4296d08983e8a073ffc68b6b564ae6c7,c78e953ea3699ce2b5cb6470862b3acc4296d08983e8a073ffc68b6b564ae6c7,FINAL_M1_17_REVALIDATED,Byte-identical copy from the accepted M1.17/G2 canonical repository.
M1.9,v0.2R5_ACCEPTED,11_M1_9/catalogs/M1_9_EXECUTION_ORDER.csv,Module_1/1.09_As_Of_Cash_Flow_Features/v0.2R5_ACCEPTED/docs/catalogs/M1_9_EXECUTION_ORDER.csv,dictionary_configuration_or_control_catalog,CANONICAL_BYTE_COPY,1138,7ee6e3db3ad338236f4151340f9efbf67b6cde69b839e6d43f224619deac1bf3,7ee6e3db3ad338236f4151340f9efbf67b6cde69b839e6d43f224619deac1bf3,FINAL_M1_17_REVALIDATED,Byte-identical copy from the accepted M1.17/G2 canonical repository.
M1.9,v0.2R5_ACCEPTED,11_M1_9/catalogs/M1_9_EXPECTED_RESULTS.json,Module_1/1.09_As_Of_Cash_Flow_Features/v0.2R5_ACCEPTED/docs/catalogs/M1_9_EXPECTED_RESULTS.json,dictionary_configuration_or_control_catalog,CANONICAL_BYTE_COPY,661,1ffec2b5966dcf197c13f47b086e9c99062aef81c8b8d2419996706ac85fc723,1ffec2b5966dcf197c13f47b086e9c99062aef81c8b8d2419996706ac85fc723,FINAL_M1_17_REVALIDATED,Byte-identical copy from the accepted M1.17/G2 canonical repository.
M1.9,v0.2R5_ACCEPTED,11_M1_9/catalogs/M1_9_FEATURE_DICTIONARY.csv,Module_1/1.09_As_Of_Cash_Flow_Features/v0.2R5_ACCEPTED/docs/catalogs/M1_9_FEATURE_DICTIONARY.csv,dictionary_configuration_or_control_catalog,CANONICAL_BYTE_COPY,8579,00ced3965df82c9973ba6104bfbb4b0958bb6a4585f565d097327a8f4f8cb660,00ced3965df82c9973ba6104bfbb4b0958bb6a4585f565d097327a8f4f8cb660,FINAL_M1_17_REVALIDATED,Byte-identical copy from the accepted M1.17/G2 canonical repository.
M1.9,v0.2R5_ACCEPTED,11_M1_9/catalogs/M1_9_FIELD_DICTIONARY.csv,Module_1/1.09_As_Of_Cash_Flow_Features/v0.2R5_ACCEPTED/docs/catalogs/M1_9_FIELD_DICTIONARY.csv,dictionary_configuration_or_control_catalog,CANONICAL_BYTE_COPY,8465,9bf3e5d52c269e145f2470af9b1f5ad66330d78616ac90afa285c91b6ca1a124,9bf3e5d52c269e145f2470af9b1f5ad66330d78616ac90afa285c91b6ca1a124,FINAL_M1_17_REVALIDATED,Byte-identical copy from the accepted M1.17/G2 canonical repository.
M1.9,v0.2R5_ACCEPTED,11_M1_9/catalogs/M1_9_PARAMETER_DICTIONARY.csv,Module_1/1.09_As_Of_Cash_Flow_Features/v0.2R5_ACCEPTED/docs/catalogs/M1_9_PARAMETER_DICTIONARY.csv,dictionary_configuration_or_control_catalog,CANONICAL_BYTE_COPY,2472,cbd51ea751fd11bb460b798b4197c583454a53d41600eff0982fe8a3f8ab6077,cbd51ea751fd11bb460b798b4197c583454a53d41600eff0982fe8a3f8ab6077,FINAL_M1_17_REVALIDATED,Byte-identical copy from the accepted M1.17/G2 canonical repository.
M1.9,v0.2R5_ACCEPTED,11_M1_9/catalogs/M1_9_PARAMETER_VALUES.csv,Module_1/1.09_As_Of_Cash_Flow_Features/v0.2R5_ACCEPTED/docs/catalogs/M1_9_PARAMETER_VALUES.csv,dictionary_configuration_or_control_catalog,CANONICAL_BYTE_COPY,1793,a4886f5b924a7fcd27a466def7deb20b856ec27bb2d7542cec2bcb59b04918f9,a4886f5b924a7fcd27a466def7deb20b856ec27bb2d7542cec2bcb59b04918f9,FINAL_M1_17_REVALIDATED,Byte-identical copy from the accepted M1.17/G2 canonical repository.
M1.9,v0.2R5_ACCEPTED,11_M1_9/catalogs/M1_9_PHYSICAL_DEPENDENCY_COLUMNS.csv,Module_1/1.09_As_Of_Cash_Flow_Features/v0.2R5_ACCEPTED/docs/catalogs/M1_9_PHYSICAL_DEPENDENCY_COLUMNS.csv,dictionary_configuration_or_control_catalog,CANONICAL_BYTE_COPY,8284,3fe64ebb133cd937a3ea8a9a88341b3a0361b9297071bae045c7e8bb8ae3b9e1,3fe64ebb133cd937a3ea8a9a88341b3a0361b9297071bae045c7e8bb8ae3b9e1,FINAL_M1_17_REVALIDATED,Byte-identical copy from the accepted M1.17/G2 canonical repository.
M1.9,v0.2R5_ACCEPTED,11_M1_9/catalogs/M1_9_RUN_CONFIGURATION.json,Module_1/1.09_As_Of_Cash_Flow_Features/v0.2R5_ACCEPTED/docs/catalogs/M1_9_RUN_CONFIGURATION.json,dictionary_configuration_or_control_catalog,CANONICAL_BYTE_COPY,1304,87f3b8c6b35b9648203ec301e09b21178f815283287dfaca3413f4dd4a4b165f,87f3b8c6b35b9648203ec301e09b21178f815283287dfaca3413f4dd4a4b165f,FINAL_M1_17_REVALIDATED,Byte-identical copy from the accepted M1.17/G2 canonical repository.
M1.9,v0.2R5_ACCEPTED,11_M1_9/catalogs/M1_9_SCHEMA_EXTENSION_COLUMNS.csv,Module_1/1.09_As_Of_Cash_Flow_Features/v0.2R5_ACCEPTED/docs/catalogs/M1_9_SCHEMA_EXTENSION_COLUMNS.csv,dictionary_configuration_or_control_catalog,CANONICAL_BYTE_COPY,9077,f043c12e25feeb79abd7f5255c9bf03fa9b0e86c5dc74380dfb2ed7472ebb16f,f043c12e25feeb79abd7f5255c9bf03fa9b0e86c5dc74380dfb2ed7472ebb16f,FINAL_M1_17_REVALIDATED,Byte-identical copy from the accepted M1.17/G2 canonical repository.
M1.9,v0.2R5_ACCEPTED,11_M1_9/catalogs/M1_9_SCHEMA_EXTENSION_TABLES.csv,Module_1/1.09_As_Of_Cash_Flow_Features/v0.2R5_ACCEPTED/docs/catalogs/M1_9_SCHEMA_EXTENSION_TABLES.csv,dictionary_configuration_or_control_catalog,CANONICAL_BYTE_COPY,372,23ccb0199cc45843225c9512a70d4cbff902114ba16ab4b9166b2548df018b92,23ccb0199cc45843225c9512a70d4cbff902114ba16ab4b9166b2548df018b92,FINAL_M1_17_REVALIDATED,Byte-identical copy from the accepted M1.17/G2 canonical repository.
PUBLICATION,module-1-g2-v1.0.0,,Module_1/1.09_As_Of_Cash_Flow_Features/v0.2R5_ACCEPTED/docs/CORRECTION_HISTORY.md,github_publication_derivative,GITHUB_DERIVED_DOCUMENT,,,db51e201c700a8b10d346dd411537c4ebf297833b891e7b22a4e14a140c6527e,FINAL_G2_PUBLICATION,Generated for the public GitHub projection; does not alter canonical accepted database evidence.
M1.9,v0.2R5_ACCEPTED,11_M1_9/diagrams/M1_9_ARCHITECTURE.png,Module_1/1.09_As_Of_Cash_Flow_Features/v0.2R5_ACCEPTED/docs/diagrams/M1_9_ARCHITECTURE.png,architecture_diagram,CANONICAL_BYTE_COPY,315738,0b854daeca777aab6b2db30e72d67fc143a1beb5928de383ba6ef681b280c774,0b854daeca777aab6b2db30e72d67fc143a1beb5928de383ba6ef681b280c774,FINAL_M1_17_REVALIDATED,Byte-identical copy from the accepted M1.17/G2 canonical repository.
M1.9,v0.2R5_ACCEPTED,11_M1_9/diagrams/M1_9_ARCHITECTURE.svg,Module_1/1.09_As_Of_Cash_Flow_Features/v0.2R5_ACCEPTED/docs/diagrams/M1_9_ARCHITECTURE.svg,architecture_diagram,CANONICAL_BYTE_COPY,143840,2f838191958a575cc6f2c1bee00d8fc822abd238676fd951247e61d67a7f2451,2f838191958a575cc6f2c1bee00d8fc822abd238676fd951247e61d67a7f2451,FINAL_M1_17_REVALIDATED,Byte-identical copy from the accepted M1.17/G2 canonical repository.
M1.9,v0.2R5_ACCEPTED,11_M1_9/docs/M1_9_ACCEPTED_EXECUTION_GUIDE_v0_2R5.md,Module_1/1.09_As_Of_Cash_Flow_Features/v0.2R5_ACCEPTED/docs/M1_9_ACCEPTED_EXECUTION_GUIDE_v0_2R5.md,technical_documentation,CANONICAL_BYTE_COPY,1739,16e26ef312a44972cc650ecc7dacd07457a225367770b234db33ff20fc471849,16e26ef312a44972cc650ecc7dacd07457a225367770b234db33ff20fc471849,FINAL_M1_17_REVALIDATED,Byte-identical copy from the accepted M1.17/G2 canonical repository.
M1.9,v0.2R5_ACCEPTED,11_M1_9/docs/M1_9_ARCHITECTURE.md,Module_1/1.09_As_Of_Cash_Flow_Features/v0.2R5_ACCEPTED/docs/M1_9_ARCHITECTURE.md,technical_documentation,CANONICAL_BYTE_COPY,3290,77570f4cd41f23b938f991055db6e7e7edf05be7f855385ed8ab3681c99e4b3b,77570f4cd41f23b938f991055db6e7e7edf05be7f855385ed8ab3681c99e4b3b,FINAL_M1_17_REVALIDATED,Byte-identical copy from the accepted M1.17/G2 canonical repository.
M1.9,v0.2R5_ACCEPTED,11_M1_9/docs/M1_9_DESIGN_AND_GENERATION_SPECIFICATION.md,Module_1/1.09_As_Of_Cash_Flow_Features/v0.2R5_ACCEPTED/docs/M1_9_DESIGN_AND_GENERATION_SPECIFICATION.md,technical_documentation,CANONICAL_BYTE_COPY,3316,4b9bec9f61f20e9c933ef7ab26b346b75a23f35c5735a0fd2d00feeb0892c997,4b9bec9f61f20e9c933ef7ab26b346b75a23f35c5735a0fd2d00feeb0892c997,FINAL_M1_17_REVALIDATED,Byte-identical copy from the accepted M1.17/G2 canonical repository.
M1.9,v0.2R5_ACCEPTED,11_M1_9/docs/M1_9_EXECUTION_AND_VALIDATION_GUIDE.md,Module_1/1.09_As_Of_Cash_Flow_Features/v0.2R5_ACCEPTED/docs/M1_9_EXECUTION_AND_VALIDATION_GUIDE.md,technical_documentation,CANONICAL_BYTE_COPY,3708,57e5f9b560658a4076010e4ba6feb4667516ef6bd837be522f72469c18db954a,57e5f9b560658a4076010e4ba6feb4667516ef6bd837be522f72469c18db954a,FINAL_M1_17_REVALIDATED,Byte-identical copy from the accepted M1.17/G2 canonical repository.
M1.9,v0.2R5_ACCEPTED,11_M1_9/docs/M1_9_PARAMETER_DICTIONARY.md,Module_1/1.09_As_Of_Cash_Flow_Features/v0.2R5_ACCEPTED/docs/M1_9_PARAMETER_DICTIONARY.md,technical_documentation,CANONICAL_BYTE_COPY,3271,87ed1d3cbe631667faf0c649948cdda45ac317486ed532cfcbc325bf3a4cb11a,87ed1d3cbe631667faf0c649948cdda45ac317486ed532cfcbc325bf3a4cb11a,FINAL_M1_17_REVALIDATED,Byte-identical copy from the accepted M1.17/G2 canonical repository.
M1.9,v0.2R5_ACCEPTED,11_M1_9/docs/M1_9_VALIDATION_HISTORY.md,Module_1/1.09_As_Of_Cash_Flow_Features/v0.2R5_ACCEPTED/docs/M1_9_VALIDATION_HISTORY.md,technical_documentation,CANONICAL_BYTE_COPY,2150,9620e3d7cf54531566bc1b3d38f28927f3703cbcbfa91bce72bd3f09941c04cf,9620e3d7cf54531566bc1b3d38f28927f3703cbcbfa91bce72bd3f09941c04cf,FINAL_M1_17_REVALIDATED,Byte-identical copy from the accepted M1.17/G2 canonical repository.
M1.9,v0.2R5_ACCEPTED,11_M1_9/docs/M1_9_VALIDATION_MATRIX.md,Module_1/1.09_As_Of_Cash_Flow_Features/v0.2R5_ACCEPTED/docs/M1_9_VALIDATION_MATRIX.md,technical_documentation,CANONICAL_BYTE_COPY,1748,8a2fe2072079299633d7a2e524a7f4d7733707441d38aa230049f1f3f85a9616,8a2fe2072079299633d7a2e524a7f4d7733707441d38aa230049f1f3f85a9616,FINAL_M1_17_REVALIDATED,Byte-identical copy from the accepted M1.17/G2 canonical repository.
M1.9,v0.2R5_ACCEPTED,11_M1_9/RELEASE_NOTES.md,Module_1/1.09_As_Of_Cash_Flow_Features/v0.2R5_ACCEPTED/docs/RELEASE_NOTES.md,release_and_execution_context,CANONICAL_BYTE_COPY,830,67ce8406172a07f573bcabc97e1e6ecf220cd99aaf9cb5d30d9eaf9aa0aa622f,67ce8406172a07f573bcabc97e1e6ecf220cd99aaf9cb5d30d9eaf9aa0aa622f,FINAL_M1_17_REVALIDATED,Byte-identical copy from the accepted M1.17/G2 canonical repository.
PUBLICATION,module-1-g2-v1.0.0,,Module_1/1.09_As_Of_Cash_Flow_Features/v0.2R5_ACCEPTED/outputs/README.md,github_publication_derivative,GITHUB_DERIVED_DOCUMENT,,,e06e6c99e394d4c14edd0359227c1f8ea8c36383b023dd2a8d566534d16e4ac3,FINAL_G2_PUBLICATION,Generated for the public GitHub projection; does not alter canonical accepted database evidence.
PUBLICATION,module-1-g2-v1.0.0,,Module_1/1.09_As_Of_Cash_Flow_Features/v0.2R5_ACCEPTED/RELEASE_METADATA.json,github_publication_derivative,GITHUB_DERIVED_DOCUMENT,,,25a6780d39bd77d9c5a7ae10fa107c41d5a388f4241ce04fc5cc007bca27c11d,FINAL_G2_PUBLICATION,Generated for the public GitHub projection; does not alter canonical accepted database evidence.
M1.9,v0.2R5_ACCEPTED,11_M1_9/sql/60_msbf_m1_9_schema_policy_extension_v0_2R5.sql,Module_1/1.09_As_Of_Cash_Flow_Features/v0.2R5_ACCEPTED/src/60_msbf_m1_9_schema_policy_extension_v0_2R5.sql,accepted_clean_build_sql,CANONICAL_BYTE_COPY,34652,369d31cd4a28152de82e6e882120cbd13c5e786408c770ddc39e32366ba6ef99,369d31cd4a28152de82e6e882120cbd13c5e786408c770ddc39e32366ba6ef99,FINAL_M1_17_REVALIDATED,Byte-identical copy from the accepted M1.17/G2 canonical repository.
M1.9,v0.2R5_ACCEPTED,11_M1_9/sql/62_msbf_m1_9_asof_cashflow_feature_generation_v0_2R5.sql,Module_1/1.09_As_Of_Cash_Flow_Features/v0.2R5_ACCEPTED/src/62_msbf_m1_9_asof_cashflow_feature_generation_v0_2R5.sql,accepted_clean_build_sql,CANONICAL_BYTE_COPY,60597,5c8ccf11f61e5398a90ab8f764fc19ef1adc12ee76a2eb9882e80cf25b06691e,5c8ccf11f61e5398a90ab8f764fc19ef1adc12ee76a2eb9882e80cf25b06691e,FINAL_M1_17_REVALIDATED,Byte-identical copy from the accepted M1.17/G2 canonical repository.
M1.9,v0.2R5_ACCEPTED,11_M1_9/sql/62B_msbf_m1_9_annualized_sales_identity_remediation_v0_2R5.sql,Module_1/1.09_As_Of_Cash_Flow_Features/v0.2R5_ACCEPTED/src/62B_msbf_m1_9_annualized_sales_identity_remediation_v0_2R5.sql,accepted_clean_build_sql,CANONICAL_BYTE_COPY,17931,7023a926afba2d6edf49600fc7ff412267a80d8aaa0779981edae7d1c5b2456f,7023a926afba2d6edf49600fc7ff412267a80d8aaa0779981edae7d1c5b2456f,FINAL_M1_17_REVALIDATED,Byte-identical copy from the accepted M1.17/G2 canonical repository.
M1.9,v0.2R5_ACCEPTED,11_M1_9/sql/63_msbf_m1_9_asof_cashflow_feature_validation_v0_2R5.sql,Module_1/1.09_As_Of_Cash_Flow_Features/v0.2R5_ACCEPTED/src/63_msbf_m1_9_asof_cashflow_feature_validation_v0_2R5.sql,accepted_clean_build_sql,CANONICAL_BYTE_COPY,46999,82b15804d5e276a98f6b5b9c6b986a525abebad99fae3db3d9ca1d70d58f0880,82b15804d5e276a98f6b5b9c6b986a525abebad99fae3db3d9ca1d70d58f0880,FINAL_M1_17_REVALIDATED,Byte-identical copy from the accepted M1.17/G2 canonical repository.
M1.9,v0.2R5_ACCEPTED,11_M1_9/sql/64_msbf_m1_9_negative_control_tests_v0_2R5.sql,Module_1/1.09_As_Of_Cash_Flow_Features/v0.2R5_ACCEPTED/src/64_msbf_m1_9_negative_control_tests_v0_2R5.sql,accepted_clean_build_sql,CANONICAL_BYTE_COPY,6700,8cb3f711c4e3b7013373f0be592f41f2cd3f2fa0038b420ac0178b14319f16f7,8cb3f711c4e3b7013373f0be592f41f2cd3f2fa0038b420ac0178b14319f16f7,FINAL_M1_17_REVALIDATED,Byte-identical copy from the accepted M1.17/G2 canonical repository.
M1.9,v0.2R5_ACCEPTED,11_M1_9/sql/65_msbf_m1_9_acceptance_finalize_v0_2R5.sql,Module_1/1.09_As_Of_Cash_Flow_Features/v0.2R5_ACCEPTED/src/65_msbf_m1_9_acceptance_finalize_v0_2R5.sql,accepted_clean_build_sql,CANONICAL_BYTE_COPY,7472,75a104bf8b9806277e385a92e985ee01b488e82eeb1ea3dec74f2a067171ade7,75a104bf8b9806277e385a92e985ee01b488e82eeb1ea3dec74f2a067171ade7,FINAL_M1_17_REVALIDATED,Byte-identical copy from the accepted M1.17/G2 canonical repository.
M1.9,v0.2R5_ACCEPTED,11_M1_9/evidence/M1_9_EVIDENCE_INDEX.md,Module_1/1.09_As_Of_Cash_Flow_Features/v0.2R5_ACCEPTED/tests/M1_9_EVIDENCE_INDEX.md,accepted_validation_and_signoff,CANONICAL_BYTE_COPY,1835,1a637efed7984b135bf326ddd17def3eeb30d5966ff7dfa16eff5239e1702db8,1a637efed7984b135bf326ddd17def3eeb30d5966ff7dfa16eff5239e1702db8,FINAL_M1_17_REVALIDATED,Byte-identical copy from the accepted M1.17/G2 canonical repository.
M1.9,v0.2R5_ACCEPTED,11_M1_9/evidence/M1_9_LIVE_EXECUTION_EVIDENCE_REVIEW_AND_SIGNOFF.md,Module_1/1.09_As_Of_Cash_Flow_Features/v0.2R5_ACCEPTED/tests/M1_9_LIVE_EXECUTION_EVIDENCE_REVIEW_AND_SIGNOFF.md,accepted_validation_and_signoff,CANONICAL_BYTE_COPY,3658,276b4a94fe8fe272602e880d5a02f2a8cda776b42b80bd9f860f39ab89901df6,276b4a94fe8fe272602e880d5a02f2a8cda776b42b80bd9f860f39ab89901df6,FINAL_M1_17_REVALIDATED,Byte-identical copy from the accepted M1.17/G2 canonical repository.
M1.9,v0.2R5_ACCEPTED,11_M1_9/evidence/M1_9_LIVE_EXECUTION_VALIDATION_SUMMARY_v0_2R5.json,Module_1/1.09_As_Of_Cash_Flow_Features/v0.2R5_ACCEPTED/tests/M1_9_LIVE_EXECUTION_VALIDATION_SUMMARY_v0_2R5.json,accepted_validation_and_signoff,CANONICAL_BYTE_COPY,2178,5db010a853bf67b8e4cbf93bf1ba91674fa9765a6e012823cdcd2d5bf30af3de,5db010a853bf67b8e4cbf93bf1ba91674fa9765a6e012823cdcd2d5bf30af3de,FINAL_M1_17_REVALIDATED,Byte-identical copy from the accepted M1.17/G2 canonical repository.
M1.9,v0.2R5_ACCEPTED,11_M1_9/evidence/MSBF_M1_9_As_Of_Cash_Flow_Feature_Build_Acceptance_Milestone_v0_2R5.txt,Module_1/1.09_As_Of_Cash_Flow_Features/v0.2R5_ACCEPTED/tests/MSBF_M1_9_As_Of_Cash_Flow_Feature_Build_Acceptance_Milestone_v0_2R5.txt,accepted_validation_and_signoff,CANONICAL_BYTE_COPY,2310,4f07cde861e795864f1f736f3abb676eb87d8ea8ece83c9d3352f16a53652235,4f07cde861e795864f1f736f3abb676eb87d8ea8ece83c9d3352f16a53652235,FINAL_M1_17_REVALIDATED,Byte-identical copy from the accepted M1.17/G2 canonical repository.
M1.9,v0.2R5_ACCEPTED,11_M1_9/PACKAGE_VALIDATION_REPORT.md,Module_1/1.09_As_Of_Cash_Flow_Features/v0.2R5_ACCEPTED/tests/PACKAGE_VALIDATION_REPORT.md,static_package_validation_summary,CANONICAL_BYTE_COPY,860,ec1acea09edb1e2e5e33ad02112e9f2dcb2213cad724d65e3ffb6ff5d45414fa,ec1acea09edb1e2e5e33ad02112e9f2dcb2213cad724d65e3ffb6ff5d45414fa,FINAL_M1_17_REVALIDATED,Byte-identical copy from the accepted M1.17/G2 canonical repository.
M1.9,v0.2R5_ACCEPTED,11_M1_9/tests/60A_msbf_m1_9_failed_generation_recovery_check_v0_2.sql,Module_1/1.09_As_Of_Cash_Flow_Features/v0.2R5_ACCEPTED/tests/review_queries/60A_msbf_m1_9_failed_generation_recovery_check_v0_2.sql,validation_recovery_reporting_source,CANONICAL_BYTE_COPY,1898,a160407a2a4cff28b336c785888f90a55fbadaf64585eaa8e0d8eb4e6423a799,a160407a2a4cff28b336c785888f90a55fbadaf64585eaa8e0d8eb4e6423a799,FINAL_M1_17_REVALIDATED,Byte-identical copy from the accepted M1.17/G2 canonical repository.
M1.9,v0.2R5_ACCEPTED,11_M1_9/tests/60B_msbf_m1_9_failed_scenario_scope_recovery_check_v0_2R1.sql,Module_1/1.09_As_Of_Cash_Flow_Features/v0.2R5_ACCEPTED/tests/review_queries/60B_msbf_m1_9_failed_scenario_scope_recovery_check_v0_2R1.sql,validation_recovery_reporting_source,CANONICAL_BYTE_COPY,4687,0f8716b9e32a2d08636e1551ad49573193c5ed7534ea7a5607ed91ecf0410a3b,0f8716b9e32a2d08636e1551ad49573193c5ed7534ea7a5607ed91ecf0410a3b,FINAL_M1_17_REVALIDATED,Byte-identical copy from the accepted M1.17/G2 canonical repository.
M1.9,v0.2R5_ACCEPTED,11_M1_9/tests/60C_msbf_m1_9_failed_ctas_projection_recovery_check_v0_2R2.sql,Module_1/1.09_As_Of_Cash_Flow_Features/v0.2R5_ACCEPTED/tests/review_queries/60C_msbf_m1_9_failed_ctas_projection_recovery_check_v0_2R2.sql,validation_recovery_reporting_source,CANONICAL_BYTE_COPY,3806,1c1cbbc536dc61cb2ac4a1c5f7f66e8430cc2ff74a1358e7bee25921fc2652f6,1c1cbbc536dc61cb2ac4a1c5f7f66e8430cc2ff74a1358e7bee25921fc2652f6,FINAL_M1_17_REVALIDATED,Byte-identical copy from the accepted M1.17/G2 canonical repository.
M1.9,v0.2R5_ACCEPTED,11_M1_9/tests/60D_msbf_m1_9_failed_canonical_scale_recovery_check_v0_2R3.sql,Module_1/1.09_As_Of_Cash_Flow_Features/v0.2R5_ACCEPTED/tests/review_queries/60D_msbf_m1_9_failed_canonical_scale_recovery_check_v0_2R3.sql,validation_recovery_reporting_source,CANONICAL_BYTE_COPY,4200,5e72946af46309bb12404e14c402ce9e5f530e82db551afaa506055c1947c2e5,5e72946af46309bb12404e14c402ce9e5f530e82db551afaa506055c1947c2e5,FINAL_M1_17_REVALIDATED,Byte-identical copy from the accepted M1.17/G2 canonical repository.
M1.9,v0.2R5_ACCEPTED,11_M1_9/tests/60E_msbf_m1_9_failed_validation_filter_syntax_recovery_check_v0_2R4.sql,Module_1/1.09_As_Of_Cash_Flow_Features/v0.2R5_ACCEPTED/tests/review_queries/60E_msbf_m1_9_failed_validation_filter_syntax_recovery_check_v0_2R4.sql,validation_recovery_reporting_source,CANONICAL_BYTE_COPY,3536,5b5c03753ab3492cd72692d505b1aea7eb0b67f52d8b1e30fbc723228ce8074e,5b5c03753ab3492cd72692d505b1aea7eb0b67f52d8b1e30fbc723228ce8074e,FINAL_M1_17_REVALIDATED,Byte-identical copy from the accepted M1.17/G2 canonical repository.
M1.9,v0.2R5_ACCEPTED,11_M1_9/tests/60F_msbf_m1_9_failed_annualized_sales_identity_recovery_check_v0_2R5.sql,Module_1/1.09_As_Of_Cash_Flow_Features/v0.2R5_ACCEPTED/tests/review_queries/60F_msbf_m1_9_failed_annualized_sales_identity_recovery_check_v0_2R5.sql,validation_recovery_reporting_source,CANONICAL_BYTE_COPY,6166,3544ee8dbb018d79e496d7ee7e58635f7fafd2741ed7bb731f5eec989f08dd94,3544ee8dbb018d79e496d7ee7e58635f7fafd2741ed7bb731f5eec989f08dd94,FINAL_M1_17_REVALIDATED,Byte-identical copy from the accepted M1.17/G2 canonical repository.
M1.9,v0.2R5_ACCEPTED,11_M1_9/tests/61_msbf_m1_9_preflight_validation_v0_2R5.sql,Module_1/1.09_As_Of_Cash_Flow_Features/v0.2R5_ACCEPTED/tests/review_queries/61_msbf_m1_9_preflight_validation_v0_2R5.sql,validation_recovery_reporting_source,CANONICAL_BYTE_COPY,7936,c2bb23f75c306d51e80a75265b700468104748481a08da41e0d0a0e1f1e02da0,c2bb23f75c306d51e80a75265b700468104748481a08da41e0d0a0e1f1e02da0,FINAL_M1_17_REVALIDATED,Byte-identical copy from the accepted M1.17/G2 canonical repository.
M1.9,v0.2R5_ACCEPTED,11_M1_9/tests/62A_msbf_m1_9_generation_reconciliation_reconstructed_v0_2R4.sql,Module_1/1.09_As_Of_Cash_Flow_Features/v0.2R5_ACCEPTED/tests/review_queries/62A_msbf_m1_9_generation_reconciliation_reconstructed_v0_2R4.sql,validation_recovery_reporting_source,CANONICAL_BYTE_COPY,2549,545cb4548f85249f797b2a59d70785d9452691929fb405b01451c2b094d18a2b,545cb4548f85249f797b2a59d70785d9452691929fb405b01451c2b094d18a2b,FINAL_M1_17_REVALIDATED,Byte-identical copy from the accepted M1.17/G2 canonical repository.
M1.9,v0.2R5_ACCEPTED,11_M1_9/tests/62C_msbf_m1_9_annualized_sales_remediation_reconstructed_v0_2R5.sql,Module_1/1.09_As_Of_Cash_Flow_Features/v0.2R5_ACCEPTED/tests/review_queries/62C_msbf_m1_9_annualized_sales_remediation_reconstructed_v0_2R5.sql,validation_recovery_reporting_source,CANONICAL_BYTE_COPY,2797,d8b9699053ea9e5e4b94401877cb10f7dcbe9e149512722b12a9d8afdda573f8,d8b9699053ea9e5e4b94401877cb10f7dcbe9e149512722b12a9d8afdda573f8,FINAL_M1_17_REVALIDATED,Byte-identical copy from the accepted M1.17/G2 canonical repository.
M1.9,v0.2R5_ACCEPTED,11_M1_9/tests/66_MSBF_M1_9_As_Of_Cash_Flow_Feature_Master_Report_v0_2R5.sql,Module_1/1.09_As_Of_Cash_Flow_Features/v0.2R5_ACCEPTED/tests/review_queries/66_MSBF_M1_9_As_Of_Cash_Flow_Feature_Master_Report_v0_2R5.sql,validation_recovery_reporting_source,CANONICAL_BYTE_COPY,6334,587b0cdbe428c9fc17ac8dc9bae9c63a3dedb4c04b66f90839763396d2f98cb3,587b0cdbe428c9fc17ac8dc9bae9c63a3dedb4c04b66f90839763396d2f98cb3,FINAL_M1_17_REVALIDATED,Byte-identical copy from the accepted M1.17/G2 canonical repository.
M1.9,v0.2R5_ACCEPTED,11_M1_9/tests/67_MSBF_M1_9_As_Of_Cash_Flow_Feature_Detail_Report_v0_2R5.sql,Module_1/1.09_As_Of_Cash_Flow_Features/v0.2R5_ACCEPTED/tests/review_queries/67_MSBF_M1_9_As_Of_Cash_Flow_Feature_Detail_Report_v0_2R5.sql,validation_recovery_reporting_source,CANONICAL_BYTE_COPY,12416,98769d550da4716bf27997094de27fa487bbff83852d42dca4e7d9dc74d43d3b,98769d550da4716bf27997094de27fa487bbff83852d42dca4e7d9dc74d43d3b,FINAL_M1_17_REVALIDATED,Byte-identical copy from the accepted M1.17/G2 canonical repository.
PUBLICATION,module-1-g2-v1.0.0,,Module_1/1.10_Obligations_Liquidity_and_Capacity/README.md,github_publication_derivative,GITHUB_DERIVED_DOCUMENT,,,f730cf828f137c68656a9461ef6fc38185041eb9f4029992f537325588546612,FINAL_G2_PUBLICATION,Generated for the public GitHub projection; does not alter canonical accepted database evidence.
M1.10,v0.2R2_ACCEPTED,12_M1_10/ACCEPTED_EXECUTION_PATH.md,Module_1/1.10_Obligations_Liquidity_and_Capacity/v0.2R2_ACCEPTED/docs/ACCEPTED_EXECUTION_PATH.md,release_and_execution_context,CANONICAL_BYTE_COPY,1333,4254b1ae75a8daaf547c78cb3a6d3a9565e27db462e172d4214480a4f3c2f0dc,4254b1ae75a8daaf547c78cb3a6d3a9565e27db462e172d4214480a4f3c2f0dc,FINAL_M1_17_REVALIDATED,Byte-identical copy from the accepted M1.17/G2 canonical repository.
M1.10,v0.2R2_ACCEPTED,12_M1_10/catalogs/M1_10_ACCEPTED_EXECUTION_ORDER_v0_2R2.csv,Module_1/1.10_Obligations_Liquidity_and_Capacity/v0.2R2_ACCEPTED/docs/catalogs/M1_10_ACCEPTED_EXECUTION_ORDER_v0_2R2.csv,dictionary_configuration_or_control_catalog,CANONICAL_BYTE_COPY,881,928df81cc08d1c8f14ba9337acf46236801951205f476b5d787f32c8ee651a93,928df81cc08d1c8f14ba9337acf46236801951205f476b5d787f32c8ee651a93,FINAL_M1_17_REVALIDATED,Byte-identical copy from the accepted M1.17/G2 canonical repository.
M1.10,v0.2R2_ACCEPTED,12_M1_10/catalogs/M1_10_ACCEPTED_EXPECTED_RESULTS_v0_2R2.json,Module_1/1.10_Obligations_Liquidity_and_Capacity/v0.2R2_ACCEPTED/docs/catalogs/M1_10_ACCEPTED_EXPECTED_RESULTS_v0_2R2.json,dictionary_configuration_or_control_catalog,CANONICAL_BYTE_COPY,1523,c66cd9ae9712ce395d8e2bf55503742631f0c40f21793d4c6fd370a4eb07eb86,c66cd9ae9712ce395d8e2bf55503742631f0c40f21793d4c6fd370a4eb07eb86,FINAL_M1_17_REVALIDATED,Byte-identical copy from the accepted M1.17/G2 canonical repository.
M1.10,v0.2R2_ACCEPTED,12_M1_10/catalogs/M1_10_EXECUTION_ORDER.csv,Module_1/1.10_Obligations_Liquidity_and_Capacity/v0.2R2_ACCEPTED/docs/catalogs/M1_10_EXECUTION_ORDER.csv,dictionary_configuration_or_control_catalog,CANONICAL_BYTE_COPY,1201,02ce3a525a3e78cb89263075253c6976cfdb1b5127858f3a9e8146547132bada,02ce3a525a3e78cb89263075253c6976cfdb1b5127858f3a9e8146547132bada,FINAL_M1_17_REVALIDATED,Byte-identical copy from the accepted M1.17/G2 canonical repository.
M1.10,v0.2R2_ACCEPTED,12_M1_10/catalogs/M1_10_EXPECTED_RESULTS.json,Module_1/1.10_Obligations_Liquidity_and_Capacity/v0.2R2_ACCEPTED/docs/catalogs/M1_10_EXPECTED_RESULTS.json,dictionary_configuration_or_control_catalog,CANONICAL_BYTE_COPY,421,e84a5a0c88ade39a2723125272adaa7a899403a13e60c9ea24768a40a8b2a213,e84a5a0c88ade39a2723125272adaa7a899403a13e60c9ea24768a40a8b2a213,FINAL_M1_17_REVALIDATED,Byte-identical copy from the accepted M1.17/G2 canonical repository.
M1.10,v0.2R2_ACCEPTED,12_M1_10/catalogs/M1_10_FIELD_DICTIONARY.csv,Module_1/1.10_Obligations_Liquidity_and_Capacity/v0.2R2_ACCEPTED/docs/catalogs/M1_10_FIELD_DICTIONARY.csv,dictionary_configuration_or_control_catalog,CANONICAL_BYTE_COPY,8975,612f0945701721aa8470d5c3bad139bd3315125ce6cb3f2763fe34f37956f898,612f0945701721aa8470d5c3bad139bd3315125ce6cb3f2763fe34f37956f898,FINAL_M1_17_REVALIDATED,Byte-identical copy from the accepted M1.17/G2 canonical repository.
M1.10,v0.2R2_ACCEPTED,12_M1_10/catalogs/M1_10_PARAMETER_DICTIONARY.csv,Module_1/1.10_Obligations_Liquidity_and_Capacity/v0.2R2_ACCEPTED/docs/catalogs/M1_10_PARAMETER_DICTIONARY.csv,dictionary_configuration_or_control_catalog,CANONICAL_BYTE_COPY,7241,b7e8fe59c3353e7b5bd49a3e754a176b2e94446221267a3092c8ce74c7b5d087,b7e8fe59c3353e7b5bd49a3e754a176b2e94446221267a3092c8ce74c7b5d087,FINAL_M1_17_REVALIDATED,Byte-identical copy from the accepted M1.17/G2 canonical repository.
M1.10,v0.2R2_ACCEPTED,12_M1_10/catalogs/M1_10_PARAMETER_VALUES.csv,Module_1/1.10_Obligations_Liquidity_and_Capacity/v0.2R2_ACCEPTED/docs/catalogs/M1_10_PARAMETER_VALUES.csv,dictionary_configuration_or_control_catalog,CANONICAL_BYTE_COPY,2071,5f7e8f8e8fd0339bd672beb4514ac195de2b263395c5b2db66307fd1441ea7ac,5f7e8f8e8fd0339bd672beb4514ac195de2b263395c5b2db66307fd1441ea7ac,FINAL_M1_17_REVALIDATED,Byte-identical copy from the accepted M1.17/G2 canonical repository.
M1.10,v0.2R2_ACCEPTED,12_M1_10/catalogs/M1_10_PHYSICAL_DEPENDENCY_COLUMNS.csv,Module_1/1.10_Obligations_Liquidity_and_Capacity/v0.2R2_ACCEPTED/docs/catalogs/M1_10_PHYSICAL_DEPENDENCY_COLUMNS.csv,dictionary_configuration_or_control_catalog,CANONICAL_BYTE_COPY,44079,022a666fdde88e52c1db77a38233e9aa7541ed0dd7926395aa1cfec0577681ac,022a666fdde88e52c1db77a38233e9aa7541ed0dd7926395aa1cfec0577681ac,FINAL_M1_17_REVALIDATED,Byte-identical copy from the accepted M1.17/G2 canonical repository.
M1.10,v0.2R2_ACCEPTED,12_M1_10/catalogs/M1_10_RUN_CONFIGURATION.json,Module_1/1.10_Obligations_Liquidity_and_Capacity/v0.2R2_ACCEPTED/docs/catalogs/M1_10_RUN_CONFIGURATION.json,dictionary_configuration_or_control_catalog,CANONICAL_BYTE_COPY,369,9d10964a8caee2c0e233e8c783d44d255d123d5d91638313eb8a36660dc05499,9d10964a8caee2c0e233e8c783d44d255d123d5d91638313eb8a36660dc05499,FINAL_M1_17_REVALIDATED,Byte-identical copy from the accepted M1.17/G2 canonical repository.
M1.10,v0.2R2_ACCEPTED,12_M1_10/catalogs/M1_10_SCHEMA_EXTENSION_COLUMNS.csv,Module_1/1.10_Obligations_Liquidity_and_Capacity/v0.2R2_ACCEPTED/docs/catalogs/M1_10_SCHEMA_EXTENSION_COLUMNS.csv,dictionary_configuration_or_control_catalog,CANONICAL_BYTE_COPY,5389,136153df6689f9fc7284e3bd8c774181612ce34c44a3b916f8d61824e72a2f4a,136153df6689f9fc7284e3bd8c774181612ce34c44a3b916f8d61824e72a2f4a,FINAL_M1_17_REVALIDATED,Byte-identical copy from the accepted M1.17/G2 canonical repository.
M1.10,v0.2R2_ACCEPTED,12_M1_10/catalogs/M1_10_SCHEMA_EXTENSION_TABLES.csv,Module_1/1.10_Obligations_Liquidity_and_Capacity/v0.2R2_ACCEPTED/docs/catalogs/M1_10_SCHEMA_EXTENSION_TABLES.csv,dictionary_configuration_or_control_catalog,CANONICAL_BYTE_COPY,530,d160488cb0ed1c6a2022155ae22e406a9f3e496367314ce1e0615b61bb4311f7,d160488cb0ed1c6a2022155ae22e406a9f3e496367314ce1e0615b61bb4311f7,FINAL_M1_17_REVALIDATED,Byte-identical copy from the accepted M1.17/G2 canonical repository.
PUBLICATION,module-1-g2-v1.0.0,,Module_1/1.10_Obligations_Liquidity_and_Capacity/v0.2R2_ACCEPTED/docs/CORRECTION_HISTORY.md,github_publication_derivative,GITHUB_DERIVED_DOCUMENT,,,a07448e8b7f2f274917d5d40fd3371b8e6781bfffea5bb9dc98d1ede65932553,FINAL_G2_PUBLICATION,Generated for the public GitHub projection; does not alter canonical accepted database evidence.
M1.10,v0.2R2_ACCEPTED,12_M1_10/diagrams/M1_10_ARCHITECTURE.png,Module_1/1.10_Obligations_Liquidity_and_Capacity/v0.2R2_ACCEPTED/docs/diagrams/M1_10_ARCHITECTURE.png,architecture_diagram,CANONICAL_BYTE_COPY,58567,0eecbbe3e428286eff450ba65fcae68376c4eb5dc131d0c356442856cd7da862,0eecbbe3e428286eff450ba65fcae68376c4eb5dc131d0c356442856cd7da862,FINAL_M1_17_REVALIDATED,Byte-identical copy from the accepted M1.17/G2 canonical repository.
M1.10,v0.2R2_ACCEPTED,12_M1_10/diagrams/M1_10_ARCHITECTURE.svg,Module_1/1.10_Obligations_Liquidity_and_Capacity/v0.2R2_ACCEPTED/docs/diagrams/M1_10_ARCHITECTURE.svg,architecture_diagram,CANONICAL_BYTE_COPY,8544,5091d6b94634c8b8cddcd1aad9f1775022ceec163e91aa544c180ee632dc0787,5091d6b94634c8b8cddcd1aad9f1775022ceec163e91aa544c180ee632dc0787,FINAL_M1_17_REVALIDATED,Byte-identical copy from the accepted M1.17/G2 canonical repository.
M1.10,v0.2R2_ACCEPTED,12_M1_10/docs/M1_10_ACCEPTED_EXECUTION_GUIDE_v0_2R2.md,Module_1/1.10_Obligations_Liquidity_and_Capacity/v0.2R2_ACCEPTED/docs/M1_10_ACCEPTED_EXECUTION_GUIDE_v0_2R2.md,technical_documentation,CANONICAL_BYTE_COPY,1731,827a892dc9c72f2202a2d034277c51b15b5aa09770a100eab550f79432fb61d3,827a892dc9c72f2202a2d034277c51b15b5aa09770a100eab550f79432fb61d3,FINAL_M1_17_REVALIDATED,Byte-identical copy from the accepted M1.17/G2 canonical repository.
M1.10,v0.2R2_ACCEPTED,12_M1_10/docs/M1_10_ARCHITECTURE.md,Module_1/1.10_Obligations_Liquidity_and_Capacity/v0.2R2_ACCEPTED/docs/M1_10_ARCHITECTURE.md,technical_documentation,CANONICAL_BYTE_COPY,1040,d24509342da8ab8bcf2afe69f887a728424fc6b5bba94233689eeff7ec66025a,d24509342da8ab8bcf2afe69f887a728424fc6b5bba94233689eeff7ec66025a,FINAL_M1_17_REVALIDATED,Byte-identical copy from the accepted M1.17/G2 canonical repository.
M1.10,v0.2R2_ACCEPTED,12_M1_10/docs/M1_10_DESIGN_AND_GENERATION_SPECIFICATION.md,Module_1/1.10_Obligations_Liquidity_and_Capacity/v0.2R2_ACCEPTED/docs/M1_10_DESIGN_AND_GENERATION_SPECIFICATION.md,technical_documentation,CANONICAL_BYTE_COPY,1563,58542153453756c84e4d424bbbe735ecf26ff22e0e940d9c7ca6acfa1cf7b327,58542153453756c84e4d424bbbe735ecf26ff22e0e940d9c7ca6acfa1cf7b327,FINAL_M1_17_REVALIDATED,Byte-identical copy from the accepted M1.17/G2 canonical repository.
M1.10,v0.2R2_ACCEPTED,12_M1_10/docs/M1_10_EXECUTION_AND_VALIDATION_GUIDE.md,Module_1/1.10_Obligations_Liquidity_and_Capacity/v0.2R2_ACCEPTED/docs/M1_10_EXECUTION_AND_VALIDATION_GUIDE.md,technical_documentation,CANONICAL_BYTE_COPY,1312,d45bb81c82f145bd6a919bc68fdefd66b07955571fe17367cc507051603626a1,d45bb81c82f145bd6a919bc68fdefd66b07955571fe17367cc507051603626a1,FINAL_M1_17_REVALIDATED,Byte-identical copy from the accepted M1.17/G2 canonical repository.
M1.10,v0.2R2_ACCEPTED,12_M1_10/docs/M1_10_PARAMETER_DICTIONARY.md,Module_1/1.10_Obligations_Liquidity_and_Capacity/v0.2R2_ACCEPTED/docs/M1_10_PARAMETER_DICTIONARY.md,technical_documentation,CANONICAL_BYTE_COPY,644,4e4dab43bb1a7ef5007fc7816f7d68df4dbd4b588070a5b874801de29f1f1598,4e4dab43bb1a7ef5007fc7816f7d68df4dbd4b588070a5b874801de29f1f1598,FINAL_M1_17_REVALIDATED,Byte-identical copy from the accepted M1.17/G2 canonical repository.
M1.10,v0.2R2_ACCEPTED,12_M1_10/docs/M1_10_v0_2R1_EXECUTION_GUIDE.md,Module_1/1.10_Obligations_Liquidity_and_Capacity/v0.2R2_ACCEPTED/docs/M1_10_v0_2R1_EXECUTION_GUIDE.md,technical_documentation,CANONICAL_BYTE_COPY,1704,c7fbec72a43ff9a9eff225fabcb381475ac7635955223871c22ee493f4c95c1e,c7fbec72a43ff9a9eff225fabcb381475ac7635955223871c22ee493f4c95c1e,FINAL_M1_17_REVALIDATED,Byte-identical copy from the accepted M1.17/G2 canonical repository.
M1.10,v0.2R2_ACCEPTED,12_M1_10/docs/M1_10_v0_2R2_EXECUTION_GUIDE.md,Module_1/1.10_Obligations_Liquidity_and_Capacity/v0.2R2_ACCEPTED/docs/M1_10_v0_2R2_EXECUTION_GUIDE.md,technical_documentation,CANONICAL_BYTE_COPY,1156,39789923865bef634b919021aa705b9e501943665ed136c84e199f4f27657d2f,39789923865bef634b919021aa705b9e501943665ed136c84e199f4f27657d2f,FINAL_M1_17_REVALIDATED,Byte-identical copy from the accepted M1.17/G2 canonical repository.
M1.10,v0.2R2_ACCEPTED,12_M1_10/docs/M1_10_VALIDATION_HISTORY.md,Module_1/1.10_Obligations_Liquidity_and_Capacity/v0.2R2_ACCEPTED/docs/M1_10_VALIDATION_HISTORY.md,technical_documentation,CANONICAL_BYTE_COPY,1683,258352fe57adb49bbd2ab6b6664b32394107486063ede004981df70d93de3478,258352fe57adb49bbd2ab6b6664b32394107486063ede004981df70d93de3478,FINAL_M1_17_REVALIDATED,Byte-identical copy from the accepted M1.17/G2 canonical repository.
M1.10,v0.2R2_ACCEPTED,12_M1_10/docs/M1_10_VALIDATION_MATRIX.md,Module_1/1.10_Obligations_Liquidity_and_Capacity/v0.2R2_ACCEPTED/docs/M1_10_VALIDATION_MATRIX.md,technical_documentation,CANONICAL_BYTE_COPY,802,f4f829302f327591f2b985981d10414ed9ca5e141ebdded36227190788c7bccc,f4f829302f327591f2b985981d10414ed9ca5e141ebdded36227190788c7bccc,FINAL_M1_17_REVALIDATED,Byte-identical copy from the accepted M1.17/G2 canonical repository.
M1.10,v0.2R2_ACCEPTED,12_M1_10/RELEASE_NOTES.md,Module_1/1.10_Obligations_Liquidity_and_Capacity/v0.2R2_ACCEPTED/docs/RELEASE_NOTES.md,release_and_execution_context,CANONICAL_BYTE_COPY,1184,c0ae8663fba0501986a45f7ed54cb2ad17c0514835359962485bab8b611779de,c0ae8663fba0501986a45f7ed54cb2ad17c0514835359962485bab8b611779de,FINAL_M1_17_REVALIDATED,Byte-identical copy from the accepted M1.17/G2 canonical repository.
M1.10,v0.2R2_ACCEPTED,12_M1_10/RELEASE_NOTES_ACCEPTED_v0_2R2.md,Module_1/1.10_Obligations_Liquidity_and_Capacity/v0.2R2_ACCEPTED/docs/RELEASE_NOTES_ACCEPTED_v0_2R2.md,release_and_execution_context,CANONICAL_BYTE_COPY,1184,c0ae8663fba0501986a45f7ed54cb2ad17c0514835359962485bab8b611779de,c0ae8663fba0501986a45f7ed54cb2ad17c0514835359962485bab8b611779de,FINAL_M1_17_REVALIDATED,Byte-identical copy from the accepted M1.17/G2 canonical repository.
PUBLICATION,module-1-g2-v1.0.0,,Module_1/1.10_Obligations_Liquidity_and_Capacity/v0.2R2_ACCEPTED/outputs/README.md,github_publication_derivative,GITHUB_DERIVED_DOCUMENT,,,601a2884fc4a8fd0025a2b812e5d2753a3333a45783156f37405dfc329b8998c,FINAL_G2_PUBLICATION,Generated for the public GitHub projection; does not alter canonical accepted database evidence.
PUBLICATION,module-1-g2-v1.0.0,,Module_1/1.10_Obligations_Liquidity_and_Capacity/v0.2R2_ACCEPTED/RELEASE_METADATA.json,github_publication_derivative,GITHUB_DERIVED_DOCUMENT,,,45be17c4fd9e2b7d72f5740abdcf8745552ad8e00d77d1d4a4825c1c74ff7c65,FINAL_G2_PUBLICATION,Generated for the public GitHub projection; does not alter canonical accepted database evidence.
M1.10,v0.2R2_ACCEPTED,12_M1_10/sql/68_msbf_m1_10_schema_policy_extension_v0_2R2.sql,Module_1/1.10_Obligations_Liquidity_and_Capacity/v0.2R2_ACCEPTED/src/68_msbf_m1_10_schema_policy_extension_v0_2R2.sql,accepted_clean_build_sql,CANONICAL_BYTE_COPY,23446,fbdb780bc1ba44e87b3581f0ce659b7217cac9779ae70f0168bca3c77153589b,fbdb780bc1ba44e87b3581f0ce659b7217cac9779ae70f0168bca3c77153589b,FINAL_M1_17_REVALIDATED,Byte-identical copy from the accepted M1.17/G2 canonical repository.
M1.10,v0.2R2_ACCEPTED,12_M1_10/sql/70_msbf_m1_10_obligations_liquidity_capacity_generation_v0_2R2.sql,Module_1/1.10_Obligations_Liquidity_and_Capacity/v0.2R2_ACCEPTED/src/70_msbf_m1_10_obligations_liquidity_capacity_generation_v0_2R2.sql,accepted_clean_build_sql,CANONICAL_BYTE_COPY,45447,8081e8d648ef9d739d83e7903ce5fae441269d16117f5338d238305fd138f829,8081e8d648ef9d739d83e7903ce5fae441269d16117f5338d238305fd138f829,FINAL_M1_17_REVALIDATED,Byte-identical copy from the accepted M1.17/G2 canonical repository.
M1.10,v0.2R2_ACCEPTED,12_M1_10/sql/71_msbf_m1_10_obligations_liquidity_capacity_validation_v0_2R2.sql,Module_1/1.10_Obligations_Liquidity_and_Capacity/v0.2R2_ACCEPTED/src/71_msbf_m1_10_obligations_liquidity_capacity_validation_v0_2R2.sql,accepted_clean_build_sql,CANONICAL_BYTE_COPY,46322,45cfdb032e61175f62d2c2f7690df41a251fc80cd0468c28c6cad70d5d55a0fd,45cfdb032e61175f62d2c2f7690df41a251fc80cd0468c28c6cad70d5d55a0fd,FINAL_M1_17_REVALIDATED,Byte-identical copy from the accepted M1.17/G2 canonical repository.
M1.10,v0.2R2_ACCEPTED,12_M1_10/sql/72_msbf_m1_10_negative_control_tests_v0_2R2.sql,Module_1/1.10_Obligations_Liquidity_and_Capacity/v0.2R2_ACCEPTED/src/72_msbf_m1_10_negative_control_tests_v0_2R2.sql,accepted_clean_build_sql,CANONICAL_BYTE_COPY,7629,323475b4d31e61c351038fa0f126eed38a1683da8343cbc69bc962e0dd41d24f,323475b4d31e61c351038fa0f126eed38a1683da8343cbc69bc962e0dd41d24f,FINAL_M1_17_REVALIDATED,Byte-identical copy from the accepted M1.17/G2 canonical repository.
M1.10,v0.2R2_ACCEPTED,12_M1_10/sql/73_msbf_m1_10_acceptance_finalize_v0_2R2.sql,Module_1/1.10_Obligations_Liquidity_and_Capacity/v0.2R2_ACCEPTED/src/73_msbf_m1_10_acceptance_finalize_v0_2R2.sql,accepted_clean_build_sql,CANONICAL_BYTE_COPY,8186,df60ccb03139d96fc2c5a69fe4c1b08d52d935032a36c96e30a0df6ff36d2b1f,df60ccb03139d96fc2c5a69fe4c1b08d52d935032a36c96e30a0df6ff36d2b1f,FINAL_M1_17_REVALIDATED,Byte-identical copy from the accepted M1.17/G2 canonical repository.
M1.10,v0.2R2_ACCEPTED,12_M1_10/evidence/M1_10_EVIDENCE_INDEX.md,Module_1/1.10_Obligations_Liquidity_and_Capacity/v0.2R2_ACCEPTED/tests/M1_10_EVIDENCE_INDEX.md,accepted_validation_and_signoff,CANONICAL_BYTE_COPY,1251,ce95bd76e17034e8d99c31c45e3c834026d9606fe104c6169792872a3880be1f,ce95bd76e17034e8d99c31c45e3c834026d9606fe104c6169792872a3880be1f,FINAL_M1_17_REVALIDATED,Byte-identical copy from the accepted M1.17/G2 canonical repository.
M1.10,v0.2R2_ACCEPTED,12_M1_10/evidence/M1_10_LIVE_EXECUTION_EVIDENCE_REVIEW_AND_SIGNOFF.md,Module_1/1.10_Obligations_Liquidity_and_Capacity/v0.2R2_ACCEPTED/tests/M1_10_LIVE_EXECUTION_EVIDENCE_REVIEW_AND_SIGNOFF.md,accepted_validation_and_signoff,CANONICAL_BYTE_COPY,4219,93eecd240e65048a3e38ec0cb2263f871ef8717ebcfffa8c12c3aa820f49e4d9,93eecd240e65048a3e38ec0cb2263f871ef8717ebcfffa8c12c3aa820f49e4d9,FINAL_M1_17_REVALIDATED,Byte-identical copy from the accepted M1.17/G2 canonical repository.
M1.10,v0.2R2_ACCEPTED,12_M1_10/evidence/M1_10_LIVE_EXECUTION_VALIDATION_SUMMARY_v0_2R2.json,Module_1/1.10_Obligations_Liquidity_and_Capacity/v0.2R2_ACCEPTED/tests/M1_10_LIVE_EXECUTION_VALIDATION_SUMMARY_v0_2R2.json,accepted_validation_and_signoff,CANONICAL_BYTE_COPY,2782,714b7e46fde2384e7a23275d01fc8d6c19293c67086305daeb733aa666e748ce,714b7e46fde2384e7a23275d01fc8d6c19293c67086305daeb733aa666e748ce,FINAL_M1_17_REVALIDATED,Byte-identical copy from the accepted M1.17/G2 canonical repository.
M1.10,v0.2R2_ACCEPTED,12_M1_10/evidence/MSBF_M1_10_Obligations_Liquidity_Capacity_Build_Acceptance_Milestone_v0_2R2.txt,Module_1/1.10_Obligations_Liquidity_and_Capacity/v0.2R2_ACCEPTED/tests/MSBF_M1_10_Obligations_Liquidity_Capacity_Build_Acceptance_Milestone_v0_2R2.txt,accepted_validation_and_signoff,CANONICAL_BYTE_COPY,2503,6a51ffe1b4214d1c9eefd01b97f8dad3ea92b4414c41b2b632b945f443a9d279,6a51ffe1b4214d1c9eefd01b97f8dad3ea92b4414c41b2b632b945f443a9d279,FINAL_M1_17_REVALIDATED,Byte-identical copy from the accepted M1.17/G2 canonical repository.
M1.10,v0.2R2_ACCEPTED,12_M1_10/PACKAGE_VALIDATION_REPORT.md,Module_1/1.10_Obligations_Liquidity_and_Capacity/v0.2R2_ACCEPTED/tests/PACKAGE_VALIDATION_REPORT.md,static_package_validation_summary,CANONICAL_BYTE_COPY,1292,35ead22560abe073077af2457b15057b66895556f782c1b430471ec5ee59212e,35ead22560abe073077af2457b15057b66895556f782c1b430471ec5ee59212e,FINAL_M1_17_REVALIDATED,Byte-identical copy from the accepted M1.17/G2 canonical repository.
M1.10,v0.2R2_ACCEPTED,12_M1_10/tests/68A_msbf_m1_10_failed_generation_recovery_check_v0_2.sql,Module_1/1.10_Obligations_Liquidity_and_Capacity/v0.2R2_ACCEPTED/tests/review_queries/68A_msbf_m1_10_failed_generation_recovery_check_v0_2.sql,validation_recovery_reporting_source,CANONICAL_BYTE_COPY,1168,f3e3fe6cde55d13cbc7e5b47dea257a8ba45ecc03dbd9959ed66ffd945f3adb4,f3e3fe6cde55d13cbc7e5b47dea257a8ba45ecc03dbd9959ed66ffd945f3adb4,FINAL_M1_17_REVALIDATED,Byte-identical copy from the accepted M1.17/G2 canonical repository.
M1.10,v0.2R2_ACCEPTED,12_M1_10/tests/68B_msbf_m1_10_pre_generation_recovery_check_v0_2R1.sql,Module_1/1.10_Obligations_Liquidity_and_Capacity/v0.2R2_ACCEPTED/tests/review_queries/68B_msbf_m1_10_pre_generation_recovery_check_v0_2R1.sql,validation_recovery_reporting_source,CANONICAL_BYTE_COPY,2896,bdb69b3e091a557c2690abb49fd43cbb62a2ab8caf5464c84ae19a68d45b8eba,bdb69b3e091a557c2690abb49fd43cbb62a2ab8caf5464c84ae19a68d45b8eba,FINAL_M1_17_REVALIDATED,Byte-identical copy from the accepted M1.17/G2 canonical repository.
M1.10,v0.2R2_ACCEPTED,12_M1_10/tests/68C_msbf_m1_10_failed_validation_syntax_recovery_check_v0_2R2.sql,Module_1/1.10_Obligations_Liquidity_and_Capacity/v0.2R2_ACCEPTED/tests/review_queries/68C_msbf_m1_10_failed_validation_syntax_recovery_check_v0_2R2.sql,validation_recovery_reporting_source,CANONICAL_BYTE_COPY,5279,a64fcf80383815459e5c7ab9d94cefe072f24b890dbca4715f4e22d8ef81f919,a64fcf80383815459e5c7ab9d94cefe072f24b890dbca4715f4e22d8ef81f919,FINAL_M1_17_REVALIDATED,Byte-identical copy from the accepted M1.17/G2 canonical repository.
M1.10,v0.2R2_ACCEPTED,12_M1_10/tests/69_msbf_m1_10_preflight_validation_v0_2R2.sql,Module_1/1.10_Obligations_Liquidity_and_Capacity/v0.2R2_ACCEPTED/tests/review_queries/69_msbf_m1_10_preflight_validation_v0_2R2.sql,validation_recovery_reporting_source,CANONICAL_BYTE_COPY,8644,512df3d9bc0c8d9a219db644145c017d89b131b38fb3bd44cc504ba0a6bc1dde,512df3d9bc0c8d9a219db644145c017d89b131b38fb3bd44cc504ba0a6bc1dde,FINAL_M1_17_REVALIDATED,Byte-identical copy from the accepted M1.17/G2 canonical repository.
M1.10,v0.2R2_ACCEPTED,12_M1_10/tests/70A_msbf_m1_10_generation_reconciliation_reconstructed_v0_2R2.sql,Module_1/1.10_Obligations_Liquidity_and_Capacity/v0.2R2_ACCEPTED/tests/review_queries/70A_msbf_m1_10_generation_reconciliation_reconstructed_v0_2R2.sql,validation_recovery_reporting_source,CANONICAL_BYTE_COPY,2290,3eab16b799e6ebe2f2abe58dcfa43baaa25120229c54e9ae7fd478c38cef0a85,3eab16b799e6ebe2f2abe58dcfa43baaa25120229c54e9ae7fd478c38cef0a85,FINAL_M1_17_REVALIDATED,Byte-identical copy from the accepted M1.17/G2 canonical repository.
M1.10,v0.2R2_ACCEPTED,12_M1_10/tests/74_MSBF_M1_10_Obligations_Liquidity_Capacity_Master_Report_v0_2R2.sql,Module_1/1.10_Obligations_Liquidity_and_Capacity/v0.2R2_ACCEPTED/tests/review_queries/74_MSBF_M1_10_Obligations_Liquidity_Capacity_Master_Report_v0_2R2.sql,validation_recovery_reporting_source,CANONICAL_BYTE_COPY,6246,4e36592fde3bc11e6f30ce3c7cee5935c86ea24022cd2f739da734f7377db270,4e36592fde3bc11e6f30ce3c7cee5935c86ea24022cd2f739da734f7377db270,FINAL_M1_17_REVALIDATED,Byte-identical copy from the accepted M1.17/G2 canonical repository.
M1.10,v0.2R2_ACCEPTED,12_M1_10/tests/75_MSBF_M1_10_Obligations_Liquidity_Capacity_Detail_Report_v0_2R2.sql,Module_1/1.10_Obligations_Liquidity_and_Capacity/v0.2R2_ACCEPTED/tests/review_queries/75_MSBF_M1_10_Obligations_Liquidity_Capacity_Detail_Report_v0_2R2.sql,validation_recovery_reporting_source,CANONICAL_BYTE_COPY,11772,d92cd76f5cdca6575d3a01cb2275637dd2b21b882f9e500e525fd21d18b499ea,d92cd76f5cdca6575d3a01cb2275637dd2b21b882f9e500e525fd21d18b499ea,FINAL_M1_17_REVALIDATED,Byte-identical copy from the accepted M1.17/G2 canonical repository.
M1.10,v0.2R2_ACCEPTED,12_M1_10/tests/99_m1_10_static_package_validation.py,Module_1/1.10_Obligations_Liquidity_and_Capacity/v0.2R2_ACCEPTED/tests/review_queries/99_m1_10_static_package_validation.py,validation_recovery_reporting_source,CANONICAL_BYTE_COPY,955,4ec33fa3ebb9b7829d2a0dd5430a759f7fccac82cac4bf69a96e99c7e220a522,4ec33fa3ebb9b7829d2a0dd5430a759f7fccac82cac4bf69a96e99c7e220a522,FINAL_M1_17_REVALIDATED,Byte-identical copy from the accepted M1.17/G2 canonical repository.
PUBLICATION,module-1-g2-v1.0.0,,Module_1/1.11_Cash_Flow_Archetypes_and_Resilience/README.md,github_publication_derivative,GITHUB_DERIVED_DOCUMENT,,,5fac40e91496143c442d694f6761e0137bef9129f7093f9197fb02681f56da29,FINAL_G2_PUBLICATION,Generated for the public GitHub projection; does not alter canonical accepted database evidence.
M1.11,v0.2R2_ACCEPTED,13_M1_11/ACCEPTED_EXECUTION_PATH.md,Module_1/1.11_Cash_Flow_Archetypes_and_Resilience/v0.2R2_ACCEPTED/docs/ACCEPTED_EXECUTION_PATH.md,release_and_execution_context,CANONICAL_BYTE_COPY,1865,c57d19d495223e143a3b9a1439e1c20f5a5dd05cc6e506e5d2624fb1f2aaef4a,c57d19d495223e143a3b9a1439e1c20f5a5dd05cc6e506e5d2624fb1f2aaef4a,FINAL_M1_17_REVALIDATED,Byte-identical copy from the accepted M1.17/G2 canonical repository.
M1.11,v0.2R2_ACCEPTED,13_M1_11/catalogs/M1_11_ACCEPTED_EXECUTION_ORDER_v0_2R2.csv,Module_1/1.11_Cash_Flow_Archetypes_and_Resilience/v0.2R2_ACCEPTED/docs/catalogs/M1_11_ACCEPTED_EXECUTION_ORDER_v0_2R2.csv,dictionary_configuration_or_control_catalog,CANONICAL_BYTE_COPY,924,1327212014ce42aff5cebf5ed43ad951113eecd5107356fc8e8f317b2cf00a71,1327212014ce42aff5cebf5ed43ad951113eecd5107356fc8e8f317b2cf00a71,FINAL_M1_17_REVALIDATED,Byte-identical copy from the accepted M1.17/G2 canonical repository.
M1.11,v0.2R2_ACCEPTED,13_M1_11/catalogs/M1_11_ACCEPTED_EXPECTED_RESULTS_v0_2R2.json,Module_1/1.11_Cash_Flow_Archetypes_and_Resilience/v0.2R2_ACCEPTED/docs/catalogs/M1_11_ACCEPTED_EXPECTED_RESULTS_v0_2R2.json,dictionary_configuration_or_control_catalog,CANONICAL_BYTE_COPY,848,779d20ad39573640b6c80dd2a49c885e4c647eae6032686b5b3e79d1fa5022cb,779d20ad39573640b6c80dd2a49c885e4c647eae6032686b5b3e79d1fa5022cb,FINAL_M1_17_REVALIDATED,Byte-identical copy from the accepted M1.17/G2 canonical repository.
M1.11,v0.2R2_ACCEPTED,13_M1_11/catalogs/M1_11_COMPONENT_MATRIX.csv,Module_1/1.11_Cash_Flow_Archetypes_and_Resilience/v0.2R2_ACCEPTED/docs/catalogs/M1_11_COMPONENT_MATRIX.csv,dictionary_configuration_or_control_catalog,CANONICAL_BYTE_COPY,438,5aa1d84db55ab52c2e85d7a3fc90875193004f4fd4453968e25605f282cbafe9,5aa1d84db55ab52c2e85d7a3fc90875193004f4fd4453968e25605f282cbafe9,FINAL_M1_17_REVALIDATED,Byte-identical copy from the accepted M1.17/G2 canonical repository.
M1.11,v0.2R2_ACCEPTED,13_M1_11/catalogs/M1_11_EXECUTION_ORDER.csv,Module_1/1.11_Cash_Flow_Archetypes_and_Resilience/v0.2R2_ACCEPTED/docs/catalogs/M1_11_EXECUTION_ORDER.csv,dictionary_configuration_or_control_catalog,CANONICAL_BYTE_COPY,924,1327212014ce42aff5cebf5ed43ad951113eecd5107356fc8e8f317b2cf00a71,1327212014ce42aff5cebf5ed43ad951113eecd5107356fc8e8f317b2cf00a71,FINAL_M1_17_REVALIDATED,Byte-identical copy from the accepted M1.17/G2 canonical repository.
M1.11,v0.2R2_ACCEPTED,13_M1_11/catalogs/M1_11_EXPECTED_RESULTS.json,Module_1/1.11_Cash_Flow_Archetypes_and_Resilience/v0.2R2_ACCEPTED/docs/catalogs/M1_11_EXPECTED_RESULTS.json,dictionary_configuration_or_control_catalog,CANONICAL_BYTE_COPY,848,779d20ad39573640b6c80dd2a49c885e4c647eae6032686b5b3e79d1fa5022cb,779d20ad39573640b6c80dd2a49c885e4c647eae6032686b5b3e79d1fa5022cb,FINAL_M1_17_REVALIDATED,Byte-identical copy from the accepted M1.17/G2 canonical repository.
M1.11,v0.2R2_ACCEPTED,13_M1_11/catalogs/M1_11_FIELD_DICTIONARY.csv,Module_1/1.11_Cash_Flow_Archetypes_and_Resilience/v0.2R2_ACCEPTED/docs/catalogs/M1_11_FIELD_DICTIONARY.csv,dictionary_configuration_or_control_catalog,CANONICAL_BYTE_COPY,8042,9f90b04828236f42c1b2974f683129e240fa5ae5edf43386e351690b54445021,9f90b04828236f42c1b2974f683129e240fa5ae5edf43386e351690b54445021,FINAL_M1_17_REVALIDATED,Byte-identical copy from the accepted M1.17/G2 canonical repository.
M1.11,v0.2R2_ACCEPTED,13_M1_11/catalogs/M1_11_PARAMETER_DICTIONARY.csv,Module_1/1.11_Cash_Flow_Archetypes_and_Resilience/v0.2R2_ACCEPTED/docs/catalogs/M1_11_PARAMETER_DICTIONARY.csv,dictionary_configuration_or_control_catalog,CANONICAL_BYTE_COPY,2837,0e20501ea7b0b84c0e8ef48375199c975ffa1ab5d440de675801e4ef5200fa9b,0e20501ea7b0b84c0e8ef48375199c975ffa1ab5d440de675801e4ef5200fa9b,FINAL_M1_17_REVALIDATED,Byte-identical copy from the accepted M1.17/G2 canonical repository.
M1.11,v0.2R2_ACCEPTED,13_M1_11/catalogs/M1_11_PARAMETER_VALUES.csv,Module_1/1.11_Cash_Flow_Archetypes_and_Resilience/v0.2R2_ACCEPTED/docs/catalogs/M1_11_PARAMETER_VALUES.csv,dictionary_configuration_or_control_catalog,CANONICAL_BYTE_COPY,2902,f62646e90cd67e1663a6891576e136e15d8f9a5dd4e355cff0417db74c0b7a9f,f62646e90cd67e1663a6891576e136e15d8f9a5dd4e355cff0417db74c0b7a9f,FINAL_M1_17_REVALIDATED,Byte-identical copy from the accepted M1.17/G2 canonical repository.
M1.11,v0.2R2_ACCEPTED,13_M1_11/catalogs/M1_11_PHYSICAL_DEPENDENCY_COLUMNS.csv,Module_1/1.11_Cash_Flow_Archetypes_and_Resilience/v0.2R2_ACCEPTED/docs/catalogs/M1_11_PHYSICAL_DEPENDENCY_COLUMNS.csv,dictionary_configuration_or_control_catalog,CANONICAL_BYTE_COPY,709,926f3b2127d20e35d23777e5931adcf1a2d1cbfb9878a4a29c54ea3fdc847882,926f3b2127d20e35d23777e5931adcf1a2d1cbfb9878a4a29c54ea3fdc847882,FINAL_M1_17_REVALIDATED,Byte-identical copy from the accepted M1.17/G2 canonical repository.
M1.11,v0.2R2_ACCEPTED,13_M1_11/catalogs/M1_11_RUN_CONFIGURATION.json,Module_1/1.11_Cash_Flow_Archetypes_and_Resilience/v0.2R2_ACCEPTED/docs/catalogs/M1_11_RUN_CONFIGURATION.json,dictionary_configuration_or_control_catalog,CANONICAL_BYTE_COPY,229,ef0f1e506f273e3ba50ce8ce0f225eed70c24c6afd5f274886b81efff6d98b37,ef0f1e506f273e3ba50ce8ce0f225eed70c24c6afd5f274886b81efff6d98b37,FINAL_M1_17_REVALIDATED,Byte-identical copy from the accepted M1.17/G2 canonical repository.
M1.11,v0.2R2_ACCEPTED,13_M1_11/catalogs/M1_11_SCHEMA_EXTENSION_COLUMNS.csv,Module_1/1.11_Cash_Flow_Archetypes_and_Resilience/v0.2R2_ACCEPTED/docs/catalogs/M1_11_SCHEMA_EXTENSION_COLUMNS.csv,dictionary_configuration_or_control_catalog,CANONICAL_BYTE_COPY,5144,c09c3c95c86042f38def9777fa430ea153a7c26ece2b535a04360a7afc0e23c5,c09c3c95c86042f38def9777fa430ea153a7c26ece2b535a04360a7afc0e23c5,FINAL_M1_17_REVALIDATED,Byte-identical copy from the accepted M1.17/G2 canonical repository.
M1.11,v0.2R2_ACCEPTED,13_M1_11/catalogs/M1_11_SCHEMA_EXTENSION_TABLES.csv,Module_1/1.11_Cash_Flow_Archetypes_and_Resilience/v0.2R2_ACCEPTED/docs/catalogs/M1_11_SCHEMA_EXTENSION_TABLES.csv,dictionary_configuration_or_control_catalog,CANONICAL_BYTE_COPY,231,d70a4197c7c6ce1fcc191469c3d256db9bdf7eae54f8bdaf44efc3664690a05d,d70a4197c7c6ce1fcc191469c3d256db9bdf7eae54f8bdaf44efc3664690a05d,FINAL_M1_17_REVALIDATED,Byte-identical copy from the accepted M1.17/G2 canonical repository.
PUBLICATION,module-1-g2-v1.0.0,,Module_1/1.11_Cash_Flow_Archetypes_and_Resilience/v0.2R2_ACCEPTED/docs/CORRECTION_HISTORY.md,github_publication_derivative,GITHUB_DERIVED_DOCUMENT,,,d67b7e593bcbdc179107d8a83889e7bf03320a2528ad8e9aef6c9e4153cbdcf4,FINAL_G2_PUBLICATION,Generated for the public GitHub projection; does not alter canonical accepted database evidence.
M1.11,v0.2R2_ACCEPTED,13_M1_11/diagrams/M1_11_ARCHITECTURE.png,Module_1/1.11_Cash_Flow_Archetypes_and_Resilience/v0.2R2_ACCEPTED/docs/diagrams/M1_11_ARCHITECTURE.png,architecture_diagram,CANONICAL_BYTE_COPY,41061,dd86a46710aa41ca5057b16fd9a6f380f95dc26d7257276e952a02c45931d7d4,dd86a46710aa41ca5057b16fd9a6f380f95dc26d7257276e952a02c45931d7d4,FINAL_M1_17_REVALIDATED,Byte-identical copy from the accepted M1.17/G2 canonical repository.
M1.11,v0.2R2_ACCEPTED,13_M1_11/diagrams/M1_11_ARCHITECTURE.svg,Module_1/1.11_Cash_Flow_Archetypes_and_Resilience/v0.2R2_ACCEPTED/docs/diagrams/M1_11_ARCHITECTURE.svg,architecture_diagram,CANONICAL_BYTE_COPY,7424,757c854646b679369da3e3d4fe36f86821c244f4a3b2513eaa80c9d288746a60,757c854646b679369da3e3d4fe36f86821c244f4a3b2513eaa80c9d288746a60,FINAL_M1_17_REVALIDATED,Byte-identical copy from the accepted M1.17/G2 canonical repository.
M1.11,v0.2R2_ACCEPTED,13_M1_11/docs/M1_11_ACCEPTED_EXECUTION_GUIDE_v0_2R2.md,Module_1/1.11_Cash_Flow_Archetypes_and_Resilience/v0.2R2_ACCEPTED/docs/M1_11_ACCEPTED_EXECUTION_GUIDE_v0_2R2.md,technical_documentation,CANONICAL_BYTE_COPY,1697,3e9ae364a1be64306072613b3507696acb2b5e8cfe5d5c3bc8294bc4b5cfaa19,3e9ae364a1be64306072613b3507696acb2b5e8cfe5d5c3bc8294bc4b5cfaa19,FINAL_M1_17_REVALIDATED,Byte-identical copy from the accepted M1.17/G2 canonical repository.
M1.11,v0.2R2_ACCEPTED,13_M1_11/docs/M1_11_ARCHITECTURE.md,Module_1/1.11_Cash_Flow_Archetypes_and_Resilience/v0.2R2_ACCEPTED/docs/M1_11_ARCHITECTURE.md,technical_documentation,CANONICAL_BYTE_COPY,875,6774a03cc2b5d8fa71b31831d42f1ce64fbaa6403c41836e4ab55263575a6a31,6774a03cc2b5d8fa71b31831d42f1ce64fbaa6403c41836e4ab55263575a6a31,FINAL_M1_17_REVALIDATED,Byte-identical copy from the accepted M1.17/G2 canonical repository.
M1.11,v0.2R2_ACCEPTED,13_M1_11/docs/M1_11_COMMENTARY_ONLY_REFACTOR_VERIFICATION.md,Module_1/1.11_Cash_Flow_Archetypes_and_Resilience/v0.2R2_ACCEPTED/docs/M1_11_COMMENTARY_ONLY_REFACTOR_VERIFICATION.md,technical_documentation,CANONICAL_BYTE_COPY,2148,40c31c535cbb9aa4012ea0457f774ac04fc3485e9748a8ab714ab12b405a3030,40c31c535cbb9aa4012ea0457f774ac04fc3485e9748a8ab714ab12b405a3030,FINAL_M1_17_REVALIDATED,Byte-identical copy from the accepted M1.17/G2 canonical repository.
M1.11,v0.2R2_ACCEPTED,13_M1_11/docs/M1_11_DESIGN_AND_GENERATION_SPECIFICATION.md,Module_1/1.11_Cash_Flow_Archetypes_and_Resilience/v0.2R2_ACCEPTED/docs/M1_11_DESIGN_AND_GENERATION_SPECIFICATION.md,technical_documentation,CANONICAL_BYTE_COPY,1638,f243f30ff6a9b30afbc70c5ff8a85c764201bab6fe86c7649dcc56b8b196dbc3,f243f30ff6a9b30afbc70c5ff8a85c764201bab6fe86c7649dcc56b8b196dbc3,FINAL_M1_17_REVALIDATED,Byte-identical copy from the accepted M1.17/G2 canonical repository.
M1.11,v0.2R2_ACCEPTED,13_M1_11/docs/M1_11_EXECUTION_AND_VALIDATION_GUIDE.md,Module_1/1.11_Cash_Flow_Archetypes_and_Resilience/v0.2R2_ACCEPTED/docs/M1_11_EXECUTION_AND_VALIDATION_GUIDE.md,technical_documentation,CANONICAL_BYTE_COPY,1352,f19395ca5b09c21b740368684db899260ce8edd8ed419559d9ea40676755eb4f,f19395ca5b09c21b740368684db899260ce8edd8ed419559d9ea40676755eb4f,FINAL_M1_17_REVALIDATED,Byte-identical copy from the accepted M1.17/G2 canonical repository.
M1.11,v0.2R2_ACCEPTED,13_M1_11/docs/M1_11_PARAMETER_DICTIONARY.md,Module_1/1.11_Cash_Flow_Archetypes_and_Resilience/v0.2R2_ACCEPTED/docs/M1_11_PARAMETER_DICTIONARY.md,technical_documentation,CANONICAL_BYTE_COPY,470,5cf703ed4a0a3ead8152562e020f653be27193199edd66ed3439f3a24e01cce2,5cf703ed4a0a3ead8152562e020f653be27193199edd66ed3439f3a24e01cce2,FINAL_M1_17_REVALIDATED,Byte-identical copy from the accepted M1.17/G2 canonical repository.
M1.11,v0.2R2_ACCEPTED,13_M1_11/docs/M1_11_VALIDATION_HISTORY.md,Module_1/1.11_Cash_Flow_Archetypes_and_Resilience/v0.2R2_ACCEPTED/docs/M1_11_VALIDATION_HISTORY.md,technical_documentation,CANONICAL_BYTE_COPY,2017,fa6f885296dc66c6f670223f7573eb5df64d05df04ddfe10fe2188bbc636e575,fa6f885296dc66c6f670223f7573eb5df64d05df04ddfe10fe2188bbc636e575,FINAL_M1_17_REVALIDATED,Byte-identical copy from the accepted M1.17/G2 canonical repository.
M1.11,v0.2R2_ACCEPTED,13_M1_11/docs/M1_11_VALIDATION_MATRIX.md,Module_1/1.11_Cash_Flow_Archetypes_and_Resilience/v0.2R2_ACCEPTED/docs/M1_11_VALIDATION_MATRIX.md,technical_documentation,CANONICAL_BYTE_COPY,623,1f0257715e26ffc0e7cd203098f6309072464727e36b7240fd4a019772bdbdad,1f0257715e26ffc0e7cd203098f6309072464727e36b7240fd4a019772bdbdad,FINAL_M1_17_REVALIDATED,Byte-identical copy from the accepted M1.17/G2 canonical repository.
M1.11,v0.2R2_ACCEPTED,13_M1_11/RELEASE_NOTES.md,Module_1/1.11_Cash_Flow_Archetypes_and_Resilience/v0.2R2_ACCEPTED/docs/RELEASE_NOTES.md,release_and_execution_context,CANONICAL_BYTE_COPY,1213,457f090a4cd99fc505a5c509e42f7f1cad0a5b9f41f0a02e8f8b78666b92563c,457f090a4cd99fc505a5c509e42f7f1cad0a5b9f41f0a02e8f8b78666b92563c,FINAL_M1_17_REVALIDATED,Byte-identical copy from the accepted M1.17/G2 canonical repository.
M1.11,v0.2R2_ACCEPTED,13_M1_11/RELEASE_NOTES_ACCEPTED_v0_2R2.md,Module_1/1.11_Cash_Flow_Archetypes_and_Resilience/v0.2R2_ACCEPTED/docs/RELEASE_NOTES_ACCEPTED_v0_2R2.md,release_and_execution_context,CANONICAL_BYTE_COPY,1213,457f090a4cd99fc505a5c509e42f7f1cad0a5b9f41f0a02e8f8b78666b92563c,457f090a4cd99fc505a5c509e42f7f1cad0a5b9f41f0a02e8f8b78666b92563c,FINAL_M1_17_REVALIDATED,Byte-identical copy from the accepted M1.17/G2 canonical repository.
PUBLICATION,module-1-g2-v1.0.0,,Module_1/1.11_Cash_Flow_Archetypes_and_Resilience/v0.2R2_ACCEPTED/outputs/README.md,github_publication_derivative,GITHUB_DERIVED_DOCUMENT,,,a8b114fc382eac92c7e7cb540d5f151a5e993ec9a01b93abf99ffd0c9911fd89,FINAL_G2_PUBLICATION,Generated for the public GitHub projection; does not alter canonical accepted database evidence.
PUBLICATION,module-1-g2-v1.0.0,,Module_1/1.11_Cash_Flow_Archetypes_and_Resilience/v0.2R2_ACCEPTED/RELEASE_METADATA.json,github_publication_derivative,GITHUB_DERIVED_DOCUMENT,,,5d5a16afa2d550005443dbfbca1f40c9e4922a1deb4d939f4a683e43d0a72a76,FINAL_G2_PUBLICATION,Generated for the public GitHub projection; does not alter canonical accepted database evidence.
M1.11,v0.2R2_ACCEPTED,13_M1_11/sql/76_msbf_m1_11_schema_policy_extension_v0_2R2.sql,Module_1/1.11_Cash_Flow_Archetypes_and_Resilience/v0.2R2_ACCEPTED/src/76_msbf_m1_11_schema_policy_extension_v0_2R2.sql,accepted_clean_build_sql,CANONICAL_BYTE_COPY,21760,b12e3bc93462da2dcfc5f9010dab26e7c05aa1c0dd5825e6b67b77503d3afbd6,b12e3bc93462da2dcfc5f9010dab26e7c05aa1c0dd5825e6b67b77503d3afbd6,FINAL_M1_17_REVALIDATED,Byte-identical copy from the accepted M1.17/G2 canonical repository.
M1.11,v0.2R2_ACCEPTED,13_M1_11/sql/78_msbf_m1_11_cashflow_archetype_resilience_generation_v0_2R2.sql,Module_1/1.11_Cash_Flow_Archetypes_and_Resilience/v0.2R2_ACCEPTED/src/78_msbf_m1_11_cashflow_archetype_resilience_generation_v0_2R2.sql,accepted_clean_build_sql,CANONICAL_BYTE_COPY,34724,8d589fe3a34b06ef5589dc89667666b9f06dd0876153c8e178647145cbe76f4a,8d589fe3a34b06ef5589dc89667666b9f06dd0876153c8e178647145cbe76f4a,FINAL_M1_17_REVALIDATED,Byte-identical copy from the accepted M1.17/G2 canonical repository.
M1.11,v0.2R2_ACCEPTED,13_M1_11/sql/79_msbf_m1_11_cashflow_archetype_resilience_validation_v0_2R2.sql,Module_1/1.11_Cash_Flow_Archetypes_and_Resilience/v0.2R2_ACCEPTED/src/79_msbf_m1_11_cashflow_archetype_resilience_validation_v0_2R2.sql,accepted_clean_build_sql,CANONICAL_BYTE_COPY,47209,f3988843eae437681e806c357c9bfcd7ce2629ad70053fad2a06a787e77f84af,f3988843eae437681e806c357c9bfcd7ce2629ad70053fad2a06a787e77f84af,FINAL_M1_17_REVALIDATED,Byte-identical copy from the accepted M1.17/G2 canonical repository.
M1.11,v0.2R2_ACCEPTED,13_M1_11/sql/80_msbf_m1_11_negative_control_tests_v0_2R2.sql,Module_1/1.11_Cash_Flow_Archetypes_and_Resilience/v0.2R2_ACCEPTED/src/80_msbf_m1_11_negative_control_tests_v0_2R2.sql,accepted_clean_build_sql,CANONICAL_BYTE_COPY,6259,f07de96ca22eb26f294fce7b0c3419c47fe95ec8f19aed6a6b99df225fada37a,f07de96ca22eb26f294fce7b0c3419c47fe95ec8f19aed6a6b99df225fada37a,FINAL_M1_17_REVALIDATED,Byte-identical copy from the accepted M1.17/G2 canonical repository.
M1.11,v0.2R2_ACCEPTED,13_M1_11/sql/81_msbf_m1_11_acceptance_finalize_v0_2R2.sql,Module_1/1.11_Cash_Flow_Archetypes_and_Resilience/v0.2R2_ACCEPTED/src/81_msbf_m1_11_acceptance_finalize_v0_2R2.sql,accepted_clean_build_sql,CANONICAL_BYTE_COPY,10038,0afafd1b71916ee23defa5ebed2b12c77747b97b668c1eb7b757183c71c43712,0afafd1b71916ee23defa5ebed2b12c77747b97b668c1eb7b757183c71c43712,FINAL_M1_17_REVALIDATED,Byte-identical copy from the accepted M1.17/G2 canonical repository.
M1.11,v0.2R2_ACCEPTED,13_M1_11/evidence/M1_11_EVIDENCE_INDEX.md,Module_1/1.11_Cash_Flow_Archetypes_and_Resilience/v0.2R2_ACCEPTED/tests/M1_11_EVIDENCE_INDEX.md,accepted_validation_and_signoff,CANONICAL_BYTE_COPY,2142,82c610047797a7acc96df232bb6c1acabc7db784425be47e62e05305d01e6daf,82c610047797a7acc96df232bb6c1acabc7db784425be47e62e05305d01e6daf,FINAL_M1_17_REVALIDATED,Byte-identical copy from the accepted M1.17/G2 canonical repository.
M1.11,v0.2R2_ACCEPTED,13_M1_11/evidence/M1_11_LIVE_EXECUTION_EVIDENCE_REVIEW_AND_SIGNOFF.md,Module_1/1.11_Cash_Flow_Archetypes_and_Resilience/v0.2R2_ACCEPTED/tests/M1_11_LIVE_EXECUTION_EVIDENCE_REVIEW_AND_SIGNOFF.md,accepted_validation_and_signoff,CANONICAL_BYTE_COPY,5200,3e18899d7e6fc3a01bd804e777bcd73da839462fd1abc93e2aa38e166c0c1d52,3e18899d7e6fc3a01bd804e777bcd73da839462fd1abc93e2aa38e166c0c1d52,FINAL_M1_17_REVALIDATED,Byte-identical copy from the accepted M1.17/G2 canonical repository.
M1.11,v0.2R2_ACCEPTED,13_M1_11/evidence/M1_11_LIVE_EXECUTION_VALIDATION_SUMMARY_v0_2R2.json,Module_1/1.11_Cash_Flow_Archetypes_and_Resilience/v0.2R2_ACCEPTED/tests/M1_11_LIVE_EXECUTION_VALIDATION_SUMMARY_v0_2R2.json,accepted_validation_and_signoff,CANONICAL_BYTE_COPY,10009,60fcb93e560a6f2c875f85d8d7684b9fed4d247913f6cca8d0d0f8e9df069f6b,60fcb93e560a6f2c875f85d8d7684b9fed4d247913f6cca8d0d0f8e9df069f6b,FINAL_M1_17_REVALIDATED,Byte-identical copy from the accepted M1.17/G2 canonical repository.
M1.11,v0.2R2_ACCEPTED,13_M1_11/evidence/MSBF_M1_11_Cash_Flow_Archetypes_Operating_Resilience_Build_Acceptance_Milestone_v0_2R2.txt,Module_1/1.11_Cash_Flow_Archetypes_and_Resilience/v0.2R2_ACCEPTED/tests/MSBF_M1_11_Cash_Flow_Archetypes_Operating_Resilience_Build_Acceptance_Milestone_v0_2R2.txt,accepted_validation_and_signoff,CANONICAL_BYTE_COPY,3234,37abf1dabac7800d95d837b057bbd44b82c30709657f2f7d4bb094960335d5b0,37abf1dabac7800d95d837b057bbd44b82c30709657f2f7d4bb094960335d5b0,FINAL_M1_17_REVALIDATED,Byte-identical copy from the accepted M1.17/G2 canonical repository.
M1.11,v0.2R2_ACCEPTED,13_M1_11/PACKAGE_VALIDATION_REPORT.md,Module_1/1.11_Cash_Flow_Archetypes_and_Resilience/v0.2R2_ACCEPTED/tests/PACKAGE_VALIDATION_REPORT.md,static_package_validation_summary,CANONICAL_BYTE_COPY,3391,9d5ddb6849dbe50ff721f1615fb7fe2786eb28a27678c4319ff0b8b4d3262847,9d5ddb6849dbe50ff721f1615fb7fe2786eb28a27678c4319ff0b8b4d3262847,FINAL_M1_17_REVALIDATED,Byte-identical copy from the accepted M1.17/G2 canonical repository.
M1.11,v0.2R2_ACCEPTED,13_M1_11/tests/76A_msbf_m1_11_failed_generation_recovery_check_v0_2.sql,Module_1/1.11_Cash_Flow_Archetypes_and_Resilience/v0.2R2_ACCEPTED/tests/review_queries/76A_msbf_m1_11_failed_generation_recovery_check_v0_2.sql,validation_recovery_reporting_source,CANONICAL_BYTE_COPY,1158,b7fe0f0edd9bc8a117ed4f1a1eec77ebbd8125f0bc7a39c066e5b73871c0838b,b7fe0f0edd9bc8a117ed4f1a1eec77ebbd8125f0bc7a39c066e5b73871c0838b,FINAL_M1_17_REVALIDATED,Byte-identical copy from the accepted M1.17/G2 canonical repository.
M1.11,v0.2R2_ACCEPTED,13_M1_11/tests/77_msbf_m1_11_preflight_validation_v0_2R2.sql,Module_1/1.11_Cash_Flow_Archetypes_and_Resilience/v0.2R2_ACCEPTED/tests/review_queries/77_msbf_m1_11_preflight_validation_v0_2R2.sql,validation_recovery_reporting_source,CANONICAL_BYTE_COPY,8968,4c21b04a600b5650adf08fe3a09c1ee52fb3e0c3e8bee445a0995cd973ca2607,4c21b04a600b5650adf08fe3a09c1ee52fb3e0c3e8bee445a0995cd973ca2607,FINAL_M1_17_REVALIDATED,Byte-identical copy from the accepted M1.17/G2 canonical repository.
M1.11,v0.2R2_ACCEPTED,13_M1_11/tests/78A_msbf_m1_11_generation_reconciliation_reconstructed_v0_2.sql,Module_1/1.11_Cash_Flow_Archetypes_and_Resilience/v0.2R2_ACCEPTED/tests/review_queries/78A_msbf_m1_11_generation_reconciliation_reconstructed_v0_2.sql,validation_recovery_reporting_source,CANONICAL_BYTE_COPY,2069,6eb95447f1382eb46155c0cf37bfa2faab94d9022af2d9d6a216255260d1d65c,6eb95447f1382eb46155c0cf37bfa2faab94d9022af2d9d6a216255260d1d65c,FINAL_M1_17_REVALIDATED,Byte-identical copy from the accepted M1.17/G2 canonical repository.
M1.11,v0.2R2_ACCEPTED,13_M1_11/tests/82_MSBF_M1_11_Cash_Flow_Archetypes_Operating_Resilience_Master_Report_v0_2R2.sql,Module_1/1.11_Cash_Flow_Archetypes_and_Resilience/v0.2R2_ACCEPTED/tests/review_queries/82_MSBF_M1_11_Cash_Flow_Archetypes_Operating_Resilience_Master_Report_v0_2R2.sql,validation_recovery_reporting_source,CANONICAL_BYTE_COPY,12291,9c2ef3f1e1392c8ff28bce4f9d49114c0ac9c1ffcffe0a5193c262c00a159ad9,9c2ef3f1e1392c8ff28bce4f9d49114c0ac9c1ffcffe0a5193c262c00a159ad9,FINAL_M1_17_REVALIDATED,Byte-identical copy from the accepted M1.17/G2 canonical repository.
M1.11,v0.2R2_ACCEPTED,13_M1_11/tests/83_MSBF_M1_11_Cash_Flow_Archetypes_Operating_Resilience_Detail_Report_v0_2R2.sql,Module_1/1.11_Cash_Flow_Archetypes_and_Resilience/v0.2R2_ACCEPTED/tests/review_queries/83_MSBF_M1_11_Cash_Flow_Archetypes_Operating_Resilience_Detail_Report_v0_2R2.sql,validation_recovery_reporting_source,CANONICAL_BYTE_COPY,14878,f0f137b69a5a904a4283de2c1ac1601d12c16fa13af9aaed4944da4e5bda6888,f0f137b69a5a904a4283de2c1ac1601d12c16fa13af9aaed4944da4e5bda6888,FINAL_M1_17_REVALIDATED,Byte-identical copy from the accepted M1.17/G2 canonical repository.
M1.11,v0.2R2_ACCEPTED,13_M1_11/tests/99_m1_11_static_package_validation.py,Module_1/1.11_Cash_Flow_Archetypes_and_Resilience/v0.2R2_ACCEPTED/tests/review_queries/99_m1_11_static_package_validation.py,validation_recovery_reporting_source,CANONICAL_BYTE_COPY,1387,18025a0cf0a37370193421746f8e121d61df506bcd6b03b814e91dbf3a1e27b9,18025a0cf0a37370193421746f8e121d61df506bcd6b03b814e91dbf3a1e27b9,FINAL_M1_17_REVALIDATED,Byte-identical copy from the accepted M1.17/G2 canonical repository.
PUBLICATION,module-1-g2-v1.0.0,,Module_1/1.12_Merchant_Risk_and_Integrated_Proxy/README.md,github_publication_derivative,GITHUB_DERIVED_DOCUMENT,,,eb5a39d603b0606a86fd07401a624c00c2e1800f11a0ceb613da5351512848cc,FINAL_G2_PUBLICATION,Generated for the public GitHub projection; does not alter canonical accepted database evidence.
M1.12,v0.2R1_ACCEPTED,14_M1_12/ACCEPTED_EXECUTION_PATH.md,Module_1/1.12_Merchant_Risk_and_Integrated_Proxy/v0.2R1_ACCEPTED/docs/ACCEPTED_EXECUTION_PATH.md,release_and_execution_context,CANONICAL_BYTE_COPY,903,250158cea2a32d3813b55c47f08f65cf431e2498d57b2c67158d0225a18a8efd,250158cea2a32d3813b55c47f08f65cf431e2498d57b2c67158d0225a18a8efd,FINAL_M1_17_REVALIDATED,Byte-identical copy from the accepted M1.17/G2 canonical repository.
M1.12,v0.2R1_ACCEPTED,14_M1_12/catalogs/M1_12_ACCEPTED_EXECUTION_ORDER_v0_2R1.csv,Module_1/1.12_Merchant_Risk_and_Integrated_Proxy/v0.2R1_ACCEPTED/docs/catalogs/M1_12_ACCEPTED_EXECUTION_ORDER_v0_2R1.csv,dictionary_configuration_or_control_catalog,CANONICAL_BYTE_COPY,558,1a08eaa3825f1bc26bb1e8a21c77c436eaed65a5da61dc32800db468489fd660,1a08eaa3825f1bc26bb1e8a21c77c436eaed65a5da61dc32800db468489fd660,FINAL_M1_17_REVALIDATED,Byte-identical copy from the accepted M1.17/G2 canonical repository.
M1.12,v0.2R1_ACCEPTED,14_M1_12/catalogs/M1_12_ACCEPTED_EXPECTED_RESULTS_v0_2R1.json,Module_1/1.12_Merchant_Risk_and_Integrated_Proxy/v0.2R1_ACCEPTED/docs/catalogs/M1_12_ACCEPTED_EXPECTED_RESULTS_v0_2R1.json,dictionary_configuration_or_control_catalog,CANONICAL_BYTE_COPY,361,b32b88f27e515c048ab5af09d972f79f8ebf98e22755da699d105cf4863d484f,b32b88f27e515c048ab5af09d972f79f8ebf98e22755da699d105cf4863d484f,FINAL_M1_17_REVALIDATED,Byte-identical copy from the accepted M1.17/G2 canonical repository.
M1.12,v0.2R1_ACCEPTED,14_M1_12/catalogs/M1_12_COMPONENT_MATRIX.csv,Module_1/1.12_Merchant_Risk_and_Integrated_Proxy/v0.2R1_ACCEPTED/docs/catalogs/M1_12_COMPONENT_MATRIX.csv,dictionary_configuration_or_control_catalog,CANONICAL_BYTE_COPY,1145,4883daf1c2189a613822319dd941a44855fadd98154c1867d1e5f1199b21fda6,4883daf1c2189a613822319dd941a44855fadd98154c1867d1e5f1199b21fda6,FINAL_M1_17_REVALIDATED,Byte-identical copy from the accepted M1.17/G2 canonical repository.
M1.12,v0.2R1_ACCEPTED,14_M1_12/catalogs/M1_12_EXECUTION_ORDER.csv,Module_1/1.12_Merchant_Risk_and_Integrated_Proxy/v0.2R1_ACCEPTED/docs/catalogs/M1_12_EXECUTION_ORDER.csv,dictionary_configuration_or_control_catalog,CANONICAL_BYTE_COPY,903,276d9952d2819e505f275409432d7b11482e6a32141ba9648141f100c6817e19,276d9952d2819e505f275409432d7b11482e6a32141ba9648141f100c6817e19,FINAL_M1_17_REVALIDATED,Byte-identical copy from the accepted M1.17/G2 canonical repository.
M1.12,v0.2R1_ACCEPTED,14_M1_12/catalogs/M1_12_EXPECTED_RESULTS.json,Module_1/1.12_Merchant_Risk_and_Integrated_Proxy/v0.2R1_ACCEPTED/docs/catalogs/M1_12_EXPECTED_RESULTS.json,dictionary_configuration_or_control_catalog,CANONICAL_BYTE_COPY,331,f92a12054f94e4c58207aff5f0801ffa678db81c2406b30c5c9ccae76c36ff12,f92a12054f94e4c58207aff5f0801ffa678db81c2406b30c5c9ccae76c36ff12,FINAL_M1_17_REVALIDATED,Byte-identical copy from the accepted M1.17/G2 canonical repository.
M1.12,v0.2R1_ACCEPTED,14_M1_12/catalogs/M1_12_FEATURE_DICTIONARY.csv,Module_1/1.12_Merchant_Risk_and_Integrated_Proxy/v0.2R1_ACCEPTED/docs/catalogs/M1_12_FEATURE_DICTIONARY.csv,dictionary_configuration_or_control_catalog,CANONICAL_BYTE_COPY,1259,b2b275007c7dfce7c72f96ca84c579a5906135da9702362d96459b92ac2ffa97,b2b275007c7dfce7c72f96ca84c579a5906135da9702362d96459b92ac2ffa97,FINAL_M1_17_REVALIDATED,Byte-identical copy from the accepted M1.17/G2 canonical repository.
M1.12,v0.2R1_ACCEPTED,14_M1_12/catalogs/M1_12_FIELD_DICTIONARY.csv,Module_1/1.12_Merchant_Risk_and_Integrated_Proxy/v0.2R1_ACCEPTED/docs/catalogs/M1_12_FIELD_DICTIONARY.csv,dictionary_configuration_or_control_catalog,CANONICAL_BYTE_COPY,5575,900e42236dc68fadcf4d36b4605ff6870960f6b4294c3118b637886d1d2e9521,900e42236dc68fadcf4d36b4605ff6870960f6b4294c3118b637886d1d2e9521,FINAL_M1_17_REVALIDATED,Byte-identical copy from the accepted M1.17/G2 canonical repository.
M1.12,v0.2R1_ACCEPTED,14_M1_12/catalogs/M1_12_PARAMETER_DICTIONARY.csv,Module_1/1.12_Merchant_Risk_and_Integrated_Proxy/v0.2R1_ACCEPTED/docs/catalogs/M1_12_PARAMETER_DICTIONARY.csv,dictionary_configuration_or_control_catalog,CANONICAL_BYTE_COPY,2855,19670606b039666855afbb698ac0078e1732760ab8fa2aa46c7cb2803c5d928a,19670606b039666855afbb698ac0078e1732760ab8fa2aa46c7cb2803c5d928a,FINAL_M1_17_REVALIDATED,Byte-identical copy from the accepted M1.17/G2 canonical repository.
M1.12,v0.2R1_ACCEPTED,14_M1_12/catalogs/M1_12_PARAMETER_VALUES.csv,Module_1/1.12_Merchant_Risk_and_Integrated_Proxy/v0.2R1_ACCEPTED/docs/catalogs/M1_12_PARAMETER_VALUES.csv,dictionary_configuration_or_control_catalog,CANONICAL_BYTE_COPY,1198,593dc21653070eb6fbd55e881ab8878cf2e0c4a00b1fca6c37e39c24664165ec,593dc21653070eb6fbd55e881ab8878cf2e0c4a00b1fca6c37e39c24664165ec,FINAL_M1_17_REVALIDATED,Byte-identical copy from the accepted M1.17/G2 canonical repository.
M1.12,v0.2R1_ACCEPTED,14_M1_12/catalogs/M1_12_PHYSICAL_DEPENDENCY_COLUMNS.csv,Module_1/1.12_Merchant_Risk_and_Integrated_Proxy/v0.2R1_ACCEPTED/docs/catalogs/M1_12_PHYSICAL_DEPENDENCY_COLUMNS.csv,dictionary_configuration_or_control_catalog,CANONICAL_BYTE_COPY,4567,5d90cc91fcf7758817d4000c6f69d8fed02b12aecfb6416f5a21e2038073761b,5d90cc91fcf7758817d4000c6f69d8fed02b12aecfb6416f5a21e2038073761b,FINAL_M1_17_REVALIDATED,Byte-identical copy from the accepted M1.17/G2 canonical repository.
M1.12,v0.2R1_ACCEPTED,14_M1_12/catalogs/M1_12_RUN_CONFIGURATION.json,Module_1/1.12_Merchant_Risk_and_Integrated_Proxy/v0.2R1_ACCEPTED/docs/catalogs/M1_12_RUN_CONFIGURATION.json,dictionary_configuration_or_control_catalog,CANONICAL_BYTE_COPY,530,2945c020f7eb8ddf6be77844078375b002dd59a367daf94853f454ed5918ac31,2945c020f7eb8ddf6be77844078375b002dd59a367daf94853f454ed5918ac31,FINAL_M1_17_REVALIDATED,Byte-identical copy from the accepted M1.17/G2 canonical repository.
M1.12,v0.2R1_ACCEPTED,14_M1_12/catalogs/M1_12_SCHEMA_EXTENSION_COLUMNS.csv,Module_1/1.12_Merchant_Risk_and_Integrated_Proxy/v0.2R1_ACCEPTED/docs/catalogs/M1_12_SCHEMA_EXTENSION_COLUMNS.csv,dictionary_configuration_or_control_catalog,CANONICAL_BYTE_COPY,4857,341a6e7ac3378c81e6eff31046b023745013fff39a58fe0caff8bac91da96219,341a6e7ac3378c81e6eff31046b023745013fff39a58fe0caff8bac91da96219,FINAL_M1_17_REVALIDATED,Byte-identical copy from the accepted M1.17/G2 canonical repository.
M1.12,v0.2R1_ACCEPTED,14_M1_12/catalogs/M1_12_SCHEMA_EXTENSION_TABLES.csv,Module_1/1.12_Merchant_Risk_and_Integrated_Proxy/v0.2R1_ACCEPTED/docs/catalogs/M1_12_SCHEMA_EXTENSION_TABLES.csv,dictionary_configuration_or_control_catalog,CANONICAL_BYTE_COPY,343,8c057bc146ef77d3d4e92366966f91fa584a6f0e4b9da2545a3ba17fab8e1e8b,8c057bc146ef77d3d4e92366966f91fa584a6f0e4b9da2545a3ba17fab8e1e8b,FINAL_M1_17_REVALIDATED,Byte-identical copy from the accepted M1.17/G2 canonical repository.
M1.12,v0.2R1_ACCEPTED,14_M1_12/catalogs/M1_12_VALIDATION_MATRIX.csv,Module_1/1.12_Merchant_Risk_and_Integrated_Proxy/v0.2R1_ACCEPTED/docs/catalogs/M1_12_VALIDATION_MATRIX.csv,dictionary_configuration_or_control_catalog,CANONICAL_BYTE_COPY,12560,3fafbe0a2c4df5f637e881ecf4677ab30ebd5bed5c26f806de40186fc278fe62,3fafbe0a2c4df5f637e881ecf4677ab30ebd5bed5c26f806de40186fc278fe62,FINAL_M1_17_REVALIDATED,Byte-identical copy from the accepted M1.17/G2 canonical repository.
PUBLICATION,module-1-g2-v1.0.0,,Module_1/1.12_Merchant_Risk_and_Integrated_Proxy/v0.2R1_ACCEPTED/docs/CORRECTION_HISTORY.md,github_publication_derivative,GITHUB_DERIVED_DOCUMENT,,,02728aad5a65323616b0f98d796a041f96a4c3ec0acf8efd4faf56f99282fa26,FINAL_G2_PUBLICATION,Generated for the public GitHub projection; does not alter canonical accepted database evidence.
M1.12,v0.2R1_ACCEPTED,14_M1_12/diagrams/M1_12_ARCHITECTURE.png,Module_1/1.12_Merchant_Risk_and_Integrated_Proxy/v0.2R1_ACCEPTED/docs/diagrams/M1_12_ARCHITECTURE.png,architecture_diagram,CANONICAL_BYTE_COPY,145942,22a511d3a58489f519997c8d76e82bbace99056e3e0af3a01a13b5263d48a95a,22a511d3a58489f519997c8d76e82bbace99056e3e0af3a01a13b5263d48a95a,FINAL_M1_17_REVALIDATED,Byte-identical copy from the accepted M1.17/G2 canonical repository.
M1.12,v0.2R1_ACCEPTED,14_M1_12/diagrams/M1_12_ARCHITECTURE.svg,Module_1/1.12_Merchant_Risk_and_Integrated_Proxy/v0.2R1_ACCEPTED/docs/diagrams/M1_12_ARCHITECTURE.svg,architecture_diagram,CANONICAL_BYTE_COPY,8323,7b506a0ed383e1201869e874fbc918d6c7d44523e79e0a8dc6a6406393f7d226,7b506a0ed383e1201869e874fbc918d6c7d44523e79e0a8dc6a6406393f7d226,FINAL_M1_17_REVALIDATED,Byte-identical copy from the accepted M1.17/G2 canonical repository.
M1.12,v0.2R1_ACCEPTED,14_M1_12/docs/M1_12_ACCEPTED_EXECUTION_GUIDE_v0_2R1.md,Module_1/1.12_Merchant_Risk_and_Integrated_Proxy/v0.2R1_ACCEPTED/docs/M1_12_ACCEPTED_EXECUTION_GUIDE_v0_2R1.md,technical_documentation,CANONICAL_BYTE_COPY,1013,ad3dae57043229c90154ec85e2cb5a4d608cc21c88ba969338517554af63dc3a,ad3dae57043229c90154ec85e2cb5a4d608cc21c88ba969338517554af63dc3a,FINAL_M1_17_REVALIDATED,Byte-identical copy from the accepted M1.17/G2 canonical repository.
M1.12,v0.2R1_ACCEPTED,14_M1_12/docs/M1_12_ARCHITECTURE.md,Module_1/1.12_Merchant_Risk_and_Integrated_Proxy/v0.2R1_ACCEPTED/docs/M1_12_ARCHITECTURE.md,technical_documentation,CANONICAL_BYTE_COPY,1301,c14aa0589aab9004ef36ec91da7f7e75ca4ac2473c25c30c99085f3e4efb6a1a,c14aa0589aab9004ef36ec91da7f7e75ca4ac2473c25c30c99085f3e4efb6a1a,FINAL_M1_17_REVALIDATED,Byte-identical copy from the accepted M1.17/G2 canonical repository.
M1.12,v0.2R1_ACCEPTED,14_M1_12/docs/M1_12_DESIGN_AND_GENERATION_SPECIFICATION.md,Module_1/1.12_Merchant_Risk_and_Integrated_Proxy/v0.2R1_ACCEPTED/docs/M1_12_DESIGN_AND_GENERATION_SPECIFICATION.md,technical_documentation,CANONICAL_BYTE_COPY,2160,fd1b8116fbcaaba263eaed02585a9bba3049396ba5c17eb3c5453ba5345fecd6,fd1b8116fbcaaba263eaed02585a9bba3049396ba5c17eb3c5453ba5345fecd6,FINAL_M1_17_REVALIDATED,Byte-identical copy from the accepted M1.17/G2 canonical repository.
M1.12,v0.2R1_ACCEPTED,14_M1_12/docs/M1_12_DETAIL_REPORT_HOTFIX_LOGIC_VERIFICATION.md,Module_1/1.12_Merchant_Risk_and_Integrated_Proxy/v0.2R1_ACCEPTED/docs/M1_12_DETAIL_REPORT_HOTFIX_LOGIC_VERIFICATION.md,technical_documentation,CANONICAL_BYTE_COPY,585,f2fc63aad902fd210c8d9ae0d939ae82a16263b90957b7dd1038825e4fda6b92,f2fc63aad902fd210c8d9ae0d939ae82a16263b90957b7dd1038825e4fda6b92,FINAL_M1_17_REVALIDATED,Byte-identical copy from the accepted M1.17/G2 canonical repository.
M1.12,v0.2R1_ACCEPTED,14_M1_12/docs/M1_12_EXECUTION_AND_VALIDATION_GUIDE.md,Module_1/1.12_Merchant_Risk_and_Integrated_Proxy/v0.2R1_ACCEPTED/docs/M1_12_EXECUTION_AND_VALIDATION_GUIDE.md,technical_documentation,CANONICAL_BYTE_COPY,1549,904da99aee2372789aef0369138c88ef1665a0535f16deef819854d87de2eb61,904da99aee2372789aef0369138c88ef1665a0535f16deef819854d87de2eb61,FINAL_M1_17_REVALIDATED,Byte-identical copy from the accepted M1.17/G2 canonical repository.
M1.12,v0.2R1_ACCEPTED,14_M1_12/docs/M1_12_PARAMETER_DICTIONARY.md,Module_1/1.12_Merchant_Risk_and_Integrated_Proxy/v0.2R1_ACCEPTED/docs/M1_12_PARAMETER_DICTIONARY.md,technical_documentation,CANONICAL_BYTE_COPY,1400,6e8f48ff0aca35e7b7316e65bd0f8604b46e5be1871685ce21a3a9ba220555b2,6e8f48ff0aca35e7b7316e65bd0f8604b46e5be1871685ce21a3a9ba220555b2,FINAL_M1_17_REVALIDATED,Byte-identical copy from the accepted M1.17/G2 canonical repository.
M1.12,v0.2R1_ACCEPTED,14_M1_12/docs/M1_12_VALIDATION_HISTORY.md,Module_1/1.12_Merchant_Risk_and_Integrated_Proxy/v0.2R1_ACCEPTED/docs/M1_12_VALIDATION_HISTORY.md,technical_documentation,CANONICAL_BYTE_COPY,859,aecf8d9388860a325e46f5e4bc9e450454babbff7e3a12781b181e0cd4561085,aecf8d9388860a325e46f5e4bc9e450454babbff7e3a12781b181e0cd4561085,FINAL_M1_17_REVALIDATED,Byte-identical copy from the accepted M1.17/G2 canonical repository.
M1.12,v0.2R1_ACCEPTED,14_M1_12/docs/M1_12_VALIDATION_MATRIX.md,Module_1/1.12_Merchant_Risk_and_Integrated_Proxy/v0.2R1_ACCEPTED/docs/M1_12_VALIDATION_MATRIX.md,technical_documentation,CANONICAL_BYTE_COPY,8670,83d18a8b6ad12a1c2477db1144a200db4e8799d302bc269ee6b281fa3e42b1a4,83d18a8b6ad12a1c2477db1144a200db4e8799d302bc269ee6b281fa3e42b1a4,FINAL_M1_17_REVALIDATED,Byte-identical copy from the accepted M1.17/G2 canonical repository.
M1.12,v0.2R1_ACCEPTED,14_M1_12/RELEASE_NOTES.md,Module_1/1.12_Merchant_Risk_and_Integrated_Proxy/v0.2R1_ACCEPTED/docs/RELEASE_NOTES.md,release_and_execution_context,CANONICAL_BYTE_COPY,579,2c0fc31e98b6e094ccbc5d398ea869ab528e6393a2163f3c119302db4ac73d92,2c0fc31e98b6e094ccbc5d398ea869ab528e6393a2163f3c119302db4ac73d92,FINAL_M1_17_REVALIDATED,Byte-identical copy from the accepted M1.17/G2 canonical repository.
M1.12,v0.2R1_ACCEPTED,14_M1_12/RELEASE_NOTES_ACCEPTED_v0_2R1.md,Module_1/1.12_Merchant_Risk_and_Integrated_Proxy/v0.2R1_ACCEPTED/docs/RELEASE_NOTES_ACCEPTED_v0_2R1.md,release_and_execution_context,CANONICAL_BYTE_COPY,579,2c0fc31e98b6e094ccbc5d398ea869ab528e6393a2163f3c119302db4ac73d92,2c0fc31e98b6e094ccbc5d398ea869ab528e6393a2163f3c119302db4ac73d92,FINAL_M1_17_REVALIDATED,Byte-identical copy from the accepted M1.17/G2 canonical repository.
PUBLICATION,module-1-g2-v1.0.0,,Module_1/1.12_Merchant_Risk_and_Integrated_Proxy/v0.2R1_ACCEPTED/outputs/README.md,github_publication_derivative,GITHUB_DERIVED_DOCUMENT,,,e6549484f551231dd96ed84123a058a87d619f3d339aaf1c8b2edf7cebd28824,FINAL_G2_PUBLICATION,Generated for the public GitHub projection; does not alter canonical accepted database evidence.
PUBLICATION,module-1-g2-v1.0.0,,Module_1/1.12_Merchant_Risk_and_Integrated_Proxy/v0.2R1_ACCEPTED/RELEASE_METADATA.json,github_publication_derivative,GITHUB_DERIVED_DOCUMENT,,,849328231ecfbaa41456f97f65f5a77fe992faa593f50d7b893e010d1b3d5d8e,FINAL_G2_PUBLICATION,Generated for the public GitHub projection; does not alter canonical accepted database evidence.
M1.12,v0.2R1_ACCEPTED,14_M1_12/sql/84_msbf_m1_12_schema_policy_extension_v0_2.sql,Module_1/1.12_Merchant_Risk_and_Integrated_Proxy/v0.2R1_ACCEPTED/src/84_msbf_m1_12_schema_policy_extension_v0_2.sql,accepted_clean_build_sql,CANONICAL_BYTE_COPY,27033,1e6983354dea24246b254ff9614bf20bebfb00c8da8b1c18be926475b188e594,1e6983354dea24246b254ff9614bf20bebfb00c8da8b1c18be926475b188e594,FINAL_M1_17_REVALIDATED,Byte-identical copy from the accepted M1.17/G2 canonical repository.
M1.12,v0.2R1_ACCEPTED,14_M1_12/sql/86_msbf_m1_12_integrated_risk_proxy_generation_v0_2.sql,Module_1/1.12_Merchant_Risk_and_Integrated_Proxy/v0.2R1_ACCEPTED/src/86_msbf_m1_12_integrated_risk_proxy_generation_v0_2.sql,accepted_clean_build_sql,CANONICAL_BYTE_COPY,50526,28b1ee4feb2bd770b963e848d428aa37fa7990c40e1f0755c99152e8a40c8c7a,28b1ee4feb2bd770b963e848d428aa37fa7990c40e1f0755c99152e8a40c8c7a,FINAL_M1_17_REVALIDATED,Byte-identical copy from the accepted M1.17/G2 canonical repository.
M1.12,v0.2R1_ACCEPTED,14_M1_12/sql/87_msbf_m1_12_integrated_risk_proxy_validation_v0_2.sql,Module_1/1.12_Merchant_Risk_and_Integrated_Proxy/v0.2R1_ACCEPTED/src/87_msbf_m1_12_integrated_risk_proxy_validation_v0_2.sql,accepted_clean_build_sql,CANONICAL_BYTE_COPY,63107,4ced250ec706a52d14f870889b22dc838eff5e281d2d4a056a8c97fbe9707b6e,4ced250ec706a52d14f870889b22dc838eff5e281d2d4a056a8c97fbe9707b6e,FINAL_M1_17_REVALIDATED,Byte-identical copy from the accepted M1.17/G2 canonical repository.
M1.12,v0.2R1_ACCEPTED,14_M1_12/sql/88_msbf_m1_12_negative_control_tests_v0_2.sql,Module_1/1.12_Merchant_Risk_and_Integrated_Proxy/v0.2R1_ACCEPTED/src/88_msbf_m1_12_negative_control_tests_v0_2.sql,accepted_clean_build_sql,CANONICAL_BYTE_COPY,7581,e9cf2567e91d6231ccaeabb947e4ee2a3d2eca989186f6cab98c974a47fa9585,e9cf2567e91d6231ccaeabb947e4ee2a3d2eca989186f6cab98c974a47fa9585,FINAL_M1_17_REVALIDATED,Byte-identical copy from the accepted M1.17/G2 canonical repository.
M1.12,v0.2R1_ACCEPTED,14_M1_12/sql/89_msbf_m1_12_acceptance_finalize_v0_2.sql,Module_1/1.12_Merchant_Risk_and_Integrated_Proxy/v0.2R1_ACCEPTED/src/89_msbf_m1_12_acceptance_finalize_v0_2.sql,accepted_clean_build_sql,CANONICAL_BYTE_COPY,11878,804cbfa0ba33ad6540129954638292dda762389ae030fc6c3b6bbe68a573bca3,804cbfa0ba33ad6540129954638292dda762389ae030fc6c3b6bbe68a573bca3,FINAL_M1_17_REVALIDATED,Byte-identical copy from the accepted M1.17/G2 canonical repository.
M1.12,v0.2R1_ACCEPTED,14_M1_12/evidence/M1_12_EVIDENCE_INDEX.md,Module_1/1.12_Merchant_Risk_and_Integrated_Proxy/v0.2R1_ACCEPTED/tests/M1_12_EVIDENCE_INDEX.md,accepted_validation_and_signoff,CANONICAL_BYTE_COPY,711,3796f458008b579cc9e6a8aa77240e3def70d7e9e5c2ea6367dca892b4cc9a47,3796f458008b579cc9e6a8aa77240e3def70d7e9e5c2ea6367dca892b4cc9a47,FINAL_M1_17_REVALIDATED,Byte-identical copy from the accepted M1.17/G2 canonical repository.
M1.12,v0.2R1_ACCEPTED,14_M1_12/evidence/M1_12_LIVE_EXECUTION_EVIDENCE_REVIEW_AND_SIGNOFF.md,Module_1/1.12_Merchant_Risk_and_Integrated_Proxy/v0.2R1_ACCEPTED/tests/M1_12_LIVE_EXECUTION_EVIDENCE_REVIEW_AND_SIGNOFF.md,accepted_validation_and_signoff,CANONICAL_BYTE_COPY,4156,e4a2696cced3e8cbaf448d2cf86b54a0efc022b2405c9712493988223417d336,e4a2696cced3e8cbaf448d2cf86b54a0efc022b2405c9712493988223417d336,FINAL_M1_17_REVALIDATED,Byte-identical copy from the accepted M1.17/G2 canonical repository.
M1.12,v0.2R1_ACCEPTED,14_M1_12/evidence/M1_12_LIVE_EXECUTION_VALIDATION_SUMMARY_v0_2R1.json,Module_1/1.12_Merchant_Risk_and_Integrated_Proxy/v0.2R1_ACCEPTED/tests/M1_12_LIVE_EXECUTION_VALIDATION_SUMMARY_v0_2R1.json,accepted_validation_and_signoff,CANONICAL_BYTE_COPY,2079,a72a0df6a802988455cb15836ca44f298609657cfdc55244dbe3aeb8035d36c6,a72a0df6a802988455cb15836ca44f298609657cfdc55244dbe3aeb8035d36c6,FINAL_M1_17_REVALIDATED,Byte-identical copy from the accepted M1.17/G2 canonical repository.
M1.12,v0.2R1_ACCEPTED,14_M1_12/evidence/MSBF_M1_12_Merchant_Risk_Components_Integrated_Risk_Proxy_Build_Acceptance_Milestone_v0_2R1.txt,Module_1/1.12_Merchant_Risk_and_Integrated_Proxy/v0.2R1_ACCEPTED/tests/MSBF_M1_12_Merchant_Risk_Components_Integrated_Risk_Proxy_Build_Acceptance_Milestone_v0_2R1.txt,accepted_validation_and_signoff,CANONICAL_BYTE_COPY,1311,2e6a93046ed98ba76bf4af4427c4bef85858e91d61d8f6675d229258a89f3092,2e6a93046ed98ba76bf4af4427c4bef85858e91d61d8f6675d229258a89f3092,FINAL_M1_17_REVALIDATED,Byte-identical copy from the accepted M1.17/G2 canonical repository.
M1.12,v0.2R1_ACCEPTED,14_M1_12/PACKAGE_VALIDATION_REPORT.md,Module_1/1.12_Merchant_Risk_and_Integrated_Proxy/v0.2R1_ACCEPTED/tests/PACKAGE_VALIDATION_REPORT.md,static_package_validation_summary,CANONICAL_BYTE_COPY,619,2c49971e08356f476b489da3f4081c3e91686a874b710ba234cf7e1bfbb39734,2c49971e08356f476b489da3f4081c3e91686a874b710ba234cf7e1bfbb39734,FINAL_M1_17_REVALIDATED,Byte-identical copy from the accepted M1.17/G2 canonical repository.
M1.12,v0.2R1_ACCEPTED,14_M1_12/tests/84A_msbf_m1_12_failed_generation_recovery_check_v0_2.sql,Module_1/1.12_Merchant_Risk_and_Integrated_Proxy/v0.2R1_ACCEPTED/tests/review_queries/84A_msbf_m1_12_failed_generation_recovery_check_v0_2.sql,validation_recovery_reporting_source,CANONICAL_BYTE_COPY,4443,8dbc6b1e0a7c8e6d688fa5aba578e458cd4a5a98e4f5a75a0ab5b96a062e3062,8dbc6b1e0a7c8e6d688fa5aba578e458cd4a5a98e4f5a75a0ab5b96a062e3062,FINAL_M1_17_REVALIDATED,Byte-identical copy from the accepted M1.17/G2 canonical repository.
M1.12,v0.2R1_ACCEPTED,14_M1_12/tests/85_msbf_m1_12_preflight_validation_v0_2.sql,Module_1/1.12_Merchant_Risk_and_Integrated_Proxy/v0.2R1_ACCEPTED/tests/review_queries/85_msbf_m1_12_preflight_validation_v0_2.sql,validation_recovery_reporting_source,CANONICAL_BYTE_COPY,12331,383ed7427bd1b53f2eacdc57e8e3abbd99869565c53cc0724b568c6420b5fdbc,383ed7427bd1b53f2eacdc57e8e3abbd99869565c53cc0724b568c6420b5fdbc,FINAL_M1_17_REVALIDATED,Byte-identical copy from the accepted M1.17/G2 canonical repository.
M1.12,v0.2R1_ACCEPTED,14_M1_12/tests/86A_msbf_m1_12_generation_reconciliation_reconstructed_v0_2.sql,Module_1/1.12_Merchant_Risk_and_Integrated_Proxy/v0.2R1_ACCEPTED/tests/review_queries/86A_msbf_m1_12_generation_reconciliation_reconstructed_v0_2.sql,validation_recovery_reporting_source,CANONICAL_BYTE_COPY,3754,9b0682a98966d9e8dcb275cace9ea58bc60b7727329cad8244996d30f5a876e6,9b0682a98966d9e8dcb275cace9ea58bc60b7727329cad8244996d30f5a876e6,FINAL_M1_17_REVALIDATED,Byte-identical copy from the accepted M1.17/G2 canonical repository.
M1.12,v0.2R1_ACCEPTED,14_M1_12/tests/90_MSBF_M1_12_Merchant_Risk_Proxy_Master_Report_v0_2.sql,Module_1/1.12_Merchant_Risk_and_Integrated_Proxy/v0.2R1_ACCEPTED/tests/review_queries/90_MSBF_M1_12_Merchant_Risk_Proxy_Master_Report_v0_2.sql,validation_recovery_reporting_source,CANONICAL_BYTE_COPY,6363,458bd23890471bac4fe798c4537340e5b9ea9985c62214ae3b0c506348a2c90c,458bd23890471bac4fe798c4537340e5b9ea9985c62214ae3b0c506348a2c90c,FINAL_M1_17_REVALIDATED,Byte-identical copy from the accepted M1.17/G2 canonical repository.
M1.12,v0.2R1_ACCEPTED,14_M1_12/tests/91_MSBF_M1_12_Merchant_Risk_Proxy_Detail_Report_v0_2R1.sql,Module_1/1.12_Merchant_Risk_and_Integrated_Proxy/v0.2R1_ACCEPTED/tests/review_queries/91_MSBF_M1_12_Merchant_Risk_Proxy_Detail_Report_v0_2R1.sql,validation_recovery_reporting_source,CANONICAL_BYTE_COPY,15077,a0892f6600342ccdcac999b87120f952fe89dc1f74bf7b36462817e835eef46b,a0892f6600342ccdcac999b87120f952fe89dc1f74bf7b36462817e835eef46b,FINAL_M1_17_REVALIDATED,Byte-identical copy from the accepted M1.17/G2 canonical repository.
M1.12,v0.2R1_ACCEPTED,14_M1_12/tests/99_m1_12_static_package_validation.py,Module_1/1.12_Merchant_Risk_and_Integrated_Proxy/v0.2R1_ACCEPTED/tests/review_queries/99_m1_12_static_package_validation.py,validation_recovery_reporting_source,CANONICAL_BYTE_COPY,11253,7c69a80b95fefb48694a09ce030d5a7245e1e6cddeed384cefc93f83a0991f6c,7c69a80b95fefb48694a09ce030d5a7245e1e6cddeed384cefc93f83a0991f6c,FINAL_M1_17_REVALIDATED,Byte-identical copy from the accepted M1.17/G2 canonical repository.
PUBLICATION,module-1-g2-v1.0.0,,Module_1/1.13_Exposure_Recovery_and_Expected_Loss/README.md,github_publication_derivative,GITHUB_DERIVED_DOCUMENT,,,0fd8755b02b4b9d6c2e2019d27960127e71983fdbe53ed52264b28fb144234dc,FINAL_G2_PUBLICATION,Generated for the public GitHub projection; does not alter canonical accepted database evidence.
M1.13,v0.2R1_ACCEPTED,15_M1_13/ACCEPTED_EXECUTION_PATH.md,Module_1/1.13_Exposure_Recovery_and_Expected_Loss/v0.2R1_ACCEPTED/docs/ACCEPTED_EXECUTION_PATH.md,release_and_execution_context,CANONICAL_BYTE_COPY,1663,758be7c09f59e234ae258a77a5ba2994d053759989b3952b04bfab8179489b5e,758be7c09f59e234ae258a77a5ba2994d053759989b3952b04bfab8179489b5e,FINAL_M1_17_REVALIDATED,Byte-identical copy from the accepted M1.17/G2 canonical repository.
M1.13,v0.2R1_ACCEPTED,15_M1_13/catalogs/M1_13_ACCEPTED_EXECUTION_ORDER_v0_2R1.csv,Module_1/1.13_Exposure_Recovery_and_Expected_Loss/v0.2R1_ACCEPTED/docs/catalogs/M1_13_ACCEPTED_EXECUTION_ORDER_v0_2R1.csv,dictionary_configuration_or_control_catalog,CANONICAL_BYTE_COPY,623,7c5f2bb3b509fa02b05e06d3e57c7030c24a2c480193e80bd00368c68e3ab855,7c5f2bb3b509fa02b05e06d3e57c7030c24a2c480193e80bd00368c68e3ab855,FINAL_M1_17_REVALIDATED,Byte-identical copy from the accepted M1.17/G2 canonical repository.
M1.13,v0.2R1_ACCEPTED,15_M1_13/catalogs/M1_13_ACCEPTED_EXPECTED_RESULTS_v0_2R1.json,Module_1/1.13_Exposure_Recovery_and_Expected_Loss/v0.2R1_ACCEPTED/docs/catalogs/M1_13_ACCEPTED_EXPECTED_RESULTS_v0_2R1.json,dictionary_configuration_or_control_catalog,CANONICAL_BYTE_COPY,584,539d45a843efb9150b544694ac0638dd6d1ce018067a4b144c406fcbad55158b,539d45a843efb9150b544694ac0638dd6d1ce018067a4b144c406fcbad55158b,FINAL_M1_17_REVALIDATED,Byte-identical copy from the accepted M1.17/G2 canonical repository.
M1.13,v0.2R1_ACCEPTED,15_M1_13/catalogs/M1_13_EXECUTION_ORDER.csv,Module_1/1.13_Exposure_Recovery_and_Expected_Loss/v0.2R1_ACCEPTED/docs/catalogs/M1_13_EXECUTION_ORDER.csv,dictionary_configuration_or_control_catalog,CANONICAL_BYTE_COPY,1157,435947443bce56c59f9cf98ab585c8432628a84799fd0388de3676b9f29dc70a,435947443bce56c59f9cf98ab585c8432628a84799fd0388de3676b9f29dc70a,FINAL_M1_17_REVALIDATED,Byte-identical copy from the accepted M1.17/G2 canonical repository.
M1.13,v0.2R1_ACCEPTED,15_M1_13/catalogs/M1_13_EXPECTED_RESULTS.json,Module_1/1.13_Exposure_Recovery_and_Expected_Loss/v0.2R1_ACCEPTED/docs/catalogs/M1_13_EXPECTED_RESULTS.json,dictionary_configuration_or_control_catalog,CANONICAL_BYTE_COPY,821,a8b23401b0810185fd5014394d1896e0712ec912ba0e7fc57f010752e896dfb1,a8b23401b0810185fd5014394d1896e0712ec912ba0e7fc57f010752e896dfb1,FINAL_M1_17_REVALIDATED,Byte-identical copy from the accepted M1.17/G2 canonical repository.
M1.13,v0.2R1_ACCEPTED,15_M1_13/catalogs/M1_13_FEATURE_DICTIONARY.csv,Module_1/1.13_Exposure_Recovery_and_Expected_Loss/v0.2R1_ACCEPTED/docs/catalogs/M1_13_FEATURE_DICTIONARY.csv,dictionary_configuration_or_control_catalog,CANONICAL_BYTE_COPY,1530,c99ee02d55f858ab197915fbc9afb59765e3cb3f76d54577d0139192459962e7,c99ee02d55f858ab197915fbc9afb59765e3cb3f76d54577d0139192459962e7,FINAL_M1_17_REVALIDATED,Byte-identical copy from the accepted M1.17/G2 canonical repository.
M1.13,v0.2R1_ACCEPTED,15_M1_13/catalogs/M1_13_FIELD_DICTIONARY.csv,Module_1/1.13_Exposure_Recovery_and_Expected_Loss/v0.2R1_ACCEPTED/docs/catalogs/M1_13_FIELD_DICTIONARY.csv,dictionary_configuration_or_control_catalog,CANONICAL_BYTE_COPY,8978,161c77d9de7fdbc32efde628af3990c71353ca0eaa12bdd6fada12afa5dbc6b5,161c77d9de7fdbc32efde628af3990c71353ca0eaa12bdd6fada12afa5dbc6b5,FINAL_M1_17_REVALIDATED,Byte-identical copy from the accepted M1.17/G2 canonical repository.
M1.13,v0.2R1_ACCEPTED,15_M1_13/catalogs/M1_13_PARAMETER_DICTIONARY.csv,Module_1/1.13_Exposure_Recovery_and_Expected_Loss/v0.2R1_ACCEPTED/docs/catalogs/M1_13_PARAMETER_DICTIONARY.csv,dictionary_configuration_or_control_catalog,CANONICAL_BYTE_COPY,4934,6c219546af6abccce72730bed9a87bdb80dee403f38fb19e2258ab98a20a9ef3,6c219546af6abccce72730bed9a87bdb80dee403f38fb19e2258ab98a20a9ef3,FINAL_M1_17_REVALIDATED,Byte-identical copy from the accepted M1.17/G2 canonical repository.
M1.13,v0.2R1_ACCEPTED,15_M1_13/catalogs/M1_13_PARAMETER_VALUES.csv,Module_1/1.13_Exposure_Recovery_and_Expected_Loss/v0.2R1_ACCEPTED/docs/catalogs/M1_13_PARAMETER_VALUES.csv,dictionary_configuration_or_control_catalog,CANONICAL_BYTE_COPY,2835,75522d5bdaddee90d9bd30345ed6c6ae11142e2f63f543955d620a15f17305d6,75522d5bdaddee90d9bd30345ed6c6ae11142e2f63f543955d620a15f17305d6,FINAL_M1_17_REVALIDATED,Byte-identical copy from the accepted M1.17/G2 canonical repository.
M1.13,v0.2R1_ACCEPTED,15_M1_13/catalogs/M1_13_PHYSICAL_DEPENDENCY_COLUMNS.csv,Module_1/1.13_Exposure_Recovery_and_Expected_Loss/v0.2R1_ACCEPTED/docs/catalogs/M1_13_PHYSICAL_DEPENDENCY_COLUMNS.csv,dictionary_configuration_or_control_catalog,CANONICAL_BYTE_COPY,10187,98f7962c641e8c3320a32e232e8478c41e7d61392ea0c64181d5a33fbd34cb29,98f7962c641e8c3320a32e232e8478c41e7d61392ea0c64181d5a33fbd34cb29,FINAL_M1_17_REVALIDATED,Byte-identical copy from the accepted M1.17/G2 canonical repository.
M1.13,v0.2R1_ACCEPTED,15_M1_13/catalogs/M1_13_RUN_CONFIGURATION.json,Module_1/1.13_Exposure_Recovery_and_Expected_Loss/v0.2R1_ACCEPTED/docs/catalogs/M1_13_RUN_CONFIGURATION.json,dictionary_configuration_or_control_catalog,CANONICAL_BYTE_COPY,1024,01dce2bb4c2af2f9f2e3040353196fa457f79a9724c0b02c1337edc01553c5e6,01dce2bb4c2af2f9f2e3040353196fa457f79a9724c0b02c1337edc01553c5e6,FINAL_M1_17_REVALIDATED,Byte-identical copy from the accepted M1.17/G2 canonical repository.
M1.13,v0.2R1_ACCEPTED,15_M1_13/catalogs/M1_13_SCHEMA_EXTENSION_COLUMNS.csv,Module_1/1.13_Exposure_Recovery_and_Expected_Loss/v0.2R1_ACCEPTED/docs/catalogs/M1_13_SCHEMA_EXTENSION_COLUMNS.csv,dictionary_configuration_or_control_catalog,CANONICAL_BYTE_COPY,6660,7a26dcbc65520d4cddba06cf5accd1238da5edd0b0dbbebe3c68901260e1bfad,7a26dcbc65520d4cddba06cf5accd1238da5edd0b0dbbebe3c68901260e1bfad,FINAL_M1_17_REVALIDATED,Byte-identical copy from the accepted M1.17/G2 canonical repository.
M1.13,v0.2R1_ACCEPTED,15_M1_13/catalogs/M1_13_SCHEMA_EXTENSION_TABLES.csv,Module_1/1.13_Exposure_Recovery_and_Expected_Loss/v0.2R1_ACCEPTED/docs/catalogs/M1_13_SCHEMA_EXTENSION_TABLES.csv,dictionary_configuration_or_control_catalog,CANONICAL_BYTE_COPY,343,a8b46060d269eb8a439d7f51aa558d18b8a719339f6c4a49bfec80ed0ec549a5,a8b46060d269eb8a439d7f51aa558d18b8a719339f6c4a49bfec80ed0ec549a5,FINAL_M1_17_REVALIDATED,Byte-identical copy from the accepted M1.17/G2 canonical repository.
M1.13,v0.2R1_ACCEPTED,15_M1_13/catalogs/M1_13_VALIDATION_MATRIX.csv,Module_1/1.13_Exposure_Recovery_and_Expected_Loss/v0.2R1_ACCEPTED/docs/catalogs/M1_13_VALIDATION_MATRIX.csv,dictionary_configuration_or_control_catalog,CANONICAL_BYTE_COPY,13605,c956cb0573e37dd0580353e9ef3de871ead7d668cdfe27b3071b1af24e6d1c1e,c956cb0573e37dd0580353e9ef3de871ead7d668cdfe27b3071b1af24e6d1c1e,FINAL_M1_17_REVALIDATED,Byte-identical copy from the accepted M1.17/G2 canonical repository.
PUBLICATION,module-1-g2-v1.0.0,,Module_1/1.13_Exposure_Recovery_and_Expected_Loss/v0.2R1_ACCEPTED/docs/CORRECTION_HISTORY.md,github_publication_derivative,GITHUB_DERIVED_DOCUMENT,,,388a8bf2f2d20688da19680e4ea2d94f0cbe2c9c5d9ce0aaaa1dc2980b04470b,FINAL_G2_PUBLICATION,Generated for the public GitHub projection; does not alter canonical accepted database evidence.
M1.13,v0.2R1_ACCEPTED,15_M1_13/diagrams/M1_13_ARCHITECTURE.png,Module_1/1.13_Exposure_Recovery_and_Expected_Loss/v0.2R1_ACCEPTED/docs/diagrams/M1_13_ARCHITECTURE.png,architecture_diagram,CANONICAL_BYTE_COPY,249894,30c412be007b9818ec8bbdee57de5e9abfb3725b328dcb572db287cc989543b4,30c412be007b9818ec8bbdee57de5e9abfb3725b328dcb572db287cc989543b4,FINAL_M1_17_REVALIDATED,Byte-identical copy from the accepted M1.17/G2 canonical repository.
M1.13,v0.2R1_ACCEPTED,15_M1_13/diagrams/M1_13_ARCHITECTURE.svg,Module_1/1.13_Exposure_Recovery_and_Expected_Loss/v0.2R1_ACCEPTED/docs/diagrams/M1_13_ARCHITECTURE.svg,architecture_diagram,CANONICAL_BYTE_COPY,13947,bb57910799022870852b525122700a9c0a37de03d951cb1c81fe7b02bdf6e3a3,bb57910799022870852b525122700a9c0a37de03d951cb1c81fe7b02bdf6e3a3,FINAL_M1_17_REVALIDATED,Byte-identical copy from the accepted M1.17/G2 canonical repository.
M1.13,v0.2R1_ACCEPTED,15_M1_13/docs/M1_13_ACCEPTED_EXECUTION_GUIDE_v0_2R1.md,Module_1/1.13_Exposure_Recovery_and_Expected_Loss/v0.2R1_ACCEPTED/docs/M1_13_ACCEPTED_EXECUTION_GUIDE_v0_2R1.md,technical_documentation,CANONICAL_BYTE_COPY,1233,2a7bb36807bbccf2034bddf131909fbe52ffc9b4307afbcdfe161b12daa3f217,2a7bb36807bbccf2034bddf131909fbe52ffc9b4307afbcdfe161b12daa3f217,FINAL_M1_17_REVALIDATED,Byte-identical copy from the accepted M1.17/G2 canonical repository.
M1.13,v0.2R1_ACCEPTED,15_M1_13/docs/M1_13_ARCHITECTURE.md,Module_1/1.13_Exposure_Recovery_and_Expected_Loss/v0.2R1_ACCEPTED/docs/M1_13_ARCHITECTURE.md,technical_documentation,CANONICAL_BYTE_COPY,2139,d56f10b7dbbf852c6ef2d1b91cb3a53ee0c8b3a45c3253863bda2a270950bafa,d56f10b7dbbf852c6ef2d1b91cb3a53ee0c8b3a45c3253863bda2a270950bafa,FINAL_M1_17_REVALIDATED,Byte-identical copy from the accepted M1.17/G2 canonical repository.
M1.13,v0.2R1_ACCEPTED,15_M1_13/docs/M1_13_DESIGN_AND_GENERATION_SPECIFICATION.md,Module_1/1.13_Exposure_Recovery_and_Expected_Loss/v0.2R1_ACCEPTED/docs/M1_13_DESIGN_AND_GENERATION_SPECIFICATION.md,technical_documentation,CANONICAL_BYTE_COPY,3015,ab012a40c3241eb80d90987f580fecfc4560a255232348e40b0bcedf6308535c,ab012a40c3241eb80d90987f580fecfc4560a255232348e40b0bcedf6308535c,FINAL_M1_17_REVALIDATED,Byte-identical copy from the accepted M1.17/G2 canonical repository.
M1.13,v0.2R1_ACCEPTED,15_M1_13/docs/M1_13_EXECUTION_AND_VALIDATION_GUIDE.md,Module_1/1.13_Exposure_Recovery_and_Expected_Loss/v0.2R1_ACCEPTED/docs/M1_13_EXECUTION_AND_VALIDATION_GUIDE.md,technical_documentation,CANONICAL_BYTE_COPY,1901,e93b508a64831b6ac6b1b20d586e5e5a26ae3f638adb445be35a3d2248ff223c,e93b508a64831b6ac6b1b20d586e5e5a26ae3f638adb445be35a3d2248ff223c,FINAL_M1_17_REVALIDATED,Byte-identical copy from the accepted M1.17/G2 canonical repository.
M1.13,v0.2R1_ACCEPTED,15_M1_13/docs/M1_13_PARAMETER_DICTIONARY.md,Module_1/1.13_Exposure_Recovery_and_Expected_Loss/v0.2R1_ACCEPTED/docs/M1_13_PARAMETER_DICTIONARY.md,technical_documentation,CANONICAL_BYTE_COPY,2223,6203c9b31d81136cfd646d41007763f7da7ecde90c0f29751748f68aa85789bf,6203c9b31d81136cfd646d41007763f7da7ecde90c0f29751748f68aa85789bf,FINAL_M1_17_REVALIDATED,Byte-identical copy from the accepted M1.17/G2 canonical repository.
M1.13,v0.2R1_ACCEPTED,15_M1_13/docs/M1_13_SQL_ENGINEERING_AUDIT.md,Module_1/1.13_Exposure_Recovery_and_Expected_Loss/v0.2R1_ACCEPTED/docs/M1_13_SQL_ENGINEERING_AUDIT.md,technical_documentation,CANONICAL_BYTE_COPY,1642,591201a9713c112678840519355068b3fd5bb3e8c6abba6574788d5c0c9b89b7,591201a9713c112678840519355068b3fd5bb3e8c6abba6574788d5c0c9b89b7,FINAL_M1_17_REVALIDATED,Byte-identical copy from the accepted M1.17/G2 canonical repository.
M1.13,v0.2R1_ACCEPTED,15_M1_13/docs/M1_13_v0_2R1_LOGIC_EQUIVALENCE_REVIEW.md,Module_1/1.13_Exposure_Recovery_and_Expected_Loss/v0.2R1_ACCEPTED/docs/M1_13_v0_2R1_LOGIC_EQUIVALENCE_REVIEW.md,technical_documentation,CANONICAL_BYTE_COPY,953,c2fc0df7a7047e3a39a903c95ec9ed3c377dc23957b9747a2ff318b5080dcdec,c2fc0df7a7047e3a39a903c95ec9ed3c377dc23957b9747a2ff318b5080dcdec,FINAL_M1_17_REVALIDATED,Byte-identical copy from the accepted M1.17/G2 canonical repository.
M1.13,v0.2R1_ACCEPTED,15_M1_13/docs/M1_13_VALIDATION_HISTORY.md,Module_1/1.13_Exposure_Recovery_and_Expected_Loss/v0.2R1_ACCEPTED/docs/M1_13_VALIDATION_HISTORY.md,technical_documentation,CANONICAL_BYTE_COPY,1027,50dabe54056c8a08562ab3dea845f222f6ee5109bad5fb34f4fad066cf6b4f3b,50dabe54056c8a08562ab3dea845f222f6ee5109bad5fb34f4fad066cf6b4f3b,FINAL_M1_17_REVALIDATED,Byte-identical copy from the accepted M1.17/G2 canonical repository.
M1.13,v0.2R1_ACCEPTED,15_M1_13/docs/M1_13_VALIDATION_MATRIX.md,Module_1/1.13_Exposure_Recovery_and_Expected_Loss/v0.2R1_ACCEPTED/docs/M1_13_VALIDATION_MATRIX.md,technical_documentation,CANONICAL_BYTE_COPY,727,248d3f1d2e0125669c61757b5cd1937c7ec8980b2966be313fb7e6c2270b86a9,248d3f1d2e0125669c61757b5cd1937c7ec8980b2966be313fb7e6c2270b86a9,FINAL_M1_17_REVALIDATED,Byte-identical copy from the accepted M1.17/G2 canonical repository.
M1.13,v0.2R1_ACCEPTED,15_M1_13/RELEASE_NOTES.md,Module_1/1.13_Exposure_Recovery_and_Expected_Loss/v0.2R1_ACCEPTED/docs/RELEASE_NOTES.md,release_and_execution_context,CANONICAL_BYTE_COPY,847,ec795e1eb21f95e215f325357468b78d4ee79bfa3bd55582a776982aba9216be,ec795e1eb21f95e215f325357468b78d4ee79bfa3bd55582a776982aba9216be,FINAL_M1_17_REVALIDATED,Byte-identical copy from the accepted M1.17/G2 canonical repository.
M1.13,v0.2R1_ACCEPTED,15_M1_13/RELEASE_NOTES_ACCEPTED_v0_2R1.md,Module_1/1.13_Exposure_Recovery_and_Expected_Loss/v0.2R1_ACCEPTED/docs/RELEASE_NOTES_ACCEPTED_v0_2R1.md,release_and_execution_context,CANONICAL_BYTE_COPY,847,ec795e1eb21f95e215f325357468b78d4ee79bfa3bd55582a776982aba9216be,ec795e1eb21f95e215f325357468b78d4ee79bfa3bd55582a776982aba9216be,FINAL_M1_17_REVALIDATED,Byte-identical copy from the accepted M1.17/G2 canonical repository.
PUBLICATION,module-1-g2-v1.0.0,,Module_1/1.13_Exposure_Recovery_and_Expected_Loss/v0.2R1_ACCEPTED/outputs/README.md,github_publication_derivative,GITHUB_DERIVED_DOCUMENT,,,a3e7903d30cecd9e7abc9b0366482b9ce35e3eed7ffe0201b93413065fe63147,FINAL_G2_PUBLICATION,Generated for the public GitHub projection; does not alter canonical accepted database evidence.
PUBLICATION,module-1-g2-v1.0.0,,Module_1/1.13_Exposure_Recovery_and_Expected_Loss/v0.2R1_ACCEPTED/RELEASE_METADATA.json,github_publication_derivative,GITHUB_DERIVED_DOCUMENT,,,79cfeb014163e92a7400870a2e2bb0900c8c39afd04d82ddde2db964a7deacb4,FINAL_G2_PUBLICATION,Generated for the public GitHub projection; does not alter canonical accepted database evidence.
M1.13,v0.2R1_ACCEPTED,15_M1_13/sql/92_msbf_m1_13_schema_policy_extension_v0_2.sql,Module_1/1.13_Exposure_Recovery_and_Expected_Loss/v0.2R1_ACCEPTED/src/92_msbf_m1_13_schema_policy_extension_v0_2.sql,accepted_clean_build_sql,CANONICAL_BYTE_COPY,24013,a6529d898a8e5c2e434e271b1b005f6be589813f3cf589b0251dc75cf670cc4e,a6529d898a8e5c2e434e271b1b005f6be589813f3cf589b0251dc75cf670cc4e,FINAL_M1_17_REVALIDATED,Byte-identical copy from the accepted M1.17/G2 canonical repository.
M1.13,v0.2R1_ACCEPTED,15_M1_13/sql/94_msbf_m1_13_exposure_recovery_loss_generation_v0_2R1.sql,Module_1/1.13_Exposure_Recovery_and_Expected_Loss/v0.2R1_ACCEPTED/src/94_msbf_m1_13_exposure_recovery_loss_generation_v0_2R1.sql,accepted_clean_build_sql,CANONICAL_BYTE_COPY,52747,d8da87701081424894cc69662b144197bab29a0ce3bb1eb445b11247c9f3a462,d8da87701081424894cc69662b144197bab29a0ce3bb1eb445b11247c9f3a462,FINAL_M1_17_REVALIDATED,Byte-identical copy from the accepted M1.17/G2 canonical repository.
M1.13,v0.2R1_ACCEPTED,15_M1_13/sql/95_msbf_m1_13_exposure_recovery_loss_validation_v0_2R1.sql,Module_1/1.13_Exposure_Recovery_and_Expected_Loss/v0.2R1_ACCEPTED/src/95_msbf_m1_13_exposure_recovery_loss_validation_v0_2R1.sql,accepted_clean_build_sql,CANONICAL_BYTE_COPY,68707,466286cc14cf83dc1a2456933cf8561a2a461dbcddc7cbb6e354163120318050,466286cc14cf83dc1a2456933cf8561a2a461dbcddc7cbb6e354163120318050,FINAL_M1_17_REVALIDATED,Byte-identical copy from the accepted M1.17/G2 canonical repository.
M1.13,v0.2R1_ACCEPTED,15_M1_13/sql/96_msbf_m1_13_negative_control_tests_v0_2R1.sql,Module_1/1.13_Exposure_Recovery_and_Expected_Loss/v0.2R1_ACCEPTED/src/96_msbf_m1_13_negative_control_tests_v0_2R1.sql,accepted_clean_build_sql,CANONICAL_BYTE_COPY,9694,2a461715369902012b2bd5764fa744dc20c8d00baf91d0535e399111de9aa7f2,2a461715369902012b2bd5764fa744dc20c8d00baf91d0535e399111de9aa7f2,FINAL_M1_17_REVALIDATED,Byte-identical copy from the accepted M1.17/G2 canonical repository.
M1.13,v0.2R1_ACCEPTED,15_M1_13/sql/97_msbf_m1_13_acceptance_finalize_v0_2R1.sql,Module_1/1.13_Exposure_Recovery_and_Expected_Loss/v0.2R1_ACCEPTED/src/97_msbf_m1_13_acceptance_finalize_v0_2R1.sql,accepted_clean_build_sql,CANONICAL_BYTE_COPY,16234,0775a90cb32d41c86c45dabe8d8d6bb4bfe7894de850de00e701278b3c368086,0775a90cb32d41c86c45dabe8d8d6bb4bfe7894de850de00e701278b3c368086,FINAL_M1_17_REVALIDATED,Byte-identical copy from the accepted M1.17/G2 canonical repository.
M1.13,v0.2R1_ACCEPTED,15_M1_13/evidence/M1_13_EVIDENCE_INDEX.md,Module_1/1.13_Exposure_Recovery_and_Expected_Loss/v0.2R1_ACCEPTED/tests/M1_13_EVIDENCE_INDEX.md,accepted_validation_and_signoff,CANONICAL_BYTE_COPY,892,f78b2823363873d22a483b273eccf99d38b9f70303244e8e5ccd8323c090a26a,f78b2823363873d22a483b273eccf99d38b9f70303244e8e5ccd8323c090a26a,FINAL_M1_17_REVALIDATED,Byte-identical copy from the accepted M1.17/G2 canonical repository.
M1.13,v0.2R1_ACCEPTED,15_M1_13/evidence/M1_13_LIVE_EXECUTION_EVIDENCE_REVIEW_AND_SIGNOFF.md,Module_1/1.13_Exposure_Recovery_and_Expected_Loss/v0.2R1_ACCEPTED/tests/M1_13_LIVE_EXECUTION_EVIDENCE_REVIEW_AND_SIGNOFF.md,accepted_validation_and_signoff,CANONICAL_BYTE_COPY,5484,dfdb1aa532d2ca7926a463aab1ca56f0f9680ded3c13f6ca168e22db1865d67c,dfdb1aa532d2ca7926a463aab1ca56f0f9680ded3c13f6ca168e22db1865d67c,FINAL_M1_17_REVALIDATED,Byte-identical copy from the accepted M1.17/G2 canonical repository.
M1.13,v0.2R1_ACCEPTED,15_M1_13/evidence/M1_13_LIVE_EXECUTION_VALIDATION_SUMMARY_v0_2R1.json,Module_1/1.13_Exposure_Recovery_and_Expected_Loss/v0.2R1_ACCEPTED/tests/M1_13_LIVE_EXECUTION_VALIDATION_SUMMARY_v0_2R1.json,accepted_validation_and_signoff,CANONICAL_BYTE_COPY,2092,69fa3f53dd3685a85b5f03f3987be8a599d948f4bfde9b8770270c9feef0ae1d,69fa3f53dd3685a85b5f03f3987be8a599d948f4bfde9b8770270c9feef0ae1d,FINAL_M1_17_REVALIDATED,Byte-identical copy from the accepted M1.17/G2 canonical repository.
M1.13,v0.2R1_ACCEPTED,15_M1_13/evidence/MSBF_M1_13_Exposure_Recovery_Expected_Loss_Foundations_Build_Acceptance_Milestone_v0_2R1.txt,Module_1/1.13_Exposure_Recovery_and_Expected_Loss/v0.2R1_ACCEPTED/tests/MSBF_M1_13_Exposure_Recovery_Expected_Loss_Foundations_Build_Acceptance_Milestone_v0_2R1.txt,accepted_validation_and_signoff,CANONICAL_BYTE_COPY,986,f9b375fb40f10cbac15ec5a100f88af4dba9292ab6dea9fb24e7a10ae7994982,f9b375fb40f10cbac15ec5a100f88af4dba9292ab6dea9fb24e7a10ae7994982,FINAL_M1_17_REVALIDATED,Byte-identical copy from the accepted M1.17/G2 canonical repository.
M1.13,v0.2R1_ACCEPTED,15_M1_13/PACKAGE_VALIDATION_REPORT.md,Module_1/1.13_Exposure_Recovery_and_Expected_Loss/v0.2R1_ACCEPTED/tests/PACKAGE_VALIDATION_REPORT.md,static_package_validation_summary,CANONICAL_BYTE_COPY,711,6e52b3858db2b15f14ce4fbae0938a0d0ed6897fa5c668792aad76399666d825,6e52b3858db2b15f14ce4fbae0938a0d0ed6897fa5c668792aad76399666d825,FINAL_M1_17_REVALIDATED,Byte-identical copy from the accepted M1.17/G2 canonical repository.
M1.13,v0.2R1_ACCEPTED,15_M1_13/tests/199_m1_13_static_package_validation.py,Module_1/1.13_Exposure_Recovery_and_Expected_Loss/v0.2R1_ACCEPTED/tests/review_queries/199_m1_13_static_package_validation.py,validation_recovery_reporting_source,CANONICAL_BYTE_COPY,4364,797a2bc4e28d6fc73dbd58d5bf88b7ea96ac70a19404e3d135925d5e80681e2a,797a2bc4e28d6fc73dbd58d5bf88b7ea96ac70a19404e3d135925d5e80681e2a,FINAL_M1_17_REVALIDATED,Byte-identical copy from the accepted M1.17/G2 canonical repository.
M1.13,v0.2R1_ACCEPTED,15_M1_13/tests/92A_msbf_m1_13_failed_generation_recovery_check_v0_2.sql,Module_1/1.13_Exposure_Recovery_and_Expected_Loss/v0.2R1_ACCEPTED/tests/review_queries/92A_msbf_m1_13_failed_generation_recovery_check_v0_2.sql,validation_recovery_reporting_source,CANONICAL_BYTE_COPY,1596,0cfb894997a0e5d661accc1cd2cab8bf518b5d2bf3dd3061f3cee52ed0bf129e,0cfb894997a0e5d661accc1cd2cab8bf518b5d2bf3dd3061f3cee52ed0bf129e,FINAL_M1_17_REVALIDATED,Byte-identical copy from the accepted M1.17/G2 canonical repository.
M1.13,v0.2R1_ACCEPTED,15_M1_13/tests/92B_msbf_m1_13_failed_boolean_aggregate_recovery_check_v0_2R1.sql,Module_1/1.13_Exposure_Recovery_and_Expected_Loss/v0.2R1_ACCEPTED/tests/review_queries/92B_msbf_m1_13_failed_boolean_aggregate_recovery_check_v0_2R1.sql,validation_recovery_reporting_source,CANONICAL_BYTE_COPY,3920,bc080bcfb871f1d278b2896114b5e3ca981e637dbd982996a8b44ab84b93d7ea,bc080bcfb871f1d278b2896114b5e3ca981e637dbd982996a8b44ab84b93d7ea,FINAL_M1_17_REVALIDATED,Byte-identical copy from the accepted M1.17/G2 canonical repository.
M1.13,v0.2R1_ACCEPTED,15_M1_13/tests/93_msbf_m1_13_preflight_validation_v0_2R1.sql,Module_1/1.13_Exposure_Recovery_and_Expected_Loss/v0.2R1_ACCEPTED/tests/review_queries/93_msbf_m1_13_preflight_validation_v0_2R1.sql,validation_recovery_reporting_source,CANONICAL_BYTE_COPY,13275,fe0a3d6f5089c9f5629a521d3a00c490e7299996a20efb6fbc5d81378c5d43dc,fe0a3d6f5089c9f5629a521d3a00c490e7299996a20efb6fbc5d81378c5d43dc,FINAL_M1_17_REVALIDATED,Byte-identical copy from the accepted M1.17/G2 canonical repository.
M1.13,v0.2R1_ACCEPTED,15_M1_13/tests/94A_msbf_m1_13_generation_reconciliation_reconstructed_v0_2R1.sql,Module_1/1.13_Exposure_Recovery_and_Expected_Loss/v0.2R1_ACCEPTED/tests/review_queries/94A_msbf_m1_13_generation_reconciliation_reconstructed_v0_2R1.sql,validation_recovery_reporting_source,CANONICAL_BYTE_COPY,4047,61df24cb9626cfd8a984ca739864788f42373e5b8dda5149c962420dc1d563e0,61df24cb9626cfd8a984ca739864788f42373e5b8dda5149c962420dc1d563e0,FINAL_M1_17_REVALIDATED,Byte-identical copy from the accepted M1.17/G2 canonical repository.
M1.13,v0.2R1_ACCEPTED,15_M1_13/tests/98_MSBF_M1_13_Exposure_Recovery_Loss_Master_Report_v0_2R1.sql,Module_1/1.13_Exposure_Recovery_and_Expected_Loss/v0.2R1_ACCEPTED/tests/review_queries/98_MSBF_M1_13_Exposure_Recovery_Loss_Master_Report_v0_2R1.sql,validation_recovery_reporting_source,CANONICAL_BYTE_COPY,6624,34fddfc0c3684885d68402120e65e525fc93a9bdac27d8c45372fce02ee09a94,34fddfc0c3684885d68402120e65e525fc93a9bdac27d8c45372fce02ee09a94,FINAL_M1_17_REVALIDATED,Byte-identical copy from the accepted M1.17/G2 canonical repository.
M1.13,v0.2R1_ACCEPTED,15_M1_13/tests/99_MSBF_M1_13_Exposure_Recovery_Loss_Detail_Report_v0_2R1.sql,Module_1/1.13_Exposure_Recovery_and_Expected_Loss/v0.2R1_ACCEPTED/tests/review_queries/99_MSBF_M1_13_Exposure_Recovery_Loss_Detail_Report_v0_2R1.sql,validation_recovery_reporting_source,CANONICAL_BYTE_COPY,17817,1fcb92c15a59f47959087ee00b924282225ee48f3a04dc0788b167b7fefa369f,1fcb92c15a59f47959087ee00b924282225ee48f3a04dc0788b167b7fefa369f,FINAL_M1_17_REVALIDATED,Byte-identical copy from the accepted M1.17/G2 canonical repository.
PUBLICATION,module-1-g2-v1.0.0,,Module_1/1.14_Unit_Economics_and_Contribution/README.md,github_publication_derivative,GITHUB_DERIVED_DOCUMENT,,,7f5eea01cedea6b884abdb121becc5a55464823f46704cc5d194a543bf47e0e3,FINAL_G2_PUBLICATION,Generated for the public GitHub projection; does not alter canonical accepted database evidence.
M1.14,v0.2R4_ACCEPTED,16_M1_14/ACCEPTED_EXECUTION_PATH.md,Module_1/1.14_Unit_Economics_and_Contribution/v0.2R4_ACCEPTED/docs/ACCEPTED_EXECUTION_PATH.md,release_and_execution_context,CANONICAL_BYTE_COPY,693,8a0d968a5dfa8aa600e979e355d4f33352a459585a1f96999265b14252a11d18,8a0d968a5dfa8aa600e979e355d4f33352a459585a1f96999265b14252a11d18,FINAL_M1_17_REVALIDATED,Byte-identical copy from the accepted M1.17/G2 canonical repository.
M1.14,v0.2R4_ACCEPTED,16_M1_14/catalogs/M1_14_ACCEPTED_EXECUTION_ORDER_v0_2R4.csv,Module_1/1.14_Unit_Economics_and_Contribution/v0.2R4_ACCEPTED/docs/catalogs/M1_14_ACCEPTED_EXECUTION_ORDER_v0_2R4.csv,dictionary_configuration_or_control_catalog,CANONICAL_BYTE_COPY,1034,c5d52ffc900c0a902610d63e27b8fd6ce65bb1f1740eaca10519b2533f573822,c5d52ffc900c0a902610d63e27b8fd6ce65bb1f1740eaca10519b2533f573822,FINAL_M1_17_REVALIDATED,Byte-identical copy from the accepted M1.17/G2 canonical repository.
M1.14,v0.2R4_ACCEPTED,16_M1_14/catalogs/M1_14_ACCEPTED_EXPECTED_RESULTS_v0_2R4.json,Module_1/1.14_Unit_Economics_and_Contribution/v0.2R4_ACCEPTED/docs/catalogs/M1_14_ACCEPTED_EXPECTED_RESULTS_v0_2R4.json,dictionary_configuration_or_control_catalog,CANONICAL_BYTE_COPY,2201,521546d0f002a636219280251a8cd3192d34c019a3b1691e51dd2a19b02509dc,521546d0f002a636219280251a8cd3192d34c019a3b1691e51dd2a19b02509dc,FINAL_M1_17_REVALIDATED,Byte-identical copy from the accepted M1.17/G2 canonical repository.
M1.14,v0.2R4_ACCEPTED,16_M1_14/catalogs/M1_14_COMPONENT_MATRIX.csv,Module_1/1.14_Unit_Economics_and_Contribution/v0.2R4_ACCEPTED/docs/catalogs/M1_14_COMPONENT_MATRIX.csv,dictionary_configuration_or_control_catalog,CANONICAL_BYTE_COPY,1221,46d5a92e8a482181378209bc975a4ac34ef16c9aac54467473cb00e040c37326,46d5a92e8a482181378209bc975a4ac34ef16c9aac54467473cb00e040c37326,FINAL_M1_17_REVALIDATED,Byte-identical copy from the accepted M1.17/G2 canonical repository.
M1.14,v0.2R4_ACCEPTED,16_M1_14/catalogs/M1_14_EXECUTION_ORDER.csv,Module_1/1.14_Unit_Economics_and_Contribution/v0.2R4_ACCEPTED/docs/catalogs/M1_14_EXECUTION_ORDER.csv,dictionary_configuration_or_control_catalog,CANONICAL_BYTE_COPY,1134,6ab51b15b9bc6ca20e108c38589d858ae196e74aa15467e1e8ef9add5cc4b656,6ab51b15b9bc6ca20e108c38589d858ae196e74aa15467e1e8ef9add5cc4b656,FINAL_M1_17_REVALIDATED,Byte-identical copy from the accepted M1.17/G2 canonical repository.
M1.14,v0.2R4_ACCEPTED,16_M1_14/catalogs/M1_14_EXPECTED_RESULTS.json,Module_1/1.14_Unit_Economics_and_Contribution/v0.2R4_ACCEPTED/docs/catalogs/M1_14_EXPECTED_RESULTS.json,dictionary_configuration_or_control_catalog,CANONICAL_BYTE_COPY,515,cfb48fbc5930510e9ae4a19ddfc218d37ffe7d7e64f6a25d7b0206df6f5c9f15,cfb48fbc5930510e9ae4a19ddfc218d37ffe7d7e64f6a25d7b0206df6f5c9f15,FINAL_M1_17_REVALIDATED,Byte-identical copy from the accepted M1.17/G2 canonical repository.
M1.14,v0.2R4_ACCEPTED,16_M1_14/catalogs/M1_14_FEATURE_DICTIONARY.csv,Module_1/1.14_Unit_Economics_and_Contribution/v0.2R4_ACCEPTED/docs/catalogs/M1_14_FEATURE_DICTIONARY.csv,dictionary_configuration_or_control_catalog,CANONICAL_BYTE_COPY,3397,2fe55599394c34c41ebf5c1286bfeff5c52ae9f167bba2673228931126d6b7b2,2fe55599394c34c41ebf5c1286bfeff5c52ae9f167bba2673228931126d6b7b2,FINAL_M1_17_REVALIDATED,Byte-identical copy from the accepted M1.17/G2 canonical repository.
M1.14,v0.2R4_ACCEPTED,16_M1_14/catalogs/M1_14_FIELD_DICTIONARY.csv,Module_1/1.14_Unit_Economics_and_Contribution/v0.2R4_ACCEPTED/docs/catalogs/M1_14_FIELD_DICTIONARY.csv,dictionary_configuration_or_control_catalog,CANONICAL_BYTE_COPY,10437,f00f6cc4469c8215b953c59dbdb184ae72231f828437758096013b3dd2bfdbad,f00f6cc4469c8215b953c59dbdb184ae72231f828437758096013b3dd2bfdbad,FINAL_M1_17_REVALIDATED,Byte-identical copy from the accepted M1.17/G2 canonical repository.
M1.14,v0.2R4_ACCEPTED,16_M1_14/catalogs/M1_14_PARAMETER_DICTIONARY.csv,Module_1/1.14_Unit_Economics_and_Contribution/v0.2R4_ACCEPTED/docs/catalogs/M1_14_PARAMETER_DICTIONARY.csv,dictionary_configuration_or_control_catalog,CANONICAL_BYTE_COPY,2156,3f02b57bdeb5ddb9e0266103b2c91b7004b2cf157f58fa001681f3c0baeb4f05,3f02b57bdeb5ddb9e0266103b2c91b7004b2cf157f58fa001681f3c0baeb4f05,FINAL_M1_17_REVALIDATED,Byte-identical copy from the accepted M1.17/G2 canonical repository.
M1.14,v0.2R4_ACCEPTED,16_M1_14/catalogs/M1_14_PARAMETER_VALUES.csv,Module_1/1.14_Unit_Economics_and_Contribution/v0.2R4_ACCEPTED/docs/catalogs/M1_14_PARAMETER_VALUES.csv,dictionary_configuration_or_control_catalog,CANONICAL_BYTE_COPY,1646,303442947af4a74b9970e408cf0271b6f4aef24f3c271d95957810bb7dfc220d,303442947af4a74b9970e408cf0271b6f4aef24f3c271d95957810bb7dfc220d,FINAL_M1_17_REVALIDATED,Byte-identical copy from the accepted M1.17/G2 canonical repository.
M1.14,v0.2R4_ACCEPTED,16_M1_14/catalogs/M1_14_PHYSICAL_DEPENDENCY_COLUMNS.csv,Module_1/1.14_Unit_Economics_and_Contribution/v0.2R4_ACCEPTED/docs/catalogs/M1_14_PHYSICAL_DEPENDENCY_COLUMNS.csv,dictionary_configuration_or_control_catalog,CANONICAL_BYTE_COPY,2347,ff496267aa243d0f896e6f85668409dab191bd7373379fb5a413e48dc9228624,ff496267aa243d0f896e6f85668409dab191bd7373379fb5a413e48dc9228624,FINAL_M1_17_REVALIDATED,Byte-identical copy from the accepted M1.17/G2 canonical repository.
M1.14,v0.2R4_ACCEPTED,16_M1_14/catalogs/M1_14_RUN_CONFIGURATION.json,Module_1/1.14_Unit_Economics_and_Contribution/v0.2R4_ACCEPTED/docs/catalogs/M1_14_RUN_CONFIGURATION.json,dictionary_configuration_or_control_catalog,CANONICAL_BYTE_COPY,488,a7f7d523566fbbb91b8ef93be8d13c009b738daf1b36e8c4c053ff8329797bb8,a7f7d523566fbbb91b8ef93be8d13c009b738daf1b36e8c4c053ff8329797bb8,FINAL_M1_17_REVALIDATED,Byte-identical copy from the accepted M1.17/G2 canonical repository.
M1.14,v0.2R4_ACCEPTED,16_M1_14/catalogs/M1_14_SCHEMA_EXTENSION_COLUMNS.csv,Module_1/1.14_Unit_Economics_and_Contribution/v0.2R4_ACCEPTED/docs/catalogs/M1_14_SCHEMA_EXTENSION_COLUMNS.csv,dictionary_configuration_or_control_catalog,CANONICAL_BYTE_COPY,7007,b9ed3be5f6c4c97474159d52fce59bdd9b18c69060d1584d7d830d6ce82c07de,b9ed3be5f6c4c97474159d52fce59bdd9b18c69060d1584d7d830d6ce82c07de,FINAL_M1_17_REVALIDATED,Byte-identical copy from the accepted M1.17/G2 canonical repository.
M1.14,v0.2R4_ACCEPTED,16_M1_14/catalogs/M1_14_SCHEMA_EXTENSION_TABLES.csv,Module_1/1.14_Unit_Economics_and_Contribution/v0.2R4_ACCEPTED/docs/catalogs/M1_14_SCHEMA_EXTENSION_TABLES.csv,dictionary_configuration_or_control_catalog,CANONICAL_BYTE_COPY,367,03484182fda177a1536c66a91da9a0d3c64e8caa8773199c45457ca0034aa040,03484182fda177a1536c66a91da9a0d3c64e8caa8773199c45457ca0034aa040,FINAL_M1_17_REVALIDATED,Byte-identical copy from the accepted M1.17/G2 canonical repository.
M1.14,v0.2R4_ACCEPTED,16_M1_14/catalogs/M1_14_VALIDATION_MATRIX.csv,Module_1/1.14_Unit_Economics_and_Contribution/v0.2R4_ACCEPTED/docs/catalogs/M1_14_VALIDATION_MATRIX.csv,dictionary_configuration_or_control_catalog,CANONICAL_BYTE_COPY,14192,0d4a16c3f9c359620ddcccc8e04c9ceae3e50c3415a3207c4a25cf1d1a6006fe,0d4a16c3f9c359620ddcccc8e04c9ceae3e50c3415a3207c4a25cf1d1a6006fe,FINAL_M1_17_REVALIDATED,Byte-identical copy from the accepted M1.17/G2 canonical repository.
PUBLICATION,module-1-g2-v1.0.0,,Module_1/1.14_Unit_Economics_and_Contribution/v0.2R4_ACCEPTED/docs/CORRECTION_HISTORY.md,github_publication_derivative,GITHUB_DERIVED_DOCUMENT,,,a4ed18745fb297673c0b4f27d0c51155722364f0d45fd751122c5f9aaa9905be,FINAL_G2_PUBLICATION,Generated for the public GitHub projection; does not alter canonical accepted database evidence.
M1.14,v0.2R4_ACCEPTED,16_M1_14/diagrams/M1_14_ARCHITECTURE.png,Module_1/1.14_Unit_Economics_and_Contribution/v0.2R4_ACCEPTED/docs/diagrams/M1_14_ARCHITECTURE.png,architecture_diagram,CANONICAL_BYTE_COPY,305584,d764ea6e69cd2c92cba3e78052d1644717ac34ea5f45fc90d5110eb574077e2d,d764ea6e69cd2c92cba3e78052d1644717ac34ea5f45fc90d5110eb574077e2d,FINAL_M1_17_REVALIDATED,Byte-identical copy from the accepted M1.17/G2 canonical repository.
M1.14,v0.2R4_ACCEPTED,16_M1_14/diagrams/M1_14_ARCHITECTURE.svg,Module_1/1.14_Unit_Economics_and_Contribution/v0.2R4_ACCEPTED/docs/diagrams/M1_14_ARCHITECTURE.svg,architecture_diagram,CANONICAL_BYTE_COPY,14172,793a13c5dd4ffb0151a5194049348e0b492eabb5c151e300faacb06e0f378a52,793a13c5dd4ffb0151a5194049348e0b492eabb5c151e300faacb06e0f378a52,FINAL_M1_17_REVALIDATED,Byte-identical copy from the accepted M1.17/G2 canonical repository.
M1.14,v0.2R4_ACCEPTED,16_M1_14/docs/M1_14_ARCHITECTURE.md,Module_1/1.14_Unit_Economics_and_Contribution/v0.2R4_ACCEPTED/docs/M1_14_ARCHITECTURE.md,technical_documentation,CANONICAL_BYTE_COPY,2409,29bf8fdc02c0c87440abc40bc79cac2af814a88e1dbbef5e0d1789250f1a21a0,29bf8fdc02c0c87440abc40bc79cac2af814a88e1dbbef5e0d1789250f1a21a0,FINAL_M1_17_REVALIDATED,Byte-identical copy from the accepted M1.17/G2 canonical repository.
M1.14,v0.2R4_ACCEPTED,16_M1_14/docs/M1_14_DESIGN_AND_GENERATION_SPECIFICATION.md,Module_1/1.14_Unit_Economics_and_Contribution/v0.2R4_ACCEPTED/docs/M1_14_DESIGN_AND_GENERATION_SPECIFICATION.md,technical_documentation,CANONICAL_BYTE_COPY,3661,8901686fcd929f044fbfe521d18b1220f45d7187e41a3c324f73242286958a39,8901686fcd929f044fbfe521d18b1220f45d7187e41a3c324f73242286958a39,FINAL_M1_17_REVALIDATED,Byte-identical copy from the accepted M1.17/G2 canonical repository.
M1.14,v0.2R4_ACCEPTED,16_M1_14/docs/M1_14_EXECUTION_AND_VALIDATION_GUIDE.md,Module_1/1.14_Unit_Economics_and_Contribution/v0.2R4_ACCEPTED/docs/M1_14_EXECUTION_AND_VALIDATION_GUIDE.md,technical_documentation,CANONICAL_BYTE_COPY,2376,8342521a64a3e08658a8a39e457f1b4b59f645aeae8fc19bb97bdc051e816a71,8342521a64a3e08658a8a39e457f1b4b59f645aeae8fc19bb97bdc051e816a71,FINAL_M1_17_REVALIDATED,Byte-identical copy from the accepted M1.17/G2 canonical repository.
M1.14,v0.2R4_ACCEPTED,16_M1_14/docs/M1_14_PARAMETER_DICTIONARY.md,Module_1/1.14_Unit_Economics_and_Contribution/v0.2R4_ACCEPTED/docs/M1_14_PARAMETER_DICTIONARY.md,technical_documentation,CANONICAL_BYTE_COPY,2410,d15abbcc67aef13b386d874b261e036b38d3c0087d93b343ab42a76f31e9c457,d15abbcc67aef13b386d874b261e036b38d3c0087d93b343ab42a76f31e9c457,FINAL_M1_17_REVALIDATED,Byte-identical copy from the accepted M1.17/G2 canonical repository.
M1.14,v0.2R4_ACCEPTED,16_M1_14/docs/M1_14_SQL_ENGINEERING_AUDIT.md,Module_1/1.14_Unit_Economics_and_Contribution/v0.2R4_ACCEPTED/docs/M1_14_SQL_ENGINEERING_AUDIT.md,technical_documentation,CANONICAL_BYTE_COPY,937,41866154341453d61022fbf7cfe65e93e13df0ffb39bee0de4991e37e36e7fd5,41866154341453d61022fbf7cfe65e93e13df0ffb39bee0de4991e37e36e7fd5,FINAL_M1_17_REVALIDATED,Byte-identical copy from the accepted M1.17/G2 canonical repository.
M1.14,v0.2R4_ACCEPTED,16_M1_14/docs/M1_14_v0_2R1_SOURCE_SYNC_AND_LOGIC_CHANGE_REPORT.md,Module_1/1.14_Unit_Economics_and_Contribution/v0.2R4_ACCEPTED/docs/M1_14_v0_2R1_SOURCE_SYNC_AND_LOGIC_CHANGE_REPORT.md,technical_documentation,CANONICAL_BYTE_COPY,1647,90b410b552e131e4f8df7f15f3234e82f3eaed8b94a4683ad2915f05453e851f,90b410b552e131e4f8df7f15f3234e82f3eaed8b94a4683ad2915f05453e851f,FINAL_M1_17_REVALIDATED,Byte-identical copy from the accepted M1.17/G2 canonical repository.
M1.14,v0.2R4_ACCEPTED,16_M1_14/docs/M1_14_v0_2R2_LOGIC_AND_SCHEMA_CHANGE_REPORT.md,Module_1/1.14_Unit_Economics_and_Contribution/v0.2R4_ACCEPTED/docs/M1_14_v0_2R2_LOGIC_AND_SCHEMA_CHANGE_REPORT.md,technical_documentation,CANONICAL_BYTE_COPY,1078,24538902201e563bddd450dd7b894eaccc86110a26bd21a6611dc97854fb83c0,24538902201e563bddd450dd7b894eaccc86110a26bd21a6611dc97854fb83c0,FINAL_M1_17_REVALIDATED,Byte-identical copy from the accepted M1.17/G2 canonical repository.
M1.14,v0.2R4_ACCEPTED,16_M1_14/docs/M1_14_v0_2R3_LOGIC_AND_CONTRACT_REVIEW.md,Module_1/1.14_Unit_Economics_and_Contribution/v0.2R4_ACCEPTED/docs/M1_14_v0_2R3_LOGIC_AND_CONTRACT_REVIEW.md,technical_documentation,CANONICAL_BYTE_COPY,983,297b3399bc21b216768f5d0ebe6b23a3ba8142504df071ce3ecebce74dbde56e,297b3399bc21b216768f5d0ebe6b23a3ba8142504df071ce3ecebce74dbde56e,FINAL_M1_17_REVALIDATED,Byte-identical copy from the accepted M1.17/G2 canonical repository.
M1.14,v0.2R4_ACCEPTED,16_M1_14/docs/M1_14_v0_2R4_ROOT_CAUSE_AND_LOGIC_REVIEW.md,Module_1/1.14_Unit_Economics_and_Contribution/v0.2R4_ACCEPTED/docs/M1_14_v0_2R4_ROOT_CAUSE_AND_LOGIC_REVIEW.md,technical_documentation,CANONICAL_BYTE_COPY,1486,c590d2eee1e2b066a0a5db2e64ed1b36bf4382c3ab4bfc84d12cd56676a99029,c590d2eee1e2b066a0a5db2e64ed1b36bf4382c3ab4bfc84d12cd56676a99029,FINAL_M1_17_REVALIDATED,Byte-identical copy from the accepted M1.17/G2 canonical repository.
M1.14,v0.2R4_ACCEPTED,16_M1_14/docs/M1_14_VALIDATION_HISTORY.md,Module_1/1.14_Unit_Economics_and_Contribution/v0.2R4_ACCEPTED/docs/M1_14_VALIDATION_HISTORY.md,technical_documentation,CANONICAL_BYTE_COPY,1898,01b39545df635167b6e822cdb0ba6e1e21e2758d314bf1e1edf3bd8e709c519c,01b39545df635167b6e822cdb0ba6e1e21e2758d314bf1e1edf3bd8e709c519c,FINAL_M1_17_REVALIDATED,Byte-identical copy from the accepted M1.17/G2 canonical repository.
M1.14,v0.2R4_ACCEPTED,16_M1_14/docs/M1_14_VALIDATION_MATRIX.md,Module_1/1.14_Unit_Economics_and_Contribution/v0.2R4_ACCEPTED/docs/M1_14_VALIDATION_MATRIX.md,technical_documentation,CANONICAL_BYTE_COPY,1825,07db7edb5f22f6a8761791ef0fc299f253aff95c1d15de0f10763d1148d76151,07db7edb5f22f6a8761791ef0fc299f253aff95c1d15de0f10763d1148d76151,FINAL_M1_17_REVALIDATED,Byte-identical copy from the accepted M1.17/G2 canonical repository.
M1.14,v0.2R4_ACCEPTED,16_M1_14/RELEASE_NOTES.md,Module_1/1.14_Unit_Economics_and_Contribution/v0.2R4_ACCEPTED/docs/RELEASE_NOTES.md,release_and_execution_context,CANONICAL_BYTE_COPY,1167,cef8c4a8ca9d3db3725882a4e0b50399af5fa2b8c3eb08e7b121184624517ab6,cef8c4a8ca9d3db3725882a4e0b50399af5fa2b8c3eb08e7b121184624517ab6,FINAL_M1_17_REVALIDATED,Byte-identical copy from the accepted M1.17/G2 canonical repository.
M1.14,v0.2R4_ACCEPTED,16_M1_14/RELEASE_NOTES_ACCEPTED_v0_2R4.md,Module_1/1.14_Unit_Economics_and_Contribution/v0.2R4_ACCEPTED/docs/RELEASE_NOTES_ACCEPTED_v0_2R4.md,release_and_execution_context,CANONICAL_BYTE_COPY,702,c87b152a3532039382b73db43d39515efb6a310f6e11c5a96855cb8bc9550b65,c87b152a3532039382b73db43d39515efb6a310f6e11c5a96855cb8bc9550b65,FINAL_M1_17_REVALIDATED,Byte-identical copy from the accepted M1.17/G2 canonical repository.
PUBLICATION,module-1-g2-v1.0.0,,Module_1/1.14_Unit_Economics_and_Contribution/v0.2R4_ACCEPTED/outputs/README.md,github_publication_derivative,GITHUB_DERIVED_DOCUMENT,,,0e5d02033c6c1e1527e60482f230fde7fcd4c635a1d665e52203b0b618694713,FINAL_G2_PUBLICATION,Generated for the public GitHub projection; does not alter canonical accepted database evidence.
PUBLICATION,module-1-g2-v1.0.0,,Module_1/1.14_Unit_Economics_and_Contribution/v0.2R4_ACCEPTED/RELEASE_METADATA.json,github_publication_derivative,GITHUB_DERIVED_DOCUMENT,,,0c0935ce80730938014f894e1304917f4617938fe2c4b35e695d5c4133858930,FINAL_G2_PUBLICATION,Generated for the public GitHub projection; does not alter canonical accepted database evidence.
M1.14,v0.2R4_ACCEPTED,16_M1_14/sql/100_msbf_m1_14_schema_policy_extension_v0_2R3.sql,Module_1/1.14_Unit_Economics_and_Contribution/v0.2R4_ACCEPTED/src/100_msbf_m1_14_schema_policy_extension_v0_2R3.sql,accepted_clean_build_sql,CANONICAL_BYTE_COPY,30084,e24ad1741a8a20e8d2780dd3d90527669b8682086b839e1aaea30cb0a664710e,e24ad1741a8a20e8d2780dd3d90527669b8682086b839e1aaea30cb0a664710e,FINAL_M1_17_REVALIDATED,Byte-identical copy from the accepted M1.17/G2 canonical repository.
M1.14,v0.2R4_ACCEPTED,16_M1_14/sql/102_msbf_m1_14_unit_economics_generation_v0_2R3.sql,Module_1/1.14_Unit_Economics_and_Contribution/v0.2R4_ACCEPTED/src/102_msbf_m1_14_unit_economics_generation_v0_2R3.sql,accepted_clean_build_sql,CANONICAL_BYTE_COPY,61853,ee20be35755092083c88c6f1891b6df820e17cce9d01700f0add65a225537fce,ee20be35755092083c88c6f1891b6df820e17cce9d01700f0add65a225537fce,FINAL_M1_17_REVALIDATED,Byte-identical copy from the accepted M1.17/G2 canonical repository.
M1.14,v0.2R4_ACCEPTED,16_M1_14/sql/103_msbf_m1_14_unit_economics_validation_v0_2R4.sql,Module_1/1.14_Unit_Economics_and_Contribution/v0.2R4_ACCEPTED/src/103_msbf_m1_14_unit_economics_validation_v0_2R4.sql,accepted_clean_build_sql,CANONICAL_BYTE_COPY,58619,4f684d6efa349d7d59178b3e71afaac970d636df3d93416487ee4185cf6fd4ce,4f684d6efa349d7d59178b3e71afaac970d636df3d93416487ee4185cf6fd4ce,FINAL_M1_17_REVALIDATED,Byte-identical copy from the accepted M1.17/G2 canonical repository.
M1.14,v0.2R4_ACCEPTED,16_M1_14/sql/104_msbf_m1_14_negative_control_tests_v0_2R4.sql,Module_1/1.14_Unit_Economics_and_Contribution/v0.2R4_ACCEPTED/src/104_msbf_m1_14_negative_control_tests_v0_2R4.sql,accepted_clean_build_sql,CANONICAL_BYTE_COPY,7920,91283029ab75e4affce96e96e7ead45dad35aaa5ab83bdd031efd2893420e9c2,91283029ab75e4affce96e96e7ead45dad35aaa5ab83bdd031efd2893420e9c2,FINAL_M1_17_REVALIDATED,Byte-identical copy from the accepted M1.17/G2 canonical repository.
M1.14,v0.2R4_ACCEPTED,16_M1_14/sql/105_msbf_m1_14_acceptance_finalize_v0_2R4.sql,Module_1/1.14_Unit_Economics_and_Contribution/v0.2R4_ACCEPTED/src/105_msbf_m1_14_acceptance_finalize_v0_2R4.sql,accepted_clean_build_sql,CANONICAL_BYTE_COPY,15117,a43f7f70c10de0bf17eb4d9290706a602db05eda149a11ed070a487d06e67f28,a43f7f70c10de0bf17eb4d9290706a602db05eda149a11ed070a487d06e67f28,FINAL_M1_17_REVALIDATED,Byte-identical copy from the accepted M1.17/G2 canonical repository.
M1.14,v0.2R4_ACCEPTED,16_M1_14/evidence/M1_14_EVIDENCE_INDEX.md,Module_1/1.14_Unit_Economics_and_Contribution/v0.2R4_ACCEPTED/tests/M1_14_EVIDENCE_INDEX.md,accepted_validation_and_signoff,CANONICAL_BYTE_COPY,1951,1884ee85b9bceeaeb521560e0198c1464b6e48fac1c24b3ffdd33b73be95cd74,1884ee85b9bceeaeb521560e0198c1464b6e48fac1c24b3ffdd33b73be95cd74,FINAL_M1_17_REVALIDATED,Byte-identical copy from the accepted M1.17/G2 canonical repository.
M1.14,v0.2R4_ACCEPTED,16_M1_14/evidence/M1_14_LIVE_EXECUTION_EVIDENCE_REVIEW_AND_SIGNOFF.md,Module_1/1.14_Unit_Economics_and_Contribution/v0.2R4_ACCEPTED/tests/M1_14_LIVE_EXECUTION_EVIDENCE_REVIEW_AND_SIGNOFF.md,accepted_validation_and_signoff,CANONICAL_BYTE_COPY,7457,f393d9e90e7a7ccd4031c02b2ef21081ad8301f1f43df8529d11f129773c6182,f393d9e90e7a7ccd4031c02b2ef21081ad8301f1f43df8529d11f129773c6182,FINAL_M1_17_REVALIDATED,Byte-identical copy from the accepted M1.17/G2 canonical repository.
M1.14,v0.2R4_ACCEPTED,16_M1_14/evidence/M1_14_LIVE_EXECUTION_VALIDATION_SUMMARY_v0_2R4.json,Module_1/1.14_Unit_Economics_and_Contribution/v0.2R4_ACCEPTED/tests/M1_14_LIVE_EXECUTION_VALIDATION_SUMMARY_v0_2R4.json,accepted_validation_and_signoff,CANONICAL_BYTE_COPY,2201,521546d0f002a636219280251a8cd3192d34c019a3b1691e51dd2a19b02509dc,521546d0f002a636219280251a8cd3192d34c019a3b1691e51dd2a19b02509dc,FINAL_M1_17_REVALIDATED,Byte-identical copy from the accepted M1.17/G2 canonical repository.
M1.14,v0.2R4_ACCEPTED,16_M1_14/evidence/MSBF_M1_14_Unit_Economics_Risk_Adjusted_Contribution_Build_Acceptance_Milestone_v0_2R4.txt,Module_1/1.14_Unit_Economics_and_Contribution/v0.2R4_ACCEPTED/tests/MSBF_M1_14_Unit_Economics_Risk_Adjusted_Contribution_Build_Acceptance_Milestone_v0_2R4.txt,accepted_validation_and_signoff,CANONICAL_BYTE_COPY,1262,554814b8c6ff99cb577817957de1cb101c31050d7fe03cde51432738167a1c2b,554814b8c6ff99cb577817957de1cb101c31050d7fe03cde51432738167a1c2b,FINAL_M1_17_REVALIDATED,Byte-identical copy from the accepted M1.17/G2 canonical repository.
M1.14,v0.2R4_ACCEPTED,16_M1_14/PACKAGE_VALIDATION_REPORT.md,Module_1/1.14_Unit_Economics_and_Contribution/v0.2R4_ACCEPTED/tests/PACKAGE_VALIDATION_REPORT.md,static_package_validation_summary,CANONICAL_BYTE_COPY,1327,a7754a55c37af142c5a506a19cb07078d57976cd30f107949c1eb9131c33131f,a7754a55c37af142c5a506a19cb07078d57976cd30f107949c1eb9131c33131f,FINAL_M1_17_REVALIDATED,Byte-identical copy from the accepted M1.17/G2 canonical repository.
M1.14,v0.2R4_ACCEPTED,16_M1_14/tests/100E_msbf_m1_14_atomic_contract_repair_and_recovery_v0_2R3.sql,Module_1/1.14_Unit_Economics_and_Contribution/v0.2R4_ACCEPTED/tests/review_queries/100E_msbf_m1_14_atomic_contract_repair_and_recovery_v0_2R3.sql,validation_recovery_reporting_source,CANONICAL_BYTE_COPY,13253,b2f8d67ef025d80e5b221718b52d71066dd83e17a95e6cae76bec3c90760cf88,b2f8d67ef025d80e5b221718b52d71066dd83e17a95e6cae76bec3c90760cf88,FINAL_M1_17_REVALIDATED,Byte-identical copy from the accepted M1.17/G2 canonical repository.
M1.14,v0.2R4_ACCEPTED,16_M1_14/tests/100F_msbf_m1_14_failed_snapshot_row_hash_validation_recovery_v0_2R4.sql,Module_1/1.14_Unit_Economics_and_Contribution/v0.2R4_ACCEPTED/tests/review_queries/100F_msbf_m1_14_failed_snapshot_row_hash_validation_recovery_v0_2R4.sql,validation_recovery_reporting_source,CANONICAL_BYTE_COPY,14502,56e372e00fc26ada3400c3e0a5e3176281d6ba0fdaddf6d7bf8c244eabc7dbf3,56e372e00fc26ada3400c3e0a5e3176281d6ba0fdaddf6d7bf8c244eabc7dbf3,FINAL_M1_17_REVALIDATED,Byte-identical copy from the accepted M1.17/G2 canonical repository.
M1.14,v0.2R4_ACCEPTED,16_M1_14/tests/101_msbf_m1_14_preflight_validation_v0_2R3.sql,Module_1/1.14_Unit_Economics_and_Contribution/v0.2R4_ACCEPTED/tests/review_queries/101_msbf_m1_14_preflight_validation_v0_2R3.sql,validation_recovery_reporting_source,CANONICAL_BYTE_COPY,17736,c77b3347f30dad8cc5140ef774746e3b7cf28a4bc917f0acf0886308d387c8bb,c77b3347f30dad8cc5140ef774746e3b7cf28a4bc917f0acf0886308d387c8bb,FINAL_M1_17_REVALIDATED,Byte-identical copy from the accepted M1.17/G2 canonical repository.
M1.14,v0.2R4_ACCEPTED,16_M1_14/tests/102A_msbf_m1_14_generation_reconciliation_reconstructed_v0_2R3.sql,Module_1/1.14_Unit_Economics_and_Contribution/v0.2R4_ACCEPTED/tests/review_queries/102A_msbf_m1_14_generation_reconciliation_reconstructed_v0_2R3.sql,validation_recovery_reporting_source,CANONICAL_BYTE_COPY,5169,f57b84ccbd7391012411052f46abb5f7ac38ca0011f4f1ca3445e3f81e02c44e,f57b84ccbd7391012411052f46abb5f7ac38ca0011f4f1ca3445e3f81e02c44e,FINAL_M1_17_REVALIDATED,Byte-identical copy from the accepted M1.17/G2 canonical repository.
M1.14,v0.2R4_ACCEPTED,16_M1_14/tests/106_MSBF_M1_14_Unit_Economics_Master_Report_v0_2R4.sql,Module_1/1.14_Unit_Economics_and_Contribution/v0.2R4_ACCEPTED/tests/review_queries/106_MSBF_M1_14_Unit_Economics_Master_Report_v0_2R4.sql,validation_recovery_reporting_source,CANONICAL_BYTE_COPY,6367,03ccf8a20bc99e0ce3754df6936f9ad430d7509263f04372e1eb56a9fb46f884,03ccf8a20bc99e0ce3754df6936f9ad430d7509263f04372e1eb56a9fb46f884,FINAL_M1_17_REVALIDATED,Byte-identical copy from the accepted M1.17/G2 canonical repository.
M1.14,v0.2R4_ACCEPTED,16_M1_14/tests/107_MSBF_M1_14_Unit_Economics_Detail_Report_v0_2R4.sql,Module_1/1.14_Unit_Economics_and_Contribution/v0.2R4_ACCEPTED/tests/review_queries/107_MSBF_M1_14_Unit_Economics_Detail_Report_v0_2R4.sql,validation_recovery_reporting_source,CANONICAL_BYTE_COPY,15446,86fe2e3fafb6cea79d68b3fe4dddf3e601c5b1fe6add8c5331e30fb9529e4624,86fe2e3fafb6cea79d68b3fe4dddf3e601c5b1fe6add8c5331e30fb9529e4624,FINAL_M1_17_REVALIDATED,Byte-identical copy from the accepted M1.17/G2 canonical repository.
M1.14,v0.2R4_ACCEPTED,16_M1_14/tests/199_m1_14_static_package_validation.py,Module_1/1.14_Unit_Economics_and_Contribution/v0.2R4_ACCEPTED/tests/review_queries/199_m1_14_static_package_validation.py,validation_recovery_reporting_source,CANONICAL_BYTE_COPY,8474,bab6fa4fef04b199afbe634d626eae60c1f646c7a4c2542ffdd8b119b9d55d82,bab6fa4fef04b199afbe634d626eae60c1f646c7a4c2542ffdd8b119b9d55d82,FINAL_M1_17_REVALIDATED,Byte-identical copy from the accepted M1.17/G2 canonical repository.
PUBLICATION,module-1-g2-v1.0.0,,Module_1/1.15_Latest_Archive_Comparison_and_Contract/README.md,github_publication_derivative,GITHUB_DERIVED_DOCUMENT,,,f1e439db2749f57cba32aa105e79cb310c4f762bce3fda5504ce67f0325fdc79,FINAL_G2_PUBLICATION,Generated for the public GitHub projection; does not alter canonical accepted database evidence.
M1.15,v0.2R3_ACCEPTED,17_M1_15/ACCEPTED_EXECUTION_PATH.md,Module_1/1.15_Latest_Archive_Comparison_and_Contract/v0.2R3_ACCEPTED/docs/ACCEPTED_EXECUTION_PATH.md,release_and_execution_context,CANONICAL_BYTE_COPY,882,8f72798b056dbaa1a2a5863634d61c5e0a515fdd11353badfe1ea70af7a200d7,8f72798b056dbaa1a2a5863634d61c5e0a515fdd11353badfe1ea70af7a200d7,FINAL_M1_17_REVALIDATED,Byte-identical copy from the accepted M1.17/G2 canonical repository.
M1.15,v0.2R3_ACCEPTED,17_M1_15/catalogs/M1_15_ACCEPTED_EXECUTION_ORDER_v0_2R3.csv,Module_1/1.15_Latest_Archive_Comparison_and_Contract/v0.2R3_ACCEPTED/docs/catalogs/M1_15_ACCEPTED_EXECUTION_ORDER_v0_2R3.csv,dictionary_configuration_or_control_catalog,CANONICAL_BYTE_COPY,1062,62e7316c96bdb419755ca5001ee6a999914dc399691e24bf5f8d8b96d5faf328,62e7316c96bdb419755ca5001ee6a999914dc399691e24bf5f8d8b96d5faf328,FINAL_M1_17_REVALIDATED,Byte-identical copy from the accepted M1.17/G2 canonical repository.
M1.15,v0.2R3_ACCEPTED,17_M1_15/catalogs/M1_15_ACCEPTED_EXPECTED_RESULTS_v0_2R3.json,Module_1/1.15_Latest_Archive_Comparison_and_Contract/v0.2R3_ACCEPTED/docs/catalogs/M1_15_ACCEPTED_EXPECTED_RESULTS_v0_2R3.json,dictionary_configuration_or_control_catalog,CANONICAL_BYTE_COPY,2171,30e5909384ac89d3adc1a0ae3a5fb611dca5a6c75ed3cdb0fa317c98a8ffa9ab,30e5909384ac89d3adc1a0ae3a5fb611dca5a6c75ed3cdb0fa317c98a8ffa9ab,FINAL_M1_17_REVALIDATED,Byte-identical copy from the accepted M1.17/G2 canonical repository.
M1.15,v0.2R3_ACCEPTED,17_M1_15/catalogs/M1_15_EXECUTION_ORDER.csv,Module_1/1.15_Latest_Archive_Comparison_and_Contract/v0.2R3_ACCEPTED/docs/catalogs/M1_15_EXECUTION_ORDER.csv,dictionary_configuration_or_control_catalog,CANONICAL_BYTE_COPY,1271,41bdc2a2348381e66b8c00fba844427f61ba2bdb359164c49679ea8998d000b1,41bdc2a2348381e66b8c00fba844427f61ba2bdb359164c49679ea8998d000b1,FINAL_M1_17_REVALIDATED,Byte-identical copy from the accepted M1.17/G2 canonical repository.
M1.15,v0.2R3_ACCEPTED,17_M1_15/catalogs/M1_15_EXPECTED_RESULTS.json,Module_1/1.15_Latest_Archive_Comparison_and_Contract/v0.2R3_ACCEPTED/docs/catalogs/M1_15_EXPECTED_RESULTS.json,dictionary_configuration_or_control_catalog,CANONICAL_BYTE_COPY,546,3f0be3966930f37b84ba3b47ec372f380f0ff549e3adf1f3fc220de7d479c0fa,3f0be3966930f37b84ba3b47ec372f380f0ff549e3adf1f3fc220de7d479c0fa,FINAL_M1_17_REVALIDATED,Byte-identical copy from the accepted M1.17/G2 canonical repository.
M1.15,v0.2R3_ACCEPTED,17_M1_15/catalogs/M1_15_FIELD_DICTIONARY.csv,Module_1/1.15_Latest_Archive_Comparison_and_Contract/v0.2R3_ACCEPTED/docs/catalogs/M1_15_FIELD_DICTIONARY.csv,dictionary_configuration_or_control_catalog,CANONICAL_BYTE_COPY,19816,e127d3f95a65a1e7eb0446fe5eb9fdf311260c78bac1ee3e824a0f83b6386ab5,e127d3f95a65a1e7eb0446fe5eb9fdf311260c78bac1ee3e824a0f83b6386ab5,FINAL_M1_17_REVALIDATED,Byte-identical copy from the accepted M1.17/G2 canonical repository.
M1.15,v0.2R3_ACCEPTED,17_M1_15/catalogs/M1_15_PARAMETER_DICTIONARY.csv,Module_1/1.15_Latest_Archive_Comparison_and_Contract/v0.2R3_ACCEPTED/docs/catalogs/M1_15_PARAMETER_DICTIONARY.csv,dictionary_configuration_or_control_catalog,CANONICAL_BYTE_COPY,772,a450ef7d7fd517c5f4d5cb68befb7a9a205e466f7da8ccbfddb25a76ec044b69,a450ef7d7fd517c5f4d5cb68befb7a9a205e466f7da8ccbfddb25a76ec044b69,FINAL_M1_17_REVALIDATED,Byte-identical copy from the accepted M1.17/G2 canonical repository.
M1.15,v0.2R3_ACCEPTED,17_M1_15/catalogs/M1_15_RUN_CONFIGURATION.json,Module_1/1.15_Latest_Archive_Comparison_and_Contract/v0.2R3_ACCEPTED/docs/catalogs/M1_15_RUN_CONFIGURATION.json,dictionary_configuration_or_control_catalog,CANONICAL_BYTE_COPY,437,626cdffa63028e3b713bba1cdc9e43b31a25ccdfa84cf336facfbbc1027cc347,626cdffa63028e3b713bba1cdc9e43b31a25ccdfa84cf336facfbbc1027cc347,FINAL_M1_17_REVALIDATED,Byte-identical copy from the accepted M1.17/G2 canonical repository.
PUBLICATION,module-1-g2-v1.0.0,,Module_1/1.15_Latest_Archive_Comparison_and_Contract/v0.2R3_ACCEPTED/docs/CORRECTION_HISTORY.md,github_publication_derivative,GITHUB_DERIVED_DOCUMENT,,,1511c051794381bf42517571ae2383464e4a54c2bda124d2f9b503f300d45ceb,FINAL_G2_PUBLICATION,Generated for the public GitHub projection; does not alter canonical accepted database evidence.
M1.15,v0.2R3_ACCEPTED,17_M1_15/diagrams/M1_15_ARCHITECTURE.png,Module_1/1.15_Latest_Archive_Comparison_and_Contract/v0.2R3_ACCEPTED/docs/diagrams/M1_15_ARCHITECTURE.png,architecture_diagram,CANONICAL_BYTE_COPY,115070,ca10c1476aa3c0f750a291923b42264d2d7ac75422cbe7a3fa0b208dacb9bf00,ca10c1476aa3c0f750a291923b42264d2d7ac75422cbe7a3fa0b208dacb9bf00,FINAL_M1_17_REVALIDATED,Byte-identical copy from the accepted M1.17/G2 canonical repository.
M1.15,v0.2R3_ACCEPTED,17_M1_15/docs/M1_15_ARCHITECTURE.md,Module_1/1.15_Latest_Archive_Comparison_and_Contract/v0.2R3_ACCEPTED/docs/M1_15_ARCHITECTURE.md,technical_documentation,CANONICAL_BYTE_COPY,1352,31bdcb8b16843c170c60a0435aaaaffaebe2438055bd7ae986cbf66e1a25a24c,31bdcb8b16843c170c60a0435aaaaffaebe2438055bd7ae986cbf66e1a25a24c,FINAL_M1_17_REVALIDATED,Byte-identical copy from the accepted M1.17/G2 canonical repository.
M1.15,v0.2R3_ACCEPTED,17_M1_15/docs/M1_15_DESIGN_AND_GENERATION_SPECIFICATION.md,Module_1/1.15_Latest_Archive_Comparison_and_Contract/v0.2R3_ACCEPTED/docs/M1_15_DESIGN_AND_GENERATION_SPECIFICATION.md,technical_documentation,CANONICAL_BYTE_COPY,1338,457409ec2bbe8e841daab85444adb7321b9d77597acff2cb62c4f4d09557c76f,457409ec2bbe8e841daab85444adb7321b9d77597acff2cb62c4f4d09557c76f,FINAL_M1_17_REVALIDATED,Byte-identical copy from the accepted M1.17/G2 canonical repository.
M1.15,v0.2R3_ACCEPTED,17_M1_15/docs/M1_15_EXECUTION_AND_VALIDATION_GUIDE.md,Module_1/1.15_Latest_Archive_Comparison_and_Contract/v0.2R3_ACCEPTED/docs/M1_15_EXECUTION_AND_VALIDATION_GUIDE.md,technical_documentation,CANONICAL_BYTE_COPY,1573,708bf7501b1f75ecf407b6b857479965d8a88341c566d938ac257453145a5c50,708bf7501b1f75ecf407b6b857479965d8a88341c566d938ac257453145a5c50,FINAL_M1_17_REVALIDATED,Byte-identical copy from the accepted M1.17/G2 canonical repository.
M1.15,v0.2R3_ACCEPTED,17_M1_15/docs/M1_15_PARAMETER_DICTIONARY.md,Module_1/1.15_Latest_Archive_Comparison_and_Contract/v0.2R3_ACCEPTED/docs/M1_15_PARAMETER_DICTIONARY.md,technical_documentation,CANONICAL_BYTE_COPY,943,a870a792b12ae8d629a92003b5c3372504f173943bf8baec4cb1b849dd9336c5,a870a792b12ae8d629a92003b5c3372504f173943bf8baec4cb1b849dd9336c5,FINAL_M1_17_REVALIDATED,Byte-identical copy from the accepted M1.17/G2 canonical repository.
M1.15,v0.2R3_ACCEPTED,17_M1_15/docs/M1_15_v0_2R1_ROOT_CAUSE_AND_DOWNSTREAM_AUDIT.md,Module_1/1.15_Latest_Archive_Comparison_and_Contract/v0.2R3_ACCEPTED/docs/M1_15_v0_2R1_ROOT_CAUSE_AND_DOWNSTREAM_AUDIT.md,technical_documentation,CANONICAL_BYTE_COPY,1210,b8af15fcfd665a12a5c30c67c325e913ea368bbbe5cd44d48aeaa5ca20ef152b,b8af15fcfd665a12a5c30c67c325e913ea368bbbe5cd44d48aeaa5ca20ef152b,FINAL_M1_17_REVALIDATED,Byte-identical copy from the accepted M1.17/G2 canonical repository.
M1.15,v0.2R3_ACCEPTED,17_M1_15/docs/M1_15_v0_2R2_ROOT_CAUSE_AND_DOWNSTREAM_AUDIT.md,Module_1/1.15_Latest_Archive_Comparison_and_Contract/v0.2R3_ACCEPTED/docs/M1_15_v0_2R2_ROOT_CAUSE_AND_DOWNSTREAM_AUDIT.md,technical_documentation,CANONICAL_BYTE_COPY,1497,502013f16ceda6b3e5b9a32c1bce21f390a491a2cae9945fd3a8c2039980743a,502013f16ceda6b3e5b9a32c1bce21f390a491a2cae9945fd3a8c2039980743a,FINAL_M1_17_REVALIDATED,Byte-identical copy from the accepted M1.17/G2 canonical repository.
M1.15,v0.2R3_ACCEPTED,17_M1_15/docs/M1_15_v0_2R3_ROOT_CAUSE_AND_LOGIC_ALIGNMENT.md,Module_1/1.15_Latest_Archive_Comparison_and_Contract/v0.2R3_ACCEPTED/docs/M1_15_v0_2R3_ROOT_CAUSE_AND_LOGIC_ALIGNMENT.md,technical_documentation,CANONICAL_BYTE_COPY,1375,63299e16f99bee5987f34267dfba910ca981b88b7dec6b76facf9b2e980b2a74,63299e16f99bee5987f34267dfba910ca981b88b7dec6b76facf9b2e980b2a74,FINAL_M1_17_REVALIDATED,Byte-identical copy from the accepted M1.17/G2 canonical repository.
M1.15,v0.2R3_ACCEPTED,17_M1_15/docs/M1_15_VALIDATION_HISTORY.md,Module_1/1.15_Latest_Archive_Comparison_and_Contract/v0.2R3_ACCEPTED/docs/M1_15_VALIDATION_HISTORY.md,technical_documentation,CANONICAL_BYTE_COPY,1894,9d92b1f6f6627da22574f834951cc1b22799f8e41051254c391ff8c764497e19,9d92b1f6f6627da22574f834951cc1b22799f8e41051254c391ff8c764497e19,FINAL_M1_17_REVALIDATED,Byte-identical copy from the accepted M1.17/G2 canonical repository.
M1.15,v0.2R3_ACCEPTED,17_M1_15/docs/M1_15_VALIDATION_MATRIX.md,Module_1/1.15_Latest_Archive_Comparison_and_Contract/v0.2R3_ACCEPTED/docs/M1_15_VALIDATION_MATRIX.md,technical_documentation,CANONICAL_BYTE_COPY,424,a4146ed3d485f908f44c674d6bc117e4bd70757a2dfec692e44bce2138bf3422,a4146ed3d485f908f44c674d6bc117e4bd70757a2dfec692e44bce2138bf3422,FINAL_M1_17_REVALIDATED,Byte-identical copy from the accepted M1.17/G2 canonical repository.
M1.15,v0.2R3_ACCEPTED,17_M1_15/RELEASE_NOTES.md,Module_1/1.15_Latest_Archive_Comparison_and_Contract/v0.2R3_ACCEPTED/docs/RELEASE_NOTES.md,release_and_execution_context,CANONICAL_BYTE_COPY,963,78caf9292d1f20592890c7a81a2ee95d64a822eaecae75efbec3addc7f91b175,78caf9292d1f20592890c7a81a2ee95d64a822eaecae75efbec3addc7f91b175,FINAL_M1_17_REVALIDATED,Byte-identical copy from the accepted M1.17/G2 canonical repository.
M1.15,v0.2R3_ACCEPTED,17_M1_15/RELEASE_NOTES_ACCEPTED_v0_2R3.md,Module_1/1.15_Latest_Archive_Comparison_and_Contract/v0.2R3_ACCEPTED/docs/RELEASE_NOTES_ACCEPTED_v0_2R3.md,release_and_execution_context,CANONICAL_BYTE_COPY,963,78caf9292d1f20592890c7a81a2ee95d64a822eaecae75efbec3addc7f91b175,78caf9292d1f20592890c7a81a2ee95d64a822eaecae75efbec3addc7f91b175,FINAL_M1_17_REVALIDATED,Byte-identical copy from the accepted M1.17/G2 canonical repository.
PUBLICATION,module-1-g2-v1.0.0,,Module_1/1.15_Latest_Archive_Comparison_and_Contract/v0.2R3_ACCEPTED/outputs/README.md,github_publication_derivative,GITHUB_DERIVED_DOCUMENT,,,8c44bd4317b6ea297671595d9edeb5e2c3c4681b4b1601d7a6143f8a5f0a8caf,FINAL_G2_PUBLICATION,Generated for the public GitHub projection; does not alter canonical accepted database evidence.
PUBLICATION,module-1-g2-v1.0.0,,Module_1/1.15_Latest_Archive_Comparison_and_Contract/v0.2R3_ACCEPTED/RELEASE_METADATA.json,github_publication_derivative,GITHUB_DERIVED_DOCUMENT,,,6454ad499c855548b667234a778ef823a8e72ca94e1af02e172bf1858f625b10,FINAL_G2_PUBLICATION,Generated for the public GitHub projection; does not alter canonical accepted database evidence.
M1.15,v0.2R3_ACCEPTED,17_M1_15/sql/108_msbf_m1_15_schema_policy_contract_extension_v0_2R3.sql,Module_1/1.15_Latest_Archive_Comparison_and_Contract/v0.2R3_ACCEPTED/src/108_msbf_m1_15_schema_policy_contract_extension_v0_2R3.sql,accepted_clean_build_sql,CANONICAL_BYTE_COPY,25778,9ebafc4494c7b54c0524f4c8bf2770815c4d106d6f40cd1f3f8bec576a89c7aa,9ebafc4494c7b54c0524f4c8bf2770815c4d106d6f40cd1f3f8bec576a89c7aa,FINAL_M1_17_REVALIDATED,Byte-identical copy from the accepted M1.17/G2 canonical repository.
M1.15,v0.2R3_ACCEPTED,17_M1_15/sql/110_msbf_m1_15_latest_archive_comparison_generation_v0_2R3.sql,Module_1/1.15_Latest_Archive_Comparison_and_Contract/v0.2R3_ACCEPTED/src/110_msbf_m1_15_latest_archive_comparison_generation_v0_2R3.sql,accepted_clean_build_sql,CANONICAL_BYTE_COPY,40621,801f5ebe28c1238323d0f403314f865f4d92a78aa9cdeae25ac7338e46910dc1,801f5ebe28c1238323d0f403314f865f4d92a78aa9cdeae25ac7338e46910dc1,FINAL_M1_17_REVALIDATED,Byte-identical copy from the accepted M1.17/G2 canonical repository.
M1.15,v0.2R3_ACCEPTED,17_M1_15/sql/111_msbf_m1_15_consumption_contract_validation_v0_2R3.sql,Module_1/1.15_Latest_Archive_Comparison_and_Contract/v0.2R3_ACCEPTED/src/111_msbf_m1_15_consumption_contract_validation_v0_2R3.sql,accepted_clean_build_sql,CANONICAL_BYTE_COPY,64793,12f53cae0f139838f20d51c2266d4baf952b4076affe163783b4d59566b8fcbd,12f53cae0f139838f20d51c2266d4baf952b4076affe163783b4d59566b8fcbd,FINAL_M1_17_REVALIDATED,Byte-identical copy from the accepted M1.17/G2 canonical repository.
M1.15,v0.2R3_ACCEPTED,17_M1_15/sql/112_msbf_m1_15_negative_control_tests_v0_2R3.sql,Module_1/1.15_Latest_Archive_Comparison_and_Contract/v0.2R3_ACCEPTED/src/112_msbf_m1_15_negative_control_tests_v0_2R3.sql,accepted_clean_build_sql,CANONICAL_BYTE_COPY,8315,cf8b93be92c961c62fa7fb2194d805c7b0cf857f8d930e37e4cdf287a0393a68,cf8b93be92c961c62fa7fb2194d805c7b0cf857f8d930e37e4cdf287a0393a68,FINAL_M1_17_REVALIDATED,Byte-identical copy from the accepted M1.17/G2 canonical repository.
M1.15,v0.2R3_ACCEPTED,17_M1_15/sql/113_msbf_m1_15_acceptance_finalize_v0_2R3.sql,Module_1/1.15_Latest_Archive_Comparison_and_Contract/v0.2R3_ACCEPTED/src/113_msbf_m1_15_acceptance_finalize_v0_2R3.sql,accepted_clean_build_sql,CANONICAL_BYTE_COPY,11534,ced1173821c584a0d4817671d9f118a3bbd29ff7a3fbf0af9ddc87a924798406,ced1173821c584a0d4817671d9f118a3bbd29ff7a3fbf0af9ddc87a924798406,FINAL_M1_17_REVALIDATED,Byte-identical copy from the accepted M1.17/G2 canonical repository.
M1.15,v0.2R3_ACCEPTED,17_M1_15/evidence/M1_15_EVIDENCE_INDEX.md,Module_1/1.15_Latest_Archive_Comparison_and_Contract/v0.2R3_ACCEPTED/tests/M1_15_EVIDENCE_INDEX.md,accepted_validation_and_signoff,CANONICAL_BYTE_COPY,2125,8c6f090e7f675fe7b00045494f08709f89eea1697bd7a8d23976a7b1f7cdaddb,8c6f090e7f675fe7b00045494f08709f89eea1697bd7a8d23976a7b1f7cdaddb,FINAL_M1_17_REVALIDATED,Byte-identical copy from the accepted M1.17/G2 canonical repository.
M1.15,v0.2R3_ACCEPTED,17_M1_15/evidence/M1_15_LIVE_EXECUTION_EVIDENCE_REVIEW_AND_SIGNOFF.md,Module_1/1.15_Latest_Archive_Comparison_and_Contract/v0.2R3_ACCEPTED/tests/M1_15_LIVE_EXECUTION_EVIDENCE_REVIEW_AND_SIGNOFF.md,accepted_validation_and_signoff,CANONICAL_BYTE_COPY,7181,53113f11083eecca8f27e2f58dbfaddf1e7c68369600addd47125f95c43e4313,53113f11083eecca8f27e2f58dbfaddf1e7c68369600addd47125f95c43e4313,FINAL_M1_17_REVALIDATED,Byte-identical copy from the accepted M1.17/G2 canonical repository.
M1.15,v0.2R3_ACCEPTED,17_M1_15/evidence/M1_15_LIVE_EXECUTION_VALIDATION_SUMMARY_v0_2R3.json,Module_1/1.15_Latest_Archive_Comparison_and_Contract/v0.2R3_ACCEPTED/tests/M1_15_LIVE_EXECUTION_VALIDATION_SUMMARY_v0_2R3.json,accepted_validation_and_signoff,CANONICAL_BYTE_COPY,2171,30e5909384ac89d3adc1a0ae3a5fb611dca5a6c75ed3cdb0fa317c98a8ffa9ab,30e5909384ac89d3adc1a0ae3a5fb611dca5a6c75ed3cdb0fa317c98a8ffa9ab,FINAL_M1_17_REVALIDATED,Byte-identical copy from the accepted M1.17/G2 canonical repository.
M1.15,v0.2R3_ACCEPTED,17_M1_15/evidence/MSBF_M1_15_Consumption_Contract_Build_Acceptance_Milestone_v0_2R3.txt,Module_1/1.15_Latest_Archive_Comparison_and_Contract/v0.2R3_ACCEPTED/tests/MSBF_M1_15_Consumption_Contract_Build_Acceptance_Milestone_v0_2R3.txt,accepted_validation_and_signoff,CANONICAL_BYTE_COPY,1056,3cca9691588ff6419c5462ce2ce2ac76dd7e5dc05d49ff0647af7ed757539415,3cca9691588ff6419c5462ce2ce2ac76dd7e5dc05d49ff0647af7ed757539415,FINAL_M1_17_REVALIDATED,Byte-identical copy from the accepted M1.17/G2 canonical repository.
M1.15,v0.2R3_ACCEPTED,17_M1_15/PACKAGE_VALIDATION_REPORT.md,Module_1/1.15_Latest_Archive_Comparison_and_Contract/v0.2R3_ACCEPTED/tests/PACKAGE_VALIDATION_REPORT.md,static_package_validation_summary,CANONICAL_BYTE_COPY,706,5965ec0cb31d7f1ced0148e4a8466d8f8892ae5c97088ecb52677c587e926154,5965ec0cb31d7f1ced0148e4a8466d8f8892ae5c97088ecb52677c587e926154,FINAL_M1_17_REVALIDATED,Byte-identical copy from the accepted M1.17/G2 canonical repository.
M1.15,v0.2R3_ACCEPTED,17_M1_15/tests/108A_msbf_m1_15_failed_generation_recovery_check_v0_2R3.sql,Module_1/1.15_Latest_Archive_Comparison_and_Contract/v0.2R3_ACCEPTED/tests/review_queries/108A_msbf_m1_15_failed_generation_recovery_check_v0_2R3.sql,validation_recovery_reporting_source,CANONICAL_BYTE_COPY,2140,a5004e860ba55e672d94f323e690311586184f48a71588d369b1a4aca31d4a02,a5004e860ba55e672d94f323e690311586184f48a71588d369b1a4aca31d4a02,FINAL_M1_17_REVALIDATED,Byte-identical copy from the accepted M1.17/G2 canonical repository.
M1.15,v0.2R3_ACCEPTED,17_M1_15/tests/109_msbf_m1_15_preflight_validation_v0_2R3.sql,Module_1/1.15_Latest_Archive_Comparison_and_Contract/v0.2R3_ACCEPTED/tests/review_queries/109_msbf_m1_15_preflight_validation_v0_2R3.sql,validation_recovery_reporting_source,CANONICAL_BYTE_COPY,6584,e15e3f3050da0633ba8d115da6ac10462934aea4fb175f5fd77b21dc9364ed58,e15e3f3050da0633ba8d115da6ac10462934aea4fb175f5fd77b21dc9364ed58,FINAL_M1_17_REVALIDATED,Byte-identical copy from the accepted M1.17/G2 canonical repository.
M1.15,v0.2R3_ACCEPTED,17_M1_15/tests/110A_msbf_m1_15_generation_reconciliation_reconstructed_v0_2R3.sql,Module_1/1.15_Latest_Archive_Comparison_and_Contract/v0.2R3_ACCEPTED/tests/review_queries/110A_msbf_m1_15_generation_reconciliation_reconstructed_v0_2R3.sql,validation_recovery_reporting_source,CANONICAL_BYTE_COPY,4189,56ff7556cf798ed6f4a0d6ead40de6d2208d636ae3abc337730d3057220e3d5f,56ff7556cf798ed6f4a0d6ead40de6d2208d636ae3abc337730d3057220e3d5f,FINAL_M1_17_REVALIDATED,Byte-identical copy from the accepted M1.17/G2 canonical repository.
M1.15,v0.2R3_ACCEPTED,17_M1_15/tests/114_MSBF_M1_15_Consumption_Contract_Master_Report_v0_2R3.sql,Module_1/1.15_Latest_Archive_Comparison_and_Contract/v0.2R3_ACCEPTED/tests/review_queries/114_MSBF_M1_15_Consumption_Contract_Master_Report_v0_2R3.sql,validation_recovery_reporting_source,CANONICAL_BYTE_COPY,4027,5e811653b0988c66e12ff4d3846e6d47fe549a5e86364148d0ef361ed13531b8,5e811653b0988c66e12ff4d3846e6d47fe549a5e86364148d0ef361ed13531b8,FINAL_M1_17_REVALIDATED,Byte-identical copy from the accepted M1.17/G2 canonical repository.
M1.15,v0.2R3_ACCEPTED,17_M1_15/tests/115_MSBF_M1_15_Consumption_Contract_Detail_Report_v0_2R3.sql,Module_1/1.15_Latest_Archive_Comparison_and_Contract/v0.2R3_ACCEPTED/tests/review_queries/115_MSBF_M1_15_Consumption_Contract_Detail_Report_v0_2R3.sql,validation_recovery_reporting_source,CANONICAL_BYTE_COPY,13255,ccc7c7207614fa777bdce41e77d59b317e60231e01ac77efcfe8221c8f986e73,ccc7c7207614fa777bdce41e77d59b317e60231e01ac77efcfe8221c8f986e73,FINAL_M1_17_REVALIDATED,Byte-identical copy from the accepted M1.17/G2 canonical repository.
PUBLICATION,module-1-g2-v1.0.0,,Module_1/1.16_Acquisition_Attribution_and_CAC/README.md,github_publication_derivative,GITHUB_DERIVED_DOCUMENT,,,0249364d45989a755f215f1476c896dfbb3ad536560a32e5c08110f4954b792d,FINAL_G2_PUBLICATION,Generated for the public GitHub projection; does not alter canonical accepted database evidence.
M1.16,v0.2R3_ACCEPTED,18_M1_16/ACCEPTED_EXECUTION_PATH.md,Module_1/1.16_Acquisition_Attribution_and_CAC/v0.2R3_ACCEPTED/docs/ACCEPTED_EXECUTION_PATH.md,technical_documentation,CANONICAL_BYTE_COPY,1224,74b3f42a8942cb6f2fc057699fd48b0f7633d4650d61580e8b7fbc47ab576b18,74b3f42a8942cb6f2fc057699fd48b0f7633d4650d61580e8b7fbc47ab576b18,FINAL_M1_17_REVALIDATED,Byte-identical copy from the accepted M1.17/G2 canonical repository.
M1.16,v0.2R3_ACCEPTED,18_M1_16/diagrams/M1_16_ARCHITECTURE.png,Module_1/1.16_Acquisition_Attribution_and_CAC/v0.2R3_ACCEPTED/docs/architecture/M1_16_ARCHITECTURE.png,architecture_diagram,CANONICAL_BYTE_COPY,298427,e48c6f414f7c3e1d44c1a2bd3dd0573ba7757f5e7b0adeeb02d5a0eb021330cf,e48c6f414f7c3e1d44c1a2bd3dd0573ba7757f5e7b0adeeb02d5a0eb021330cf,FINAL_M1_17_REVALIDATED,Byte-identical copy from the accepted M1.17/G2 canonical repository.
M1.16,v0.2R3_ACCEPTED,18_M1_16/diagrams/M1_16_ARCHITECTURE.svg,Module_1/1.16_Acquisition_Attribution_and_CAC/v0.2R3_ACCEPTED/docs/architecture/M1_16_ARCHITECTURE.svg,architecture_diagram,CANONICAL_BYTE_COPY,13348,a4407c3e9d4459b42214f3c259afa7b8d78c3ddab8030feb7a3472f3bed15083,a4407c3e9d4459b42214f3c259afa7b8d78c3ddab8030feb7a3472f3bed15083,FINAL_M1_17_REVALIDATED,Byte-identical copy from the accepted M1.17/G2 canonical repository.
M1.16,v0.2R3_ACCEPTED,18_M1_16/catalogs/M1_16_ACCEPTED_EXPECTED_RESULTS_v0_2R3.json,Module_1/1.16_Acquisition_Attribution_and_CAC/v0.2R3_ACCEPTED/docs/catalogs/M1_16_ACCEPTED_EXPECTED_RESULTS_v0_2R3.json,dictionary_configuration_or_control_catalog,CANONICAL_BYTE_COPY,3861,49ded75af5309bb6d2df103eaf0eedf73dc02a5601c1ed4630b6b5a0527a8ed8,49ded75af5309bb6d2df103eaf0eedf73dc02a5601c1ed4630b6b5a0527a8ed8,FINAL_M1_17_REVALIDATED,Byte-identical copy from the accepted M1.17/G2 canonical repository.
M1.16,v0.2R3_ACCEPTED,18_M1_16/catalogs/M1_16_ATTRIBUTION_METHOD_DICTIONARY.csv,Module_1/1.16_Acquisition_Attribution_and_CAC/v0.2R3_ACCEPTED/docs/catalogs/M1_16_ATTRIBUTION_METHOD_DICTIONARY.csv,dictionary_configuration_or_control_catalog,CANONICAL_BYTE_COPY,374,2deb33e30ed14939802475e053e05fbccb31f063242a21d420c94d615a5aa246,2deb33e30ed14939802475e053e05fbccb31f063242a21d420c94d615a5aa246,FINAL_M1_17_REVALIDATED,Byte-identical copy from the accepted M1.17/G2 canonical repository.
M1.16,v0.2R3_ACCEPTED,18_M1_16/catalogs/M1_16_CAMPAIGN_DICTIONARY.csv,Module_1/1.16_Acquisition_Attribution_and_CAC/v0.2R3_ACCEPTED/docs/catalogs/M1_16_CAMPAIGN_DICTIONARY.csv,dictionary_configuration_or_control_catalog,CANONICAL_BYTE_COPY,5153,1807aca64ab341fd777859ef9a252eeadfbbe41e91b30dd3162019a9d84c3faa,1807aca64ab341fd777859ef9a252eeadfbbe41e91b30dd3162019a9d84c3faa,FINAL_M1_17_REVALIDATED,Byte-identical copy from the accepted M1.17/G2 canonical repository.
M1.16,v0.2R3_ACCEPTED,18_M1_16/catalogs/M1_16_COST_BASIS_DICTIONARY.csv,Module_1/1.16_Acquisition_Attribution_and_CAC/v0.2R3_ACCEPTED/docs/catalogs/M1_16_COST_BASIS_DICTIONARY.csv,dictionary_configuration_or_control_catalog,CANONICAL_BYTE_COPY,768,084547eda7028b72f89df15fa68f71f1e2ddd923c5203b6a6b1143dc742dc210,084547eda7028b72f89df15fa68f71f1e2ddd923c5203b6a6b1143dc742dc210,FINAL_M1_17_REVALIDATED,Byte-identical copy from the accepted M1.17/G2 canonical repository.
M1.16,v0.2R3_ACCEPTED,18_M1_16/catalogs/M1_16_COST_COMPONENT_DICTIONARY.csv,Module_1/1.16_Acquisition_Attribution_and_CAC/v0.2R3_ACCEPTED/docs/catalogs/M1_16_COST_COMPONENT_DICTIONARY.csv,dictionary_configuration_or_control_catalog,CANONICAL_BYTE_COPY,1318,86a39e582bdf65f4725a86016c83e0211630b5fd1b22aec686d0a3b2a992afc6,86a39e582bdf65f4725a86016c83e0211630b5fd1b22aec686d0a3b2a992afc6,FINAL_M1_17_REVALIDATED,Byte-identical copy from the accepted M1.17/G2 canonical repository.
M1.16,v0.2R3_ACCEPTED,18_M1_16/catalogs/M1_16_COST_TIMING_DICTIONARY.csv,Module_1/1.16_Acquisition_Attribution_and_CAC/v0.2R3_ACCEPTED/docs/catalogs/M1_16_COST_TIMING_DICTIONARY.csv,dictionary_configuration_or_control_catalog,CANONICAL_BYTE_COPY,370,eb24d4920902d0dabd31de4e93fa8864fd934691eaa08b25332d02b775096287,eb24d4920902d0dabd31de4e93fa8864fd934691eaa08b25332d02b775096287,FINAL_M1_17_REVALIDATED,Byte-identical copy from the accepted M1.17/G2 canonical repository.
M1.16,v0.2R3_ACCEPTED,18_M1_16/catalogs/M1_16_EVIDENCE_STATUS_DICTIONARY.csv,Module_1/1.16_Acquisition_Attribution_and_CAC/v0.2R3_ACCEPTED/docs/catalogs/M1_16_EVIDENCE_STATUS_DICTIONARY.csv,dictionary_configuration_or_control_catalog,CANONICAL_BYTE_COPY,932,f0704fef18abc3adb4a080e2dbf3a629c5048480b0aa20664443ea3f46892058,f0704fef18abc3adb4a080e2dbf3a629c5048480b0aa20664443ea3f46892058,FINAL_M1_17_REVALIDATED,Byte-identical copy from the accepted M1.17/G2 canonical repository.
M1.16,v0.2R3_ACCEPTED,18_M1_16/catalogs/M1_16_FIELD_DICTIONARY.csv,Module_1/1.16_Acquisition_Attribution_and_CAC/v0.2R3_ACCEPTED/docs/catalogs/M1_16_FIELD_DICTIONARY.csv,dictionary_configuration_or_control_catalog,CANONICAL_BYTE_COPY,29843,00781bac93aa05e580c2929166b8c869038863de4f239d14c7335f3966aa0c07,00781bac93aa05e580c2929166b8c869038863de4f239d14c7335f3966aa0c07,FINAL_M1_17_REVALIDATED,Byte-identical copy from the accepted M1.17/G2 canonical repository.
M1.16,v0.2R3_ACCEPTED,18_M1_16/catalogs/M1_16_FUNNEL_STAGE_DICTIONARY.csv,Module_1/1.16_Acquisition_Attribution_and_CAC/v0.2R3_ACCEPTED/docs/catalogs/M1_16_FUNNEL_STAGE_DICTIONARY.csv,dictionary_configuration_or_control_catalog,CANONICAL_BYTE_COPY,297,901cf4aa4211e932e4338b1dc5a3104934dcc06bd3c7737feff380322e250737,901cf4aa4211e932e4338b1dc5a3104934dcc06bd3c7737feff380322e250737,FINAL_M1_17_REVALIDATED,Byte-identical copy from the accepted M1.17/G2 canonical repository.
M1.16,v0.2R3_ACCEPTED,18_M1_16/catalogs/M1_16_NEGATIVE_CONTROL_CATALOG.csv,Module_1/1.16_Acquisition_Attribution_and_CAC/v0.2R3_ACCEPTED/docs/catalogs/M1_16_NEGATIVE_CONTROL_CATALOG.csv,dictionary_configuration_or_control_catalog,CANONICAL_BYTE_COPY,1695,0441516e8af4faca42f0dc650a2320e3bfccc1e268bbabdf5978bc3eaac71a7b,0441516e8af4faca42f0dc650a2320e3bfccc1e268bbabdf5978bc3eaac71a7b,FINAL_M1_17_REVALIDATED,Byte-identical copy from the accepted M1.17/G2 canonical repository.
M1.16,v0.2R3_ACCEPTED,18_M1_16/catalogs/M1_16_PARAMETER_DICTIONARY.csv,Module_1/1.16_Acquisition_Attribution_and_CAC/v0.2R3_ACCEPTED/docs/catalogs/M1_16_PARAMETER_DICTIONARY.csv,dictionary_configuration_or_control_catalog,CANONICAL_BYTE_COPY,1434,40e249c27b70ef027bbacfc8b41ac1bcd55cf17e1b6da3c23d3d8a51284a9981,40e249c27b70ef027bbacfc8b41ac1bcd55cf17e1b6da3c23d3d8a51284a9981,FINAL_M1_17_REVALIDATED,Byte-identical copy from the accepted M1.17/G2 canonical repository.
M1.16,v0.2R3_ACCEPTED,18_M1_16/catalogs/M1_16_RUN_CONFIGURATION.json,Module_1/1.16_Acquisition_Attribution_and_CAC/v0.2R3_ACCEPTED/docs/catalogs/M1_16_RUN_CONFIGURATION.json,dictionary_configuration_or_control_catalog,CANONICAL_BYTE_COPY,362,cadaa20d5f50619c5f324175a1c048e64c02fd9cfd70809784e94ac95ccd5192,cadaa20d5f50619c5f324175a1c048e64c02fd9cfd70809784e94ac95ccd5192,FINAL_M1_17_REVALIDATED,Byte-identical copy from the accepted M1.17/G2 canonical repository.
M1.16,v0.2R3_ACCEPTED,18_M1_16/catalogs/M1_16_SOURCE_PROFILE_DICTIONARY.csv,Module_1/1.16_Acquisition_Attribution_and_CAC/v0.2R3_ACCEPTED/docs/catalogs/M1_16_SOURCE_PROFILE_DICTIONARY.csv,dictionary_configuration_or_control_catalog,CANONICAL_BYTE_COPY,3518,fe862c618dbdff6df297758f163fcabc2811fa3422af770f776bced4cf03b4e2,fe862c618dbdff6df297758f163fcabc2811fa3422af770f776bced4cf03b4e2,FINAL_M1_17_REVALIDATED,Byte-identical copy from the accepted M1.17/G2 canonical repository.
M1.16,v0.2R3_ACCEPTED,18_M1_16/catalogs/M1_16_TABLE_GRAIN_CATALOG.csv,Module_1/1.16_Acquisition_Attribution_and_CAC/v0.2R3_ACCEPTED/docs/catalogs/M1_16_TABLE_GRAIN_CATALOG.csv,dictionary_configuration_or_control_catalog,CANONICAL_BYTE_COPY,1785,dcd7f0f3fbe470bc46d26e3f63b463eb79358969a40baf7789d050a53f318d89,dcd7f0f3fbe470bc46d26e3f63b463eb79358969a40baf7789d050a53f318d89,FINAL_M1_17_REVALIDATED,Byte-identical copy from the accepted M1.17/G2 canonical repository.
M1.16,v0.2R3_ACCEPTED,18_M1_16/catalogs/M1_16_VALIDATION_CONTROL_CATALOG.csv,Module_1/1.16_Acquisition_Attribution_and_CAC/v0.2R3_ACCEPTED/docs/catalogs/M1_16_VALIDATION_CONTROL_CATALOG.csv,dictionary_configuration_or_control_catalog,CANONICAL_BYTE_COPY,14776,fd3cffe5fb68d304139542731f6dd43e9691240d590fff4a447c88fc3802b35a,fd3cffe5fb68d304139542731f6dd43e9691240d590fff4a447c88fc3802b35a,FINAL_M1_17_REVALIDATED,Byte-identical copy from the accepted M1.17/G2 canonical repository.
PUBLICATION,module-1-g2-v1.0.0,,Module_1/1.16_Acquisition_Attribution_and_CAC/v0.2R3_ACCEPTED/docs/CORRECTION_HISTORY.md,github_publication_derivative,GITHUB_DERIVED_DOCUMENT,,,db381603ecddadb6b65b6b851596f3f6206fa18931ffd08a84bfd0d2fc039e94,FINAL_G2_PUBLICATION,Generated for the public GitHub projection; does not alter canonical accepted database evidence.
M1.16,v0.2R3_ACCEPTED,18_M1_16/docs/M1_16_ACQUISITION_SOURCE_TAXONOMY.md,Module_1/1.16_Acquisition_Attribution_and_CAC/v0.2R3_ACCEPTED/docs/M1_16_ACQUISITION_SOURCE_TAXONOMY.md,technical_documentation,CANONICAL_BYTE_COPY,716,fade8bbe7286b761a7dae5af6ffd79e2527829e1f1bb2aef27b28da64659c059,fade8bbe7286b761a7dae5af6ffd79e2527829e1f1bb2aef27b28da64659c059,FINAL_M1_17_REVALIDATED,Byte-identical copy from the accepted M1.17/G2 canonical repository.
M1.16,v0.2R3_ACCEPTED,18_M1_16/docs/M1_16_ARCHITECTURE.md,Module_1/1.16_Acquisition_Attribution_and_CAC/v0.2R3_ACCEPTED/docs/M1_16_ARCHITECTURE.md,technical_documentation,CANONICAL_BYTE_COPY,1348,afb91576174954515c2e7430e0d87fcb519658b9f7f67d816bab109eccc9425a,afb91576174954515c2e7430e0d87fcb519658b9f7f67d816bab109eccc9425a,FINAL_M1_17_REVALIDATED,Byte-identical copy from the accepted M1.17/G2 canonical repository.
M1.16,v0.2R3_ACCEPTED,18_M1_16/docs/M1_16_ATTRIBUTION_METHODOLOGY.md,Module_1/1.16_Acquisition_Attribution_and_CAC/v0.2R3_ACCEPTED/docs/M1_16_ATTRIBUTION_METHODOLOGY.md,technical_documentation,CANONICAL_BYTE_COPY,748,b24e079bf7f9610dc8cc01afa45c422a8f664bdb00c128bddf167ffb9a4dc5aa,b24e079bf7f9610dc8cc01afa45c422a8f664bdb00c128bddf167ffb9a4dc5aa,FINAL_M1_17_REVALIDATED,Byte-identical copy from the accepted M1.17/G2 canonical repository.
M1.16,v0.2R3_ACCEPTED,18_M1_16/docs/M1_16_BUSINESS_AND_STAGE_BOUNDARY_CHARTER.md,Module_1/1.16_Acquisition_Attribution_and_CAC/v0.2R3_ACCEPTED/docs/M1_16_BUSINESS_AND_STAGE_BOUNDARY_CHARTER.md,technical_documentation,CANONICAL_BYTE_COPY,1097,a42c3cf7423eb41c6ec7c9d6bb993f71889a36c27437f763be6f234a3ffd27b8,a42c3cf7423eb41c6ec7c9d6bb993f71889a36c27437f763be6f234a3ffd27b8,FINAL_M1_17_REVALIDATED,Byte-identical copy from the accepted M1.17/G2 canonical repository.
M1.16,v0.2R3_ACCEPTED,18_M1_16/docs/M1_16_COST_BASIS_AND_TIMING_METHODOLOGY.md,Module_1/1.16_Acquisition_Attribution_and_CAC/v0.2R3_ACCEPTED/docs/M1_16_COST_BASIS_AND_TIMING_METHODOLOGY.md,technical_documentation,CANONICAL_BYTE_COPY,734,9942e4bd17d2c4ab8a6f5df15ac1c160bd0120f77dcf79c6d69643aae8a4d673,9942e4bd17d2c4ab8a6f5df15ac1c160bd0120f77dcf79c6d69643aae8a4d673,FINAL_M1_17_REVALIDATED,Byte-identical copy from the accepted M1.17/G2 canonical repository.
M1.16,v0.2R3_ACCEPTED,18_M1_16/docs/M1_16_DESIGN_AND_GENERATION_SPECIFICATION.md,Module_1/1.16_Acquisition_Attribution_and_CAC/v0.2R3_ACCEPTED/docs/M1_16_DESIGN_AND_GENERATION_SPECIFICATION.md,technical_documentation,CANONICAL_BYTE_COPY,2305,beb97801742ee09b4eac32280f75270d77d81445d9dc60d429b4d4271bb6e656,beb97801742ee09b4eac32280f75270d77d81445d9dc60d429b4d4271bb6e656,FINAL_M1_17_REVALIDATED,Byte-identical copy from the accepted M1.17/G2 canonical repository.
M1.16,v0.2R3_ACCEPTED,18_M1_16/docs/M1_16_EVIDENCE_GATING_METHODOLOGY.md,Module_1/1.16_Acquisition_Attribution_and_CAC/v0.2R3_ACCEPTED/docs/M1_16_EVIDENCE_GATING_METHODOLOGY.md,technical_documentation,CANONICAL_BYTE_COPY,515,d21f06e2cf3c4783e52e155188ac2110eb5adea9ab66673919a2166503874617,d21f06e2cf3c4783e52e155188ac2110eb5adea9ab66673919a2166503874617,FINAL_M1_17_REVALIDATED,Byte-identical copy from the accepted M1.17/G2 canonical repository.
M1.16,v0.2R3_ACCEPTED,18_M1_16/docs/M1_16_EXECUTION_AND_VALIDATION_GUIDE.md,Module_1/1.16_Acquisition_Attribution_and_CAC/v0.2R3_ACCEPTED/docs/M1_16_EXECUTION_AND_VALIDATION_GUIDE.md,technical_documentation,CANONICAL_BYTE_COPY,2064,081dfef44811b3e02b8dacaf7351180adf6b3c1bb1dbfee0f6ed5d4691d4b7f9,081dfef44811b3e02b8dacaf7351180adf6b3c1bb1dbfee0f6ed5d4691d4b7f9,FINAL_M1_17_REVALIDATED,Byte-identical copy from the accepted M1.17/G2 canonical repository.
M1.16,v0.2R3_ACCEPTED,18_M1_16/docs/M1_16_KNOWN_LIMITATIONS_AND_MODULE2_GUIDANCE.md,Module_1/1.16_Acquisition_Attribution_and_CAC/v0.2R3_ACCEPTED/docs/M1_16_KNOWN_LIMITATIONS_AND_MODULE2_GUIDANCE.md,technical_documentation,CANONICAL_BYTE_COPY,611,8c85268f80f9df1b361fec046c8a6c0a1335492fae2d18056716dccdcef074c9,8c85268f80f9df1b361fec046c8a6c0a1335492fae2d18056716dccdcef074c9,FINAL_M1_17_REVALIDATED,Byte-identical copy from the accepted M1.17/G2 canonical repository.
M1.16,v0.2R3_ACCEPTED,18_M1_16/docs/M1_16_M1_14_OVERLAP_AND_DOUBLE_COUNTING_METHODOLOGY.md,Module_1/1.16_Acquisition_Attribution_and_CAC/v0.2R3_ACCEPTED/docs/M1_16_M1_14_OVERLAP_AND_DOUBLE_COUNTING_METHODOLOGY.md,technical_documentation,CANONICAL_BYTE_COPY,780,698e6ba9bea87ede1365fd25b26d6a564423de2f14524e6a6621e6f34acbef04,698e6ba9bea87ede1365fd25b26d6a564423de2f14524e6a6621e6f34acbef04,FINAL_M1_17_REVALIDATED,Byte-identical copy from the accepted M1.17/G2 canonical repository.
M1.16,v0.2R3_ACCEPTED,18_M1_16/docs/M1_16_PARAMETER_DICTIONARY.md,Module_1/1.16_Acquisition_Attribution_and_CAC/v0.2R3_ACCEPTED/docs/M1_16_PARAMETER_DICTIONARY.md,technical_documentation,CANONICAL_BYTE_COPY,3504,e289100fd1b000ee2d800a8e332417616603dbfc311ddab2aac9ca90d21d2114,e289100fd1b000ee2d800a8e332417616603dbfc311ddab2aac9ca90d21d2114,FINAL_M1_17_REVALIDATED,Byte-identical copy from the accepted M1.17/G2 canonical repository.
M1.16,v0.2R3_ACCEPTED,18_M1_16/docs/M1_16_ROADMAP_INSERTION_AND_M1_17_RENUMBERING_DECISION.md,Module_1/1.16_Acquisition_Attribution_and_CAC/v0.2R3_ACCEPTED/docs/M1_16_ROADMAP_INSERTION_AND_M1_17_RENUMBERING_DECISION.md,technical_documentation,CANONICAL_BYTE_COPY,4732,c848371c30b5d800c2b808df7960b0b95fdac489dccf64b16f904ac5c133e8f0,c848371c30b5d800c2b808df7960b0b95fdac489dccf64b16f904ac5c133e8f0,FINAL_M1_17_REVALIDATED,Byte-identical copy from the accepted M1.17/G2 canonical repository.
M1.16,v0.2R3_ACCEPTED,18_M1_16/docs/M1_16_SQL_ENGINEERING_AUDIT.md,Module_1/1.16_Acquisition_Attribution_and_CAC/v0.2R3_ACCEPTED/docs/M1_16_SQL_ENGINEERING_AUDIT.md,technical_documentation,CANONICAL_BYTE_COPY,1062,face2ddf76b5f460b55d57e2f96ee994936bbb04c32842642694d057bf604d55,face2ddf76b5f460b55d57e2f96ee994936bbb04c32842642694d057bf604d55,FINAL_M1_17_REVALIDATED,Byte-identical copy from the accepted M1.17/G2 canonical repository.
M1.16,v0.2R3_ACCEPTED,18_M1_16/docs/M1_16_VALIDATION_HISTORY.md,Module_1/1.16_Acquisition_Attribution_and_CAC/v0.2R3_ACCEPTED/docs/M1_16_VALIDATION_HISTORY.md,technical_documentation,CANONICAL_BYTE_COPY,1979,01b0418860f8f60ed142e8a0f2f09d5485442a23cd85aa9aaac9273df6e8b36a,01b0418860f8f60ed142e8a0f2f09d5485442a23cd85aa9aaac9273df6e8b36a,FINAL_M1_17_REVALIDATED,Byte-identical copy from the accepted M1.17/G2 canonical repository.
M1.16,v0.2R3_ACCEPTED,18_M1_16/docs/M1_16_VALIDATION_MATRIX.md,Module_1/1.16_Acquisition_Attribution_and_CAC/v0.2R3_ACCEPTED/docs/M1_16_VALIDATION_MATRIX.md,technical_documentation,CANONICAL_BYTE_COPY,1212,7476b65a2a647171f076c78605fc3924e80d8ba4a7b1728be09fb0a7caccaf45,7476b65a2a647171f076c78605fc3924e80d8ba4a7b1728be09fb0a7caccaf45,FINAL_M1_17_REVALIDATED,Byte-identical copy from the accepted M1.17/G2 canonical repository.
M1.16,v0.2R3_ACCEPTED,18_M1_16/docs/PACKAGING_METADATA_REPAIR_M1_16.md,Module_1/1.16_Acquisition_Attribution_and_CAC/v0.2R3_ACCEPTED/docs/PACKAGING_METADATA_REPAIR_M1_16.md,technical_documentation,CANONICAL_BYTE_COPY,899,af2f89eb266443d11e6bffaacbd23eef3c4cd4b29da726d305e150be2d8df996,af2f89eb266443d11e6bffaacbd23eef3c4cd4b29da726d305e150be2d8df996,FINAL_M1_17_REVALIDATED,Byte-identical copy from the accepted M1.17/G2 canonical repository.
M1.16,v0.2R3_ACCEPTED,18_M1_16/RELEASE_NOTES_ACCEPTED_v0_2R3.md,Module_1/1.16_Acquisition_Attribution_and_CAC/v0.2R3_ACCEPTED/docs/RELEASE_NOTES_ACCEPTED_v0_2R3.md,technical_documentation,CANONICAL_BYTE_COPY,1208,7edec10e1769baff7c5e915902c01df5ed6c4188f5ab6ca326c2ae5efa17d96a,7edec10e1769baff7c5e915902c01df5ed6c4188f5ab6ca326c2ae5efa17d96a,FINAL_M1_17_REVALIDATED,Byte-identical copy from the accepted M1.17/G2 canonical repository.
M1.16,v0.2R3_ACCEPTED,18_M1_16/evidence/live_20260728/detail_04_source_taxonomy_parent_mapping.csv,Module_1/1.16_Acquisition_Attribution_and_CAC/v0.2R3_ACCEPTED/outputs/aggregate_evidence/detail_04_source_taxonomy_parent_mapping.csv,accepted_business_output,CANONICAL_BYTE_COPY,661,9954530e234c310ee39711c05c75be56fa6d8c0d38d146421d93e6c2e98e54cb,9954530e234c310ee39711c05c75be56fa6d8c0d38d146421d93e6c2e98e54cb,FINAL_M1_17_REVALIDATED,Byte-identical copy from the accepted M1.17/G2 canonical repository.
M1.16,v0.2R3_ACCEPTED,18_M1_16/evidence/live_20260728/detail_05_campaign_inventory_governance.csv,Module_1/1.16_Acquisition_Attribution_and_CAC/v0.2R3_ACCEPTED/outputs/aggregate_evidence/detail_05_campaign_inventory_governance.csv,accepted_business_output,CANONICAL_BYTE_COPY,4981,69078bc60fce59fb14f3f28a2eece34fed3354d4620081b0d3d6654e144cd2de,69078bc60fce59fb14f3f28a2eece34fed3354d4620081b0d3d6654e144cd2de,FINAL_M1_17_REVALIDATED,Byte-identical copy from the accepted M1.17/G2 canonical repository.
M1.16,v0.2R3_ACCEPTED,18_M1_16/evidence/live_20260728/detail_06_funnel_counts_conversion.csv,Module_1/1.16_Acquisition_Attribution_and_CAC/v0.2R3_ACCEPTED/outputs/aggregate_evidence/detail_06_funnel_counts_conversion.csv,accepted_business_output,CANONICAL_BYTE_COPY,15417,2905eb7d644543c889581b30986261d44b0d0b6a8093de17b41aa847c3d397d5,2905eb7d644543c889581b30986261d44b0d0b6a8093de17b41aa847c3d397d5,FINAL_M1_17_REVALIDATED,Byte-identical copy from the accepted M1.17/G2 canonical repository.
M1.16,v0.2R3_ACCEPTED,18_M1_16/evidence/live_20260728/detail_07_campaign_budget_ledger_reconciliation.csv,Module_1/1.16_Acquisition_Attribution_and_CAC/v0.2R3_ACCEPTED/outputs/aggregate_evidence/detail_07_campaign_budget_ledger_reconciliation.csv,accepted_business_output,CANONICAL_BYTE_COPY,1851,bcd8d1acba41e3bd9b6388c5f25171391973d34f88e6e9a56c5662d56ebcfb16,bcd8d1acba41e3bd9b6388c5f25171391973d34f88e6e9a56c5662d56ebcfb16,FINAL_M1_17_REVALIDATED,Byte-identical copy from the accepted M1.17/G2 canonical repository.
M1.16,v0.2R3_ACCEPTED,18_M1_16/evidence/live_20260728/detail_08_cost_component_basis_timing.csv,Module_1/1.16_Acquisition_Attribution_and_CAC/v0.2R3_ACCEPTED/outputs/aggregate_evidence/detail_08_cost_component_basis_timing.csv,accepted_business_output,CANONICAL_BYTE_COPY,1120,9416ae13c1ca8e2678ce3d74be667cdfc17f9e4b9ed6832222775de17b2ad285,9416ae13c1ca8e2678ce3d74be667cdfc17f9e4b9ed6832222775de17b2ad285,FINAL_M1_17_REVALIDATED,Byte-identical copy from the accepted M1.17/G2 canonical repository.
M1.16,v0.2R3_ACCEPTED,18_M1_16/evidence/live_20260728/detail_09_touchpoint_temporal_integrity.csv,Module_1/1.16_Acquisition_Attribution_and_CAC/v0.2R3_ACCEPTED/outputs/aggregate_evidence/detail_09_touchpoint_temporal_integrity.csv,accepted_business_output,CANONICAL_BYTE_COPY,22174,b6d385465a4905fd70ae27cb8b79c47221effdf18f48f84030bfaca541291795,b6d385465a4905fd70ae27cb8b79c47221effdf18f48f84030bfaca541291795,FINAL_M1_17_REVALIDATED,Byte-identical copy from the accepted M1.17/G2 canonical repository.
M1.16,v0.2R3_ACCEPTED,18_M1_16/evidence/live_20260728/detail_10_attribution_distribution.csv,Module_1/1.16_Acquisition_Attribution_and_CAC/v0.2R3_ACCEPTED/outputs/aggregate_evidence/detail_10_attribution_distribution.csv,accepted_business_output,CANONICAL_BYTE_COPY,8501,5424ff1ffb76f6651f87cc5cee8c2d59c2179fdafa8c83ffb3f4e6d182bbf622,5424ff1ffb76f6651f87cc5cee8c2d59c2179fdafa8c83ffb3f4e6d182bbf622,FINAL_M1_17_REVALIDATED,Byte-identical copy from the accepted M1.17/G2 canonical repository.
M1.16,v0.2R3_ACCEPTED,18_M1_16/evidence/live_20260728/detail_11_parent_channel_alignment.csv,Module_1/1.16_Acquisition_Attribution_and_CAC/v0.2R3_ACCEPTED/outputs/aggregate_evidence/detail_11_parent_channel_alignment.csv,accepted_business_output,CANONICAL_BYTE_COPY,1126,ad0c326a223996fe7bbb474f672153bf769e7cdb7ac97a5e5abf1bba6af5fcc6,ad0c326a223996fe7bbb474f672153bf769e7cdb7ac97a5e5abf1bba6af5fcc6,FINAL_M1_17_REVALIDATED,Byte-identical copy from the accepted M1.17/G2 canonical repository.
M1.16,v0.2R3_ACCEPTED,18_M1_16/evidence/live_20260728/detail_12_attribution_confidence_fallback.csv,Module_1/1.16_Acquisition_Attribution_and_CAC/v0.2R3_ACCEPTED/outputs/aggregate_evidence/detail_12_attribution_confidence_fallback.csv,accepted_business_output,CANONICAL_BYTE_COPY,534,c39dcf739b2021ef53a9495b007ec9b9470c4080cbb5e4df15fee8c1d85d548b,c39dcf739b2021ef53a9495b007ec9b9470c4080cbb5e4df15fee8c1d85d548b,FINAL_M1_17_REVALIDATED,Byte-identical copy from the accepted M1.17/G2 canonical repository.
M1.16,v0.2R3_ACCEPTED,18_M1_16/evidence/live_20260728/detail_13_direct_attributable_cost.csv,Module_1/1.16_Acquisition_Attribution_and_CAC/v0.2R3_ACCEPTED/outputs/aggregate_evidence/detail_13_direct_attributable_cost.csv,accepted_business_output,CANONICAL_BYTE_COPY,2609,424ec61f7f88d3bd8a26db4af773c2b5dddd798a8c310ae9284518f876c4666d,424ec61f7f88d3bd8a26db4af773c2b5dddd798a8c310ae9284518f876c4666d,FINAL_M1_17_REVALIDATED,Byte-identical copy from the accepted M1.17/G2 canonical repository.
M1.16,v0.2R3_ACCEPTED,18_M1_16/evidence/live_20260728/detail_14_internal_allocated_cost.csv,Module_1/1.16_Acquisition_Attribution_and_CAC/v0.2R3_ACCEPTED/outputs/aggregate_evidence/detail_14_internal_allocated_cost.csv,accepted_business_output,CANONICAL_BYTE_COPY,2060,4e64a3ac4fa720e1de5d131ce29aac0990277a1203ba0f1a1dff2158b342f4e3,4e64a3ac4fa720e1de5d131ce29aac0990277a1203ba0f1a1dff2158b342f4e3,FINAL_M1_17_REVALIDATED,Byte-identical copy from the accepted M1.17/G2 canonical repository.
M1.16,v0.2R3_ACCEPTED,18_M1_16/evidence/live_20260728/detail_15_conditional_partner_broker_cost.csv,Module_1/1.16_Acquisition_Attribution_and_CAC/v0.2R3_ACCEPTED/outputs/aggregate_evidence/detail_15_conditional_partner_broker_cost.csv,accepted_business_output,CANONICAL_BYTE_COPY,2630,cf9cfa6ce43ad373250a570fd56c3f24895242991f2ad84530ccf106b579cb6c,cf9cfa6ce43ad373250a570fd56c3f24895242991f2ad84530ccf106b579cb6c,FINAL_M1_17_REVALIDATED,Byte-identical copy from the accepted M1.17/G2 canonical repository.
M1.16,v0.2R3_ACCEPTED,18_M1_16/evidence/live_20260728/detail_16_m1_14_legacy_inheritance.csv,Module_1/1.16_Acquisition_Attribution_and_CAC/v0.2R3_ACCEPTED/outputs/aggregate_evidence/detail_16_m1_14_legacy_inheritance.csv,accepted_business_output,CANONICAL_BYTE_COPY,559,1cc481928e19c62a93f81ea72684654ca9d5c53f667382542a2bd7298ad0bb39,1cc481928e19c62a93f81ea72684654ca9d5c53f667382542a2bd7298ad0bb39,FINAL_M1_17_REVALIDATED,Byte-identical copy from the accepted M1.17/G2 canonical repository.
M1.16,v0.2R3_ACCEPTED,18_M1_16/evidence/live_20260728/detail_17_overlap_incremental_enhanced.csv,Module_1/1.16_Acquisition_Attribution_and_CAC/v0.2R3_ACCEPTED/outputs/aggregate_evidence/detail_17_overlap_incremental_enhanced.csv,accepted_business_output,CANONICAL_BYTE_COPY,2014,0f5aa6e34d3e8a6c2120190b80266158cfa23d7371a5d7a8707a660426eb7a24,0f5aa6e34d3e8a6c2120190b80266158cfa23d7371a5d7a8707a660426eb7a24,FINAL_M1_17_REVALIDATED,Byte-identical copy from the accepted M1.17/G2 canonical repository.
M1.16,v0.2R3_ACCEPTED,18_M1_16/evidence/live_20260728/detail_18_direct_vs_fully_loaded.csv,Module_1/1.16_Acquisition_Attribution_and_CAC/v0.2R3_ACCEPTED/outputs/aggregate_evidence/detail_18_direct_vs_fully_loaded.csv,accepted_business_output,CANONICAL_BYTE_COPY,2397,62056324fa013588770d5e1476b6ea98a1110694861db0af71203f7b85cc1318,62056324fa013588770d5e1476b6ea98a1110694861db0af71203f7b85cc1318,FINAL_M1_17_REVALIDATED,Byte-identical copy from the accepted M1.17/G2 canonical repository.
M1.16,v0.2R3_ACCEPTED,18_M1_16/evidence/live_20260728/detail_19_evidence_status_blocking.csv,Module_1/1.16_Acquisition_Attribution_and_CAC/v0.2R3_ACCEPTED/outputs/aggregate_evidence/detail_19_evidence_status_blocking.csv,accepted_business_output,CANONICAL_BYTE_COPY,907,f612051fce452472edd2005b37aea56c78f85feabb4a73ba64d853c1e5233bef,f612051fce452472edd2005b37aea56c78f85feabb4a73ba64d853c1e5233bef,FINAL_M1_17_REVALIDATED,Byte-identical copy from the accepted M1.17/G2 canonical repository.
M1.16,v0.2R3_ACCEPTED,18_M1_16/evidence/live_20260728/detail_20_industry_size_relationship.csv,Module_1/1.16_Acquisition_Attribution_and_CAC/v0.2R3_ACCEPTED/outputs/aggregate_evidence/detail_20_industry_size_relationship.csv,accepted_business_output,CANONICAL_BYTE_COPY,33372,02778d98928dc52394bbb8b6754d51e17c1c948b2697b306ec9dea3674ebaa4b,02778d98928dc52394bbb8b6754d51e17c1c948b2697b306ec9dea3674ebaa4b,FINAL_M1_17_REVALIDATED,Byte-identical copy from the accepted M1.17/G2 canonical repository.
M1.16,v0.2R3_ACCEPTED,18_M1_16/evidence/live_20260728/detail_21_integrated_consumption.csv,Module_1/1.16_Acquisition_Attribution_and_CAC/v0.2R3_ACCEPTED/outputs/aggregate_evidence/detail_21_integrated_consumption.csv,accepted_business_output,CANONICAL_BYTE_COPY,752,bba6c0276a80bfca504b6763c81a0c89042e094e6d276c3106bd8cca57f5af3b,bba6c0276a80bfca504b6763c81a0c89042e094e6d276c3106bd8cca57f5af3b,FINAL_M1_17_REVALIDATED,Byte-identical copy from the accepted M1.17/G2 canonical repository.
PUBLICATION,module-1-g2-v1.0.0,,Module_1/1.16_Acquisition_Attribution_and_CAC/v0.2R3_ACCEPTED/RELEASE_METADATA.json,github_publication_derivative,GITHUB_DERIVED_DOCUMENT,,,c28b23b37db870216751f63a317bb99a959f1161c71937cb3e81509432aa6333,FINAL_G2_PUBLICATION,Generated for the public GitHub projection; does not alter canonical accepted database evidence.
M1.16,v0.2R3_ACCEPTED,18_M1_16/sql/116_msbf_m1_16_acquisition_foundations_schema_policy_extension_v0_2R3.sql,Module_1/1.16_Acquisition_Attribution_and_CAC/v0.2R3_ACCEPTED/src/116_msbf_m1_16_acquisition_foundations_schema_policy_extension_v0_2R3.sql,accepted_clean_build_sql,CANONICAL_BYTE_COPY,120894,01a43d83bdacb5fb34b757cef5d7a051af02f5beca52c638d6e7de7c6c70a12b,01a43d83bdacb5fb34b757cef5d7a051af02f5beca52c638d6e7de7c6c70a12b,FINAL_M1_17_REVALIDATED,Byte-identical copy from the accepted M1.17/G2 canonical repository.
M1.16,v0.2R3_ACCEPTED,18_M1_16/sql/118_msbf_m1_16_acquisition_attribution_cost_generation_v0_2R3.sql,Module_1/1.16_Acquisition_Attribution_and_CAC/v0.2R3_ACCEPTED/src/118_msbf_m1_16_acquisition_attribution_cost_generation_v0_2R3.sql,accepted_clean_build_sql,CANONICAL_BYTE_COPY,104729,4aaad30b50986f74361f6ff80778392cfdf5b55279488d40baca53837d9289e2,4aaad30b50986f74361f6ff80778392cfdf5b55279488d40baca53837d9289e2,FINAL_M1_17_REVALIDATED,Byte-identical copy from the accepted M1.17/G2 canonical repository.
M1.16,v0.2R3_ACCEPTED,18_M1_16/sql/119_msbf_m1_16_acquisition_foundations_validation_v0_2R3.sql,Module_1/1.16_Acquisition_Attribution_and_CAC/v0.2R3_ACCEPTED/src/119_msbf_m1_16_acquisition_foundations_validation_v0_2R3.sql,accepted_clean_build_sql,CANONICAL_BYTE_COPY,90346,f60af5821ab3ba91847510fb0b0826e6afc1deed639538b6dac3ba64406c8bc7,f60af5821ab3ba91847510fb0b0826e6afc1deed639538b6dac3ba64406c8bc7,FINAL_M1_17_REVALIDATED,Byte-identical copy from the accepted M1.17/G2 canonical repository.
M1.16,v0.2R3_ACCEPTED,18_M1_16/sql/120_msbf_m1_16_negative_control_tests_v0_2R3.sql,Module_1/1.16_Acquisition_Attribution_and_CAC/v0.2R3_ACCEPTED/src/120_msbf_m1_16_negative_control_tests_v0_2R3.sql,accepted_clean_build_sql,CANONICAL_BYTE_COPY,23361,38d733a32b52250e72e1c252e61f8dc74c869434a61d9e5b07c3bc2663599b6f,38d733a32b52250e72e1c252e61f8dc74c869434a61d9e5b07c3bc2663599b6f,FINAL_M1_17_REVALIDATED,Byte-identical copy from the accepted M1.17/G2 canonical repository.
M1.16,v0.2R3_ACCEPTED,18_M1_16/sql/121_msbf_m1_16_acceptance_finalize_v0_2R3.sql,Module_1/1.16_Acquisition_Attribution_and_CAC/v0.2R3_ACCEPTED/src/121_msbf_m1_16_acceptance_finalize_v0_2R3.sql,accepted_clean_build_sql,CANONICAL_BYTE_COPY,13800,3c8ab07b1b0f60881f2b0d7f0fe33589fed86c6e238a5d369d49532678709f46,3c8ab07b1b0f60881f2b0d7f0fe33589fed86c6e238a5d369d49532678709f46,FINAL_M1_17_REVALIDATED,Byte-identical copy from the accepted M1.17/G2 canonical repository.
M1.16,v0.2R3_ACCEPTED,18_M1_16/catalogs/M1_16_ACCEPTED_EXECUTION_ORDER_v0_2R3.csv,Module_1/1.16_Acquisition_Attribution_and_CAC/v0.2R3_ACCEPTED/src/M1_16_ACCEPTED_EXECUTION_ORDER_v0_2R3.csv,dictionary_configuration_or_control_catalog,CANONICAL_BYTE_COPY,756,d9e88e5f9796d2c3cbc3f75be25877f9add549156e4b31949195eeb12e744c8d,d9e88e5f9796d2c3cbc3f75be25877f9add549156e4b31949195eeb12e744c8d,FINAL_M1_17_REVALIDATED,Byte-identical copy from the accepted M1.17/G2 canonical repository.
M1.16,v0.2R3_ACCEPTED,18_M1_16/evidence/live_20260728/116B_campaign_projection_recovery_v0_2R1.csv,Module_1/1.16_Acquisition_Attribution_and_CAC/v0.2R3_ACCEPTED/tests/correction_evidence/116B_campaign_projection_recovery_v0_2R1.csv,accepted_validation_and_signoff,CANONICAL_BYTE_COPY,920,f6529d0396362072547c1bf8c1421bcc5153f21003a254a79b5c54484099c5b6,f6529d0396362072547c1bf8c1421bcc5153f21003a254a79b5c54484099c5b6,FINAL_M1_17_REVALIDATED,Byte-identical copy from the accepted M1.17/G2 canonical repository.
M1.16,v0.2R3_ACCEPTED,18_M1_16/evidence/live_20260728/116C_parent_reconciliation_recovery_v0_2R2.csv,Module_1/1.16_Acquisition_Attribution_and_CAC/v0.2R3_ACCEPTED/tests/correction_evidence/116C_parent_reconciliation_recovery_v0_2R2.csv,accepted_validation_and_signoff,CANONICAL_BYTE_COPY,786,7402261c868f670c2a9be1d41dfed37e34e55a8646f429f85235fb6997b9629b,7402261c868f670c2a9be1d41dfed37e34e55a8646f429f85235fb6997b9629b,FINAL_M1_17_REVALIDATED,Byte-identical copy from the accepted M1.17/G2 canonical repository.
M1.16,v0.2R3_ACCEPTED,18_M1_16/evidence/live_20260728/116D_generation_evidence_count_recovery_v0_2R3.csv,Module_1/1.16_Acquisition_Attribution_and_CAC/v0.2R3_ACCEPTED/tests/correction_evidence/116D_generation_evidence_count_recovery_v0_2R3.csv,accepted_validation_and_signoff,CANONICAL_BYTE_COPY,708,ce607783bbf57d9c7f79dae587caa1501a4b84e0bad00781876fc72e727444a2,ce607783bbf57d9c7f79dae587caa1501a4b84e0bad00781876fc72e727444a2,FINAL_M1_17_REVALIDATED,Byte-identical copy from the accepted M1.17/G2 canonical repository.
M1.16,v0.2R3_ACCEPTED,18_M1_16/evidence/live_20260728/116_schema_policy_extension_v0_2.csv,Module_1/1.16_Acquisition_Attribution_and_CAC/v0.2R3_ACCEPTED/tests/evidence/116_schema_policy_extension_v0_2.csv,accepted_validation_and_signoff,CANONICAL_BYTE_COPY,386,74c9ecaa2781a57a2d02b9b71fb0942a4defe1eae10b2bac5fb70ae65ebe8402,74c9ecaa2781a57a2d02b9b71fb0942a4defe1eae10b2bac5fb70ae65ebe8402,FINAL_M1_17_REVALIDATED,Byte-identical copy from the accepted M1.17/G2 canonical repository.
M1.16,v0.2R3_ACCEPTED,18_M1_16/evidence/live_20260728/117_preflight_v0_2R1.csv,Module_1/1.16_Acquisition_Attribution_and_CAC/v0.2R3_ACCEPTED/tests/evidence/117_preflight_v0_2R1.csv,accepted_validation_and_signoff,CANONICAL_BYTE_COPY,1282,2296a57259312454d1abb69cd161c95e168726d2c403dbb6d10bc85e2ef0d5f2,2296a57259312454d1abb69cd161c95e168726d2c403dbb6d10bc85e2ef0d5f2,FINAL_M1_17_REVALIDATED,Byte-identical copy from the accepted M1.17/G2 canonical repository.
M1.16,v0.2R3_ACCEPTED,18_M1_16/evidence/live_20260728/118_generation_v0_2R1.csv,Module_1/1.16_Acquisition_Attribution_and_CAC/v0.2R3_ACCEPTED/tests/evidence/118_generation_v0_2R1.csv,accepted_validation_and_signoff,CANONICAL_BYTE_COPY,1019,3f440f0b295cce09221f871759e15ce431c5bff4372d1b14a44d1296c5fbd010,3f440f0b295cce09221f871759e15ce431c5bff4372d1b14a44d1296c5fbd010,FINAL_M1_17_REVALIDATED,Byte-identical copy from the accepted M1.17/G2 canonical repository.
M1.16,v0.2R3_ACCEPTED,18_M1_16/evidence/live_20260728/119_positive_validation_v0_2R3.csv,Module_1/1.16_Acquisition_Attribution_and_CAC/v0.2R3_ACCEPTED/tests/evidence/119_positive_validation_v0_2R3.csv,accepted_validation_and_signoff,CANONICAL_BYTE_COPY,16638,88bec988d0c87983f5cbeb7e89b0b5830bad484510e141c8be32cc721463ffdc,88bec988d0c87983f5cbeb7e89b0b5830bad484510e141c8be32cc721463ffdc,FINAL_M1_17_REVALIDATED,Byte-identical copy from the accepted M1.17/G2 canonical repository.
M1.16,v0.2R3_ACCEPTED,18_M1_16/evidence/live_20260728/120_negative_controls_v0_2R3.csv,Module_1/1.16_Acquisition_Attribution_and_CAC/v0.2R3_ACCEPTED/tests/evidence/120_negative_controls_v0_2R3.csv,accepted_validation_and_signoff,CANONICAL_BYTE_COPY,3380,278c0bbccd647cfb074b77fb57894f05783aa0044608b5ff06a7bf066ec7c943,278c0bbccd647cfb074b77fb57894f05783aa0044608b5ff06a7bf066ec7c943,FINAL_M1_17_REVALIDATED,Byte-identical copy from the accepted M1.17/G2 canonical repository.
M1.16,v0.2R3_ACCEPTED,18_M1_16/evidence/live_20260728/121_acceptance_finalize_v0_2R3.csv,Module_1/1.16_Acquisition_Attribution_and_CAC/v0.2R3_ACCEPTED/tests/evidence/121_acceptance_finalize_v0_2R3.csv,accepted_validation_and_signoff,CANONICAL_BYTE_COPY,1094,16f7c84e93680c2a281f2f3db544fb23035164ada9e99eede9211aa917f6815f,16f7c84e93680c2a281f2f3db544fb23035164ada9e99eede9211aa917f6815f,FINAL_M1_17_REVALIDATED,Byte-identical copy from the accepted M1.17/G2 canonical repository.
M1.16,v0.2R3_ACCEPTED,18_M1_16/evidence/live_20260728/122_master_report_v0_2R3.csv,Module_1/1.16_Acquisition_Attribution_and_CAC/v0.2R3_ACCEPTED/tests/evidence/122_master_report_v0_2R3.csv,accepted_validation_and_signoff,CANONICAL_BYTE_COPY,2491,5e796abfa18c06c004cbe0add518ee90b14d8ad6f5af860f690d878fcc0c58a7,5e796abfa18c06c004cbe0add518ee90b14d8ad6f5af860f690d878fcc0c58a7,FINAL_M1_17_REVALIDATED,Byte-identical copy from the accepted M1.17/G2 canonical repository.
M1.16,v0.2R3_ACCEPTED,18_M1_16/evidence/live_20260728/detail_01_run_stage_contract_acceptance.csv,Module_1/1.16_Acquisition_Attribution_and_CAC/v0.2R3_ACCEPTED/tests/evidence/detail_01_run_stage_contract_acceptance.csv,accepted_validation_and_signoff,CANONICAL_BYTE_COPY,532,73cf3cbc5cbc8df9733811573340e9ff7e65cd3180478161721f049f49738b69,73cf3cbc5cbc8df9733811573340e9ff7e65cd3180478161721f049f49738b69,FINAL_M1_17_REVALIDATED,Byte-identical copy from the accepted M1.17/G2 canonical repository.
M1.16,v0.2R3_ACCEPTED,18_M1_16/evidence/live_20260728/detail_02_contract_registry_hashes_counts.csv,Module_1/1.16_Acquisition_Attribution_and_CAC/v0.2R3_ACCEPTED/tests/evidence/detail_02_contract_registry_hashes_counts.csv,accepted_validation_and_signoff,CANONICAL_BYTE_COPY,1714,b7a01dcf1eee71eeb2914a994bcacae627bf19d29c3fe7e61ab506e986764ae7,b7a01dcf1eee71eeb2914a994bcacae627bf19d29c3fe7e61ab506e986764ae7,FINAL_M1_17_REVALIDATED,Byte-identical copy from the accepted M1.17/G2 canonical repository.
M1.16,v0.2R3_ACCEPTED,18_M1_16/evidence/live_20260728/detail_03_entity_cardinality_unique_grains.csv,Module_1/1.16_Acquisition_Attribution_and_CAC/v0.2R3_ACCEPTED/tests/evidence/detail_03_entity_cardinality_unique_grains.csv,accepted_validation_and_signoff,CANONICAL_BYTE_COPY,243,0d5ce54a9ed780ab7bfdc049b338afe1fa27309f670c1993a301662373fec481,0d5ce54a9ed780ab7bfdc049b338afe1fa27309f670c1993a301662373fec481,FINAL_M1_17_REVALIDATED,Byte-identical copy from the accepted M1.17/G2 canonical repository.
M1.16,v0.2R3_ACCEPTED,18_M1_16/evidence/live_20260728/detail_22_governed_evidence_validation.csv,Module_1/1.16_Acquisition_Attribution_and_CAC/v0.2R3_ACCEPTED/tests/evidence/detail_22_governed_evidence_validation.csv,accepted_validation_and_signoff,CANONICAL_BYTE_COPY,28467,e7159ddc3926bc7278ec96a8b59d156528fd876c16925293575f80b9e47c0620,e7159ddc3926bc7278ec96a8b59d156528fd876c16925293575f80b9e47c0620,FINAL_M1_17_REVALIDATED,Byte-identical copy from the accepted M1.17/G2 canonical repository.
M1.16,v0.2R3_ACCEPTED,18_M1_16/evidence/live_20260728/detail_23_deterministic_mismatches.csv,Module_1/1.16_Acquisition_Attribution_and_CAC/v0.2R3_ACCEPTED/tests/evidence/detail_23_deterministic_mismatches.csv,accepted_validation_and_signoff,CANONICAL_BYTE_COPY,78,3ed991b67b4241fc2035ad4dfc1e2180fc4d024e8ef64442eafff48b7cbcfa06,3ed991b67b4241fc2035ad4dfc1e2180fc4d024e8ef64442eafff48b7cbcfa06,FINAL_M1_17_REVALIDATED,Byte-identical copy from the accepted M1.17/G2 canonical repository.
M1.16,v0.2R3_ACCEPTED,18_M1_16/evidence/live_20260728/detail_24_blocking_errors_stage_boundary.csv,Module_1/1.16_Acquisition_Attribution_and_CAC/v0.2R3_ACCEPTED/tests/evidence/detail_24_blocking_errors_stage_boundary.csv,accepted_validation_and_signoff,CANONICAL_BYTE_COPY,73,cbf2b5632c73dcd6f464d4b21cc36936970ad80a18431ac8b19d88e62024a49b,cbf2b5632c73dcd6f464d4b21cc36936970ad80a18431ac8b19d88e62024a49b,FINAL_M1_17_REVALIDATED,Byte-identical copy from the accepted M1.17/G2 canonical repository.
M1.16,v0.2R3_ACCEPTED,18_M1_16/evidence/M1_16_EVIDENCE_INDEX.md,Module_1/1.16_Acquisition_Attribution_and_CAC/v0.2R3_ACCEPTED/tests/M1_16_EVIDENCE_INDEX.md,accepted_validation_and_signoff,CANONICAL_BYTE_COPY,2314,ae74bf26bea59c1ec4b679fabce9744026c016e757e4c0c859fc89d363838229,ae74bf26bea59c1ec4b679fabce9744026c016e757e4c0c859fc89d363838229,FINAL_M1_17_REVALIDATED,Byte-identical copy from the accepted M1.17/G2 canonical repository.
M1.16,v0.2R3_ACCEPTED,18_M1_16/evidence/M1_16_LIVE_EXECUTION_EVIDENCE_REVIEW_AND_SIGNOFF.md,Module_1/1.16_Acquisition_Attribution_and_CAC/v0.2R3_ACCEPTED/tests/M1_16_LIVE_EXECUTION_EVIDENCE_REVIEW_AND_SIGNOFF.md,accepted_validation_and_signoff,CANONICAL_BYTE_COPY,7981,6a6771387bb561d3d22d9d8e21a47d4395840b4ed6e082a79f9995a50796a392,6a6771387bb561d3d22d9d8e21a47d4395840b4ed6e082a79f9995a50796a392,FINAL_M1_17_REVALIDATED,Byte-identical copy from the accepted M1.17/G2 canonical repository.
M1.16,v0.2R3_ACCEPTED,18_M1_16/evidence/M1_16_LIVE_EXECUTION_VALIDATION_SUMMARY_v0_2R3.json,Module_1/1.16_Acquisition_Attribution_and_CAC/v0.2R3_ACCEPTED/tests/M1_16_LIVE_EXECUTION_VALIDATION_SUMMARY_v0_2R3.json,accepted_validation_and_signoff,CANONICAL_BYTE_COPY,3861,49ded75af5309bb6d2df103eaf0eedf73dc02a5601c1ed4630b6b5a0527a8ed8,49ded75af5309bb6d2df103eaf0eedf73dc02a5601c1ed4630b6b5a0527a8ed8,FINAL_M1_17_REVALIDATED,Byte-identical copy from the accepted M1.17/G2 canonical repository.
M1.16,v0.2R3_ACCEPTED,18_M1_16/evidence/MSBF_M1_16_Acquisition_Foundations_Build_Acceptance_Milestone_v0_2R3.txt,Module_1/1.16_Acquisition_Attribution_and_CAC/v0.2R3_ACCEPTED/tests/MSBF_M1_16_Acquisition_Foundations_Build_Acceptance_Milestone_v0_2R3.txt,accepted_validation_and_signoff,CANONICAL_BYTE_COPY,858,adf0bdf5e87ca0d26366a1b72bc14ed58a9b539d63d76568b5951c5a8551413f,adf0bdf5e87ca0d26366a1b72bc14ed58a9b539d63d76568b5951c5a8551413f,FINAL_M1_17_REVALIDATED,Byte-identical copy from the accepted M1.17/G2 canonical repository.
M1.16,v0.2R3_ACCEPTED,18_M1_16/M1_16_FINAL_BUILD_REPORT.json,Module_1/1.16_Acquisition_Attribution_and_CAC/v0.2R3_ACCEPTED/tests/package_qa/M1_16_FINAL_BUILD_REPORT.json,static_package_validation_summary,CANONICAL_BYTE_COPY,1227,55e052117d0c6cd8774c01d82afa8b482bed713d85d8d7f76e21d6f98ddc604f,55e052117d0c6cd8774c01d82afa8b482bed713d85d8d7f76e21d6f98ddc604f,FINAL_M1_17_REVALIDATED,Byte-identical copy from the accepted M1.17/G2 canonical repository.
M1.16,v0.2R3_ACCEPTED,18_M1_16/PACKAGE_VALIDATION_REPORT.md,Module_1/1.16_Acquisition_Attribution_and_CAC/v0.2R3_ACCEPTED/tests/package_qa/PACKAGE_VALIDATION_REPORT.md,static_package_validation_summary,CANONICAL_BYTE_COPY,1002,7071fc91a5f89f9b589b335a4706b7e3bc5f60f49e262dbab8681568c1f99783,7071fc91a5f89f9b589b335a4706b7e3bc5f60f49e262dbab8681568c1f99783,FINAL_M1_17_REVALIDATED,Byte-identical copy from the accepted M1.17/G2 canonical repository.
M1.16,v0.2R3_ACCEPTED,18_M1_16/tests/116A_msbf_m1_16_failed_generation_recovery_check_v0_2R3.sql,Module_1/1.16_Acquisition_Attribution_and_CAC/v0.2R3_ACCEPTED/tests/review_queries/116A_msbf_m1_16_failed_generation_recovery_check_v0_2R3.sql,validation_recovery_reporting_source,CANONICAL_BYTE_COPY,4751,9267caa14348f3cd6bcc581cdc0a31f716bda4f9d4ab079e8ade69f67b9aaf7b,9267caa14348f3cd6bcc581cdc0a31f716bda4f9d4ab079e8ade69f67b9aaf7b,FINAL_M1_17_REVALIDATED,Byte-identical copy from the accepted M1.17/G2 canonical repository.
M1.16,v0.2R3_ACCEPTED,18_M1_16/tests/117_msbf_m1_16_preflight_validation_v0_2R3.sql,Module_1/1.16_Acquisition_Attribution_and_CAC/v0.2R3_ACCEPTED/tests/review_queries/117_msbf_m1_16_preflight_validation_v0_2R3.sql,validation_recovery_reporting_source,CANONICAL_BYTE_COPY,9057,78e0ef41523f81dc54fd39f3b0e1b112dce80ab6f84aa9432d8653515d2c4c4a,78e0ef41523f81dc54fd39f3b0e1b112dce80ab6f84aa9432d8653515d2c4c4a,FINAL_M1_17_REVALIDATED,Byte-identical copy from the accepted M1.17/G2 canonical repository.
M1.16,v0.2R3_ACCEPTED,18_M1_16/tests/118A_msbf_m1_16_generation_reconciliation_reconstructed_v0_2R3.sql,Module_1/1.16_Acquisition_Attribution_and_CAC/v0.2R3_ACCEPTED/tests/review_queries/118A_msbf_m1_16_generation_reconciliation_reconstructed_v0_2R3.sql,validation_recovery_reporting_source,CANONICAL_BYTE_COPY,10196,873359b4f97fee567c7941db605efcc2f94846bfa7331f93419383b70b1d52e3,873359b4f97fee567c7941db605efcc2f94846bfa7331f93419383b70b1d52e3,FINAL_M1_17_REVALIDATED,Byte-identical copy from the accepted M1.17/G2 canonical repository.
M1.16,v0.2R3_ACCEPTED,18_M1_16/tests/122_MSBF_M1_16_Acquisition_Foundations_Master_Report_v0_2R3.sql,Module_1/1.16_Acquisition_Attribution_and_CAC/v0.2R3_ACCEPTED/tests/review_queries/122_MSBF_M1_16_Acquisition_Foundations_Master_Report_v0_2R3.sql,validation_recovery_reporting_source,CANONICAL_BYTE_COPY,8475,68828261ad6e56bb5a80fcb0dfa19e43313a4e8bcefbd4233ce874d717d3cccf,68828261ad6e56bb5a80fcb0dfa19e43313a4e8bcefbd4233ce874d717d3cccf,FINAL_M1_17_REVALIDATED,Byte-identical copy from the accepted M1.17/G2 canonical repository.
M1.16,v0.2R3_ACCEPTED,18_M1_16/tests/123_MSBF_M1_16_Acquisition_Foundations_Detail_Report_v0_2R3.sql,Module_1/1.16_Acquisition_Attribution_and_CAC/v0.2R3_ACCEPTED/tests/review_queries/123_MSBF_M1_16_Acquisition_Foundations_Detail_Report_v0_2R3.sql,validation_recovery_reporting_source,CANONICAL_BYTE_COPY,22469,14b8127df788b5decd25b68dbf93a418858fa8c146dfbc191124048a01c8b0d5,14b8127df788b5decd25b68dbf93a418858fa8c146dfbc191124048a01c8b0d5,FINAL_M1_17_REVALIDATED,Byte-identical copy from the accepted M1.17/G2 canonical repository.
PUBLICATION,module-1-g2-v1.0.0,,Module_1/1.17_End_to_End_QA_and_G2_Acceptance/README.md,github_publication_derivative,GITHUB_DERIVED_DOCUMENT,,,b64242c716c6f1e1fd628e6f210375e29dfabf56b2b64adbec5a7ff62acfcca2,FINAL_G2_PUBLICATION,Generated for the public GitHub projection; does not alter canonical accepted database evidence.
M1.17,v0.2R8_ACCEPTED,19_M1_17/catalogs/M1_17_ACCEPTED_HASH_CHAIN.csv,Module_1/1.17_End_to_End_QA_and_G2_Acceptance/v0.2R8_ACCEPTED/docs/catalogs/M1_17_ACCEPTED_HASH_CHAIN.csv,hash_chain_catalog,CANONICAL_BYTE_COPY,808,707cb19f0589a8bf43445e2433fda9dc5be2fd8c51208a5a3b8f0c8b2150fa6d,707cb19f0589a8bf43445e2433fda9dc5be2fd8c51208a5a3b8f0c8b2150fa6d,FINAL_M1_17_REVALIDATED,Curated M1.17/G2 accepted artifact.
M1.17,v0.2R8_ACCEPTED,19_M1_17/catalogs/M1_17_CONTROL_SUMMARY.json,Module_1/1.17_End_to_End_QA_and_G2_Acceptance/v0.2R8_ACCEPTED/docs/catalogs/M1_17_CONTROL_SUMMARY.json,control_catalog,CANONICAL_BYTE_COPY,193,17ffe33988ed590c38d7f8c92760ca8c94701ddf119d7b49503a34781a49ab95,17ffe33988ed590c38d7f8c92760ca8c94701ddf119d7b49503a34781a49ab95,FINAL_M1_17_REVALIDATED,Curated M1.17/G2 accepted artifact.
M1.17,v0.2R8_ACCEPTED,19_M1_17/catalogs/M1_17_FINAL_G2_HASHES.json,Module_1/1.17_End_to_End_QA_and_G2_Acceptance/v0.2R8_ACCEPTED/docs/catalogs/M1_17_FINAL_G2_HASHES.json,hash_catalog,CANONICAL_BYTE_COPY,368,2e21d220563d46c21fb1c19c1aaafb050f7f9a1609208d1afc25cb9b1ce20fdc,2e21d220563d46c21fb1c19c1aaafb050f7f9a1609208d1afc25cb9b1ce20fdc,FINAL_M1_17_REVALIDATED,Curated M1.17/G2 accepted artifact.
PUBLICATION,module-1-g2-v1.0.0,,Module_1/1.17_End_to_End_QA_and_G2_Acceptance/v0.2R8_ACCEPTED/docs/CORRECTION_HISTORY.md,github_publication_derivative,GITHUB_DERIVED_DOCUMENT,,,0eefdc3ca7bedcd01e9bd2fc764b90f409e6188082b083776475c89d1b99b74c,FINAL_G2_PUBLICATION,Generated for the public GitHub projection; does not alter canonical accepted database evidence.
M1.17,v0.2R8_ACCEPTED,19_M1_17/docs/M1_17_SOURCE_PROVENANCE_AND_PACKAGE_NOTE.md,Module_1/1.17_End_to_End_QA_and_G2_Acceptance/v0.2R8_ACCEPTED/docs/M1_17_SOURCE_PROVENANCE_AND_PACKAGE_NOTE.md,source_provenance,CANONICAL_BYTE_COPY,1013,1a314b1e292c9c1cefd504921be738445b1f1c637ad97a94bcacfd9861ee7bb4,1a314b1e292c9c1cefd504921be738445b1f1c637ad97a94bcacfd9861ee7bb4,FINAL_M1_17_REVALIDATED,Curated M1.17/G2 accepted artifact.
M1.17,v0.2R8_ACCEPTED,19_M1_17/docs/M1_17_VALIDATION_HISTORY.md,Module_1/1.17_End_to_End_QA_and_G2_Acceptance/v0.2R8_ACCEPTED/docs/M1_17_VALIDATION_HISTORY.md,correction_history,CANONICAL_BYTE_COPY,1876,fbc64119e4390e1c971c74249260f8804a25e97eb6a96370c33eb8ef4439bb89,fbc64119e4390e1c971c74249260f8804a25e97eb6a96370c33eb8ef4439bb89,FINAL_M1_17_REVALIDATED,Curated M1.17/G2 accepted artifact.
M1.17,v0.2R8_ACCEPTED,19_M1_17/evidence/final/D20_Sample_Integrated_Records.csv,Module_1/1.17_End_to_End_QA_and_G2_Acceptance/v0.2R8_ACCEPTED/outputs/accepted_sample/D20_Sample_Integrated_Records.csv,accepted_evidence,CANONICAL_BYTE_COPY,16006,ccc267b11937f423666498cc930b3e8e4d6b1a44621f187ecb7c2f1bb2689450,ccc267b11937f423666498cc930b3e8e4d6b1a44621f187ecb7c2f1bb2689450,FINAL_M1_17_REVALIDATED,Selected accepted evidence for public technical review.
PUBLICATION,module-1-g2-v1.0.0,,Module_1/1.17_End_to_End_QA_and_G2_Acceptance/v0.2R8_ACCEPTED/RELEASE_METADATA.json,github_publication_derivative,GITHUB_DERIVED_DOCUMENT,,,52bde962c7a301c11c9d314a0540fe0784cf9bc0a327b7a8ea67fc10f84144e0,FINAL_G2_PUBLICATION,Generated for the public GitHub projection; does not alter canonical accepted database evidence.
M1.17,v0.2R8_ACCEPTED,19_M1_17/accepted_execution/sql/124_schema_policy_v0_2.sql,Module_1/1.17_End_to_End_QA_and_G2_Acceptance/v0.2R8_ACCEPTED/src/124_schema_policy_v0_2.sql,accepted_source,CANONICAL_BYTE_COPY,28777,6026551c0ff6ae8a897b79520e1fe583649e7b8689b905fb22d0e87090ea9e23,6026551c0ff6ae8a897b79520e1fe583649e7b8689b905fb22d0e87090ea9e23,FINAL_M1_17_REVALIDATED,Curated M1.17/G2 accepted artifact.
M1.17,v0.2R8_ACCEPTED,19_M1_17/accepted_execution/sql/124B_gate_definition_R1.sql,Module_1/1.17_End_to_End_QA_and_G2_Acceptance/v0.2R8_ACCEPTED/src/124B_gate_definition_R1.sql,accepted_source,CANONICAL_BYTE_COPY,4405,23ec5d4864cbd56771fc6b5a9e51510542dc637ecdf5598cc20d4221d870c73c,23ec5d4864cbd56771fc6b5a9e51510542dc637ecdf5598cc20d4221d870c73c,FINAL_M1_17_REVALIDATED,Curated M1.17/G2 accepted artifact.
M1.17,v0.2R8_ACCEPTED,19_M1_17/accepted_execution/sql/124E_policy_hash_recovery_R4.sql,Module_1/1.17_End_to_End_QA_and_G2_Acceptance/v0.2R8_ACCEPTED/src/124E_policy_hash_recovery_R4.sql,accepted_source,CANONICAL_BYTE_COPY,16762,506cf6844152dd7cd7bbdf63afb269a649c665d02f54e08481bed86d7fd5ed71,506cf6844152dd7cd7bbdf63afb269a649c665d02f54e08481bed86d7fd5ed71,FINAL_M1_17_REVALIDATED,Curated M1.17/G2 accepted artifact.
M1.17,v0.2R8_ACCEPTED,19_M1_17/accepted_execution/sql/124F_revalidation_recovery_R5.sql,Module_1/1.17_End_to_End_QA_and_G2_Acceptance/v0.2R8_ACCEPTED/src/124F_revalidation_recovery_R5.sql,accepted_source,CANONICAL_BYTE_COPY,18735,01bac3f7c23adca1dbe40ec8ffe57b826db2638c855fefe3cd20bc81057b271f,01bac3f7c23adca1dbe40ec8ffe57b826db2638c855fefe3cd20bc81057b271f,FINAL_M1_17_REVALIDATED,Curated M1.17/G2 accepted artifact.
M1.17,v0.2R8_ACCEPTED,19_M1_17/accepted_execution/sql/129_acceptance_finalize_R6.sql,Module_1/1.17_End_to_End_QA_and_G2_Acceptance/v0.2R8_ACCEPTED/src/129_acceptance_finalize_R6.sql,accepted_source,CANONICAL_BYTE_COPY,18931,c5b77232daa1a80728d3982cfce1701c693e12e050ea4f86c29e21f47bdc0c0d,c5b77232daa1a80728d3982cfce1701c693e12e050ea4f86c29e21f47bdc0c0d,FINAL_M1_17_REVALIDATED,Curated M1.17/G2 accepted artifact.
PUBLICATION,module-1-g2-v1.0.0,,Module_1/1.17_End_to_End_QA_and_G2_Acceptance/v0.2R8_ACCEPTED/src/README.md,github_publication_derivative,GITHUB_DERIVED_DOCUMENT,,,e71cbb486fd8b1256e12df325ab5c3f69c69e80cd9b212528d39261297b4d478,FINAL_G2_PUBLICATION,Generated for the public GitHub projection; does not alter canonical accepted database evidence.
M1.17,v0.2R8_ACCEPTED,19_M1_17/accepted_execution/SOURCE_PROVENANCE.md,Module_1/1.17_End_to_End_QA_and_G2_Acceptance/v0.2R8_ACCEPTED/src/SOURCE_PROVENANCE.md,source_provenance,CANONICAL_BYTE_COPY,1013,1a314b1e292c9c1cefd504921be738445b1f1c637ad97a94bcacfd9861ee7bb4,1a314b1e292c9c1cefd504921be738445b1f1c637ad97a94bcacfd9861ee7bb4,FINAL_M1_17_REVALIDATED,Curated M1.17/G2 accepted artifact.
M1.17,v0.2R8_ACCEPTED,19_M1_17/evidence/final/D01_Run_G2_Status.csv,Module_1/1.17_End_to_End_QA_and_G2_Acceptance/v0.2R8_ACCEPTED/tests/evidence/D01_Run_G2_Status.csv,accepted_evidence,CANONICAL_BYTE_COPY,451,e8d687326a803a79f90a0a44dc3a5340c723ae4ba8401cde66035a6d18c4dfcc,e8d687326a803a79f90a0a44dc3a5340c723ae4ba8401cde66035a6d18c4dfcc,FINAL_M1_17_REVALIDATED,Selected accepted evidence for public technical review.
M1.17,v0.2R8_ACCEPTED,19_M1_17/evidence/final/D03_G2_Registry_Hashes.csv,Module_1/1.17_End_to_End_QA_and_G2_Acceptance/v0.2R8_ACCEPTED/tests/evidence/D03_G2_Registry_Hashes.csv,accepted_evidence,CANONICAL_BYTE_COPY,1376,15b865bb9ac435784c668602a5c1500b07e9401efd3ce20d0b4cf669738337f0,15b865bb9ac435784c668602a5c1500b07e9401efd3ce20d0b4cf669738337f0,FINAL_M1_17_REVALIDATED,Selected accepted evidence for public technical review.
M1.17,v0.2R8_ACCEPTED,19_M1_17/evidence/final/D04_Accepted_Hash_Chain.csv,Module_1/1.17_End_to_End_QA_and_G2_Acceptance/v0.2R8_ACCEPTED/tests/evidence/D04_Accepted_Hash_Chain.csv,accepted_evidence,CANONICAL_BYTE_COPY,3482,7f175447902a43eb0a01e535d4164bf8df4ee06894f1e5653bc64068e61d9c12,7f175447902a43eb0a01e535d4164bf8df4ee06894f1e5653bc64068e61d9c12,FINAL_M1_17_REVALIDATED,Selected accepted evidence for public technical review.
M1.17,v0.2R8_ACCEPTED,19_M1_17/evidence/final/D06_M1_15_M1_16_Contract_Identities.csv,Module_1/1.17_End_to_End_QA_and_G2_Acceptance/v0.2R8_ACCEPTED/tests/evidence/D06_M1_15_M1_16_Contract_Identities.csv,accepted_evidence,CANONICAL_BYTE_COPY,316,49550f00f6ea78e23c1f67d86b98425bf24c17ae8a72430d21401845ec1becdf,49550f00f6ea78e23c1f67d86b98425bf24c17ae8a72430d21401845ec1becdf,FINAL_M1_17_REVALIDATED,Selected accepted evidence for public technical review.
M1.17,v0.2R8_ACCEPTED,19_M1_17/evidence/final/D07_M1_15_Cardinality.csv,Module_1/1.17_End_to_End_QA_and_G2_Acceptance/v0.2R8_ACCEPTED/tests/evidence/D07_M1_15_Cardinality.csv,accepted_evidence,CANONICAL_BYTE_COPY,124,19cc997312c6cba6cbbd27d44270df43a6aa03fb19d99a3aea33a17fcac7655a,19cc997312c6cba6cbbd27d44270df43a6aa03fb19d99a3aea33a17fcac7655a,FINAL_M1_17_REVALIDATED,Selected accepted evidence for public technical review.
M1.17,v0.2R8_ACCEPTED,19_M1_17/evidence/final/D08_M1_16_Cardinality.csv,Module_1/1.17_End_to_End_QA_and_G2_Acceptance/v0.2R8_ACCEPTED/tests/evidence/D08_M1_16_Cardinality.csv,accepted_evidence,CANONICAL_BYTE_COPY,227,9ab7dc63b1d978056020c1814b915ead8cb34fba29014f22bb76f2f5aaadebb5,9ab7dc63b1d978056020c1814b915ead8cb34fba29014f22bb76f2f5aaadebb5,FINAL_M1_17_REVALIDATED,Selected accepted evidence for public technical review.
M1.17,v0.2R8_ACCEPTED,19_M1_17/evidence/final/D09_Integrated_Cardinality.csv,Module_1/1.17_End_to_End_QA_and_G2_Acceptance/v0.2R8_ACCEPTED/tests/evidence/D09_Integrated_Cardinality.csv,accepted_evidence,CANONICAL_BYTE_COPY,140,362b3dfcc9fefc13005089f4a8dd3f29bfec22c4f61158d0c3632f8ad36f97f4,362b3dfcc9fefc13005089f4a8dd3f29bfec22c4f61158d0c3632f8ad36f97f4,FINAL_M1_17_REVALIDATED,Selected accepted evidence for public technical review.
M1.17,v0.2R8_ACCEPTED,19_M1_17/evidence/final/D10_Scenario_Distribution.csv,Module_1/1.17_End_to_End_QA_and_G2_Acceptance/v0.2R8_ACCEPTED/tests/evidence/D10_Scenario_Distribution.csv,accepted_evidence,CANONICAL_BYTE_COPY,101,ff0e8af733c9303fd0509c0fc76ef8c972f3e2a84d0403d0ec0ad23bd607a0c4,ff0e8af733c9303fd0509c0fc76ef8c972f3e2a84d0403d0ec0ad23bd607a0c4,FINAL_M1_17_REVALIDATED,Selected accepted evidence for public technical review.
M1.17,v0.2R8_ACCEPTED,19_M1_17/evidence/final/D14_Evidence_Family_Summary.csv,Module_1/1.17_End_to_End_QA_and_G2_Acceptance/v0.2R8_ACCEPTED/tests/evidence/D14_Evidence_Family_Summary.csv,accepted_evidence,CANONICAL_BYTE_COPY,190,30725846fd68d7240f29eda0212ea75bfd1c5b3d7dd091b633668b2016a27546,30725846fd68d7240f29eda0212ea75bfd1c5b3d7dd091b633668b2016a27546,FINAL_M1_17_REVALIDATED,Selected accepted evidence for public technical review.
M1.17,v0.2R8_ACCEPTED,19_M1_17/evidence/final/D15_Complete_Evidence_Snapshot.csv,Module_1/1.17_End_to_End_QA_and_G2_Acceptance/v0.2R8_ACCEPTED/tests/evidence/D15_Complete_Evidence_Snapshot.csv,accepted_evidence,CANONICAL_BYTE_COPY,10817,55c0ba0273cf03facdc8f33c63fd27d255b340f874ce8e08a950dc13ff9be09f,55c0ba0273cf03facdc8f33c63fd27d255b340f874ce8e08a950dc13ff9be09f,FINAL_M1_17_REVALIDATED,Selected accepted evidence for public technical review.
M1.17,v0.2R8_ACCEPTED,19_M1_17/evidence/final/D16_Positive_Summary.csv,Module_1/1.17_End_to_End_QA_and_G2_Acceptance/v0.2R8_ACCEPTED/tests/evidence/D16_Positive_Summary.csv,accepted_evidence,CANONICAL_BYTE_COPY,84,e55c47df677679a822308aa31f79f16a559da92684b4dbf1b9f0dd104dbf2a9a,e55c47df677679a822308aa31f79f16a559da92684b4dbf1b9f0dd104dbf2a9a,FINAL_M1_17_REVALIDATED,Selected accepted evidence for public technical review.
M1.17,v0.2R8_ACCEPTED,19_M1_17/evidence/final/D17_Negative_Summary.csv,Module_1/1.17_End_to_End_QA_and_G2_Acceptance/v0.2R8_ACCEPTED/tests/evidence/D17_Negative_Summary.csv,accepted_evidence,CANONICAL_BYTE_COPY,82,84990124c8fac3dfe40219e2bf68563719c4565a6c147fd79a6fd0f0e7a49d52,84990124c8fac3dfe40219e2bf68563719c4565a6c147fd79a6fd0f0e7a49d52,FINAL_M1_17_REVALIDATED,Selected accepted evidence for public technical review.
M1.17,v0.2R8_ACCEPTED,19_M1_17/evidence/final/D18_Archive_Triggers.csv,Module_1/1.17_End_to_End_QA_and_G2_Acceptance/v0.2R8_ACCEPTED/tests/evidence/D18_Archive_Triggers.csv,accepted_evidence,CANONICAL_BYTE_COPY,815,501897ab277453f13772c8668d47c27887411fbc59e95ef2d1c31a2277d1cdde,501897ab277453f13772c8668d47c27887411fbc59e95ef2d1c31a2277d1cdde,FINAL_M1_17_REVALIDATED,Selected accepted evidence for public technical review.
M1.17,v0.2R8_ACCEPTED,19_M1_17/evidence/final/D21_Stored_Reconstructed_Hashes.csv,Module_1/1.17_End_to_End_QA_and_G2_Acceptance/v0.2R8_ACCEPTED/tests/evidence/D21_Stored_Reconstructed_Hashes.csv,accepted_evidence,CANONICAL_BYTE_COPY,776,10e972c7751086ee3314d0d374e8f26edc1661548597f2394aa7c23e7152761f,10e972c7751086ee3314d0d374e8f26edc1661548597f2394aa7c23e7152761f,FINAL_M1_17_REVALIDATED,Selected accepted evidence for public technical review.
M1.17,v0.2R8_ACCEPTED,19_M1_17/evidence/final/D23_Deterministic_Mismatches.csv,Module_1/1.17_End_to_End_QA_and_G2_Acceptance/v0.2R8_ACCEPTED/tests/evidence/D23_Deterministic_Mismatches.csv,accepted_evidence,CANONICAL_BYTE_COPY,73,3a694dc0bbdfde0b7dcd37fa02d687a02ceff728a6e1db4fda7cd71fcefdb303,3a694dc0bbdfde0b7dcd37fa02d687a02ceff728a6e1db4fda7cd71fcefdb303,FINAL_M1_17_REVALIDATED,Selected accepted evidence for public technical review.
M1.17,v0.2R8_ACCEPTED,19_M1_17/evidence/final/D24_Blocking_Stage_Violations.csv,Module_1/1.17_End_to_End_QA_and_G2_Acceptance/v0.2R8_ACCEPTED/tests/evidence/D24_Blocking_Stage_Violations.csv,accepted_evidence,CANONICAL_BYTE_COPY,116,4efd6882af220b190426e4a897ba1d1280c3d7af6174290d1d23af36b1fde300,4efd6882af220b190426e4a897ba1d1280c3d7af6174290d1d23af36b1fde300,FINAL_M1_17_REVALIDATED,Selected accepted evidence for public technical review.
M1.17,v0.2R8_ACCEPTED,19_M1_17/evidence/final/P125_Preflight.csv,Module_1/1.17_End_to_End_QA_and_G2_Acceptance/v0.2R8_ACCEPTED/tests/evidence/P125_Preflight.csv,accepted_evidence,CANONICAL_BYTE_COPY,1009,cce0e98ced221487ad50ee43e5f4f15b72ed5efb06c1fdf2c05495ec90c21bce,cce0e98ced221487ad50ee43e5f4f15b72ed5efb06c1fdf2c05495ec90c21bce,FINAL_M1_17_REVALIDATED,Selected accepted evidence for public technical review.
M1.17,v0.2R8_ACCEPTED,19_M1_17/evidence/final/P126_Generation.csv,Module_1/1.17_End_to_End_QA_and_G2_Acceptance/v0.2R8_ACCEPTED/tests/evidence/P126_Generation.csv,accepted_evidence,CANONICAL_BYTE_COPY,620,6ce1ffd3623a0bb19e4267805e27d8b9ed8f399b38d27ddd4ba68c1338df66e0,6ce1ffd3623a0bb19e4267805e27d8b9ed8f399b38d27ddd4ba68c1338df66e0,FINAL_M1_17_REVALIDATED,Selected accepted evidence for public technical review.
M1.17,v0.2R8_ACCEPTED,19_M1_17/evidence/final/P128_Negative_Controls.csv,Module_1/1.17_End_to_End_QA_and_G2_Acceptance/v0.2R8_ACCEPTED/tests/evidence/P128_Negative_Controls.csv,accepted_evidence,CANONICAL_BYTE_COPY,2398,1a6eb651bb73135960e107728d6581e6a11e9322b598d12d328d675e36dd583a,1a6eb651bb73135960e107728d6581e6a11e9322b598d12d328d675e36dd583a,FINAL_M1_17_REVALIDATED,Selected accepted evidence for public technical review.
M1.17,v0.2R8_ACCEPTED,19_M1_17/evidence/final/P129_Acceptance.csv,Module_1/1.17_End_to_End_QA_and_G2_Acceptance/v0.2R8_ACCEPTED/tests/evidence/P129_Acceptance.csv,accepted_evidence,CANONICAL_BYTE_COPY,1421,3a9c54631584dcceedff33ad4c6a3d5d0cee066dfd2eafec2e203e506b0eb2de,3a9c54631584dcceedff33ad4c6a3d5d0cee066dfd2eafec2e203e506b0eb2de,FINAL_M1_17_REVALIDATED,Selected accepted evidence for public technical review.
M1.17,v0.2R8_ACCEPTED,19_M1_17/evidence/final/P130_Master_Report.csv,Module_1/1.17_End_to_End_QA_and_G2_Acceptance/v0.2R8_ACCEPTED/tests/evidence/P130_Master_Report.csv,accepted_evidence,CANONICAL_BYTE_COPY,1500,46c1520e3818d8b69b362c8efef43b310e8078aeb467b151901d9b1e70cb4bda,46c1520e3818d8b69b362c8efef43b310e8078aeb467b151901d9b1e70cb4bda,FINAL_M1_17_REVALIDATED,Selected accepted evidence for public technical review.
M1.17,v0.2R8_ACCEPTED,19_M1_17/docs/M1_17_EVIDENCE_INDEX.md,Module_1/1.17_End_to_End_QA_and_G2_Acceptance/v0.2R8_ACCEPTED/tests/M1_17_EVIDENCE_INDEX.md,evidence_index,CANONICAL_BYTE_COPY,837,ba01c08abf79f44099b5811b1176c867f316c19f77e05ea3b8dd2740a64b17e8,ba01c08abf79f44099b5811b1176c867f316c19f77e05ea3b8dd2740a64b17e8,FINAL_M1_17_REVALIDATED,Curated M1.17/G2 accepted artifact.
M1.17,v0.2R8_ACCEPTED,19_M1_17/docs/M1_17_LIVE_EXECUTION_EVIDENCE_REVIEW_AND_SIGNOFF.md,Module_1/1.17_End_to_End_QA_and_G2_Acceptance/v0.2R8_ACCEPTED/tests/M1_17_LIVE_EXECUTION_EVIDENCE_REVIEW_AND_SIGNOFF.md,formal_acceptance,CANONICAL_BYTE_COPY,5968,348beb5867dafc778301e2c6bd598ab77595a30c6b198caa61f095a8373f1f28,348beb5867dafc778301e2c6bd598ab77595a30c6b198caa61f095a8373f1f28,FINAL_M1_17_REVALIDATED,Curated M1.17/G2 accepted artifact.
M1.17,v0.2R8_ACCEPTED,19_M1_17/docs/M1_17_LIVE_EXECUTION_VALIDATION_SUMMARY_v0_2R8.json,Module_1/1.17_End_to_End_QA_and_G2_Acceptance/v0.2R8_ACCEPTED/tests/M1_17_LIVE_EXECUTION_VALIDATION_SUMMARY_v0_2R8.json,validation_summary,CANONICAL_BYTE_COPY,2640,6d2c4609eee1d5420bcc879ce7169333f6226370ca1d35992cdbcaa6785b29bf,6d2c4609eee1d5420bcc879ce7169333f6226370ca1d35992cdbcaa6785b29bf,FINAL_M1_17_REVALIDATED,Curated M1.17/G2 accepted artifact.
M1.17,v0.2R8_ACCEPTED,19_M1_17/docs/MSBF_M1_17_G2_Contract_Acceptance_Milestone_v0_2R8.txt,Module_1/1.17_End_to_End_QA_and_G2_Acceptance/v0.2R8_ACCEPTED/tests/MSBF_M1_17_G2_Contract_Acceptance_Milestone_v0_2R8.txt,acceptance_milestone,CANONICAL_BYTE_COPY,861,6d82170e7c3218158cdcea22a5b59356faaa9857f1652e7b88b7aeaf2e376371,6d82170e7c3218158cdcea22a5b59356faaa9857f1652e7b88b7aeaf2e376371,FINAL_M1_17_REVALIDATED,Curated M1.17/G2 accepted artifact.
M1.17,v0.2R8_ACCEPTED,19_M1_17/M1_17_COMPLETE_BUILD_REPORT.json,Module_1/1.17_End_to_End_QA_and_G2_Acceptance/v0.2R8_ACCEPTED/tests/package_qa/M1_17_COMPLETE_BUILD_REPORT.json,package_qa,CANONICAL_BYTE_COPY,3026,2d3f775b1bcedcd94fc368812075d2495a53b4cb708bc6939a3af9424276645c,2d3f775b1bcedcd94fc368812075d2495a53b4cb708bc6939a3af9424276645c,FINAL_M1_17_REVALIDATED,Curated M1.17/G2 accepted artifact.
M1.17,v0.2R8_ACCEPTED,19_M1_17/PACKAGE_VALIDATION_REPORT.md,Module_1/1.17_End_to_End_QA_and_G2_Acceptance/v0.2R8_ACCEPTED/tests/package_qa/PACKAGE_VALIDATION_REPORT.md,package_qa,CANONICAL_BYTE_COPY,388,ebddc0c71260844db427b563148da541f7d3a9596369acd363f5a31961d34108,ebddc0c71260844db427b563148da541f7d3a9596369acd363f5a31961d34108,FINAL_M1_17_REVALIDATED,Curated M1.17/G2 accepted artifact.
M1.17,v0.2R8_ACCEPTED,19_M1_17/accepted_execution/tests/130_master_report_R6.sql,Module_1/1.17_End_to_End_QA_and_G2_Acceptance/v0.2R8_ACCEPTED/tests/review_queries/130_master_report_R6.sql,review_query,CANONICAL_BYTE_COPY,4508,9761bc547d613ae5627f8c412c234de8975cc30dcfc5c2be699be2c499c93175,9761bc547d613ae5627f8c412c234de8975cc30dcfc5c2be699be2c499c93175,FINAL_M1_17_REVALIDATED,Curated M1.17/G2 accepted artifact.
M1.17,v0.2R8_ACCEPTED,19_M1_17/accepted_execution/tests/131_detail_report_R8.sql,Module_1/1.17_End_to_End_QA_and_G2_Acceptance/v0.2R8_ACCEPTED/tests/review_queries/131_detail_report_R8.sql,review_query,CANONICAL_BYTE_COPY,27174,435525e2579eea716a87e0ab426b40a6cd542c1b95db3cc56ee196ff2723b703,435525e2579eea716a87e0ab426b40a6cd542c1b95db3cc56ee196ff2723b703,FINAL_M1_17_REVALIDATED,Curated M1.17/G2 accepted artifact.
PUBLICATION,module-1-g2-v1.0.0,,MODULE_AND_RELEASE_INDEX.md,github_publication_derivative,GITHUB_DERIVED_DOCUMENT,,,b56b911eafb086e862cf4f867035a22ec4d5bb84ddca63ed363b847f8f7dd557,FINAL_G2_PUBLICATION,Generated for the public GitHub projection; does not alter canonical accepted database evidence.
PUBLICATION,module-1-g2-v1.0.0,,PROJECT_ARTIFACT_MAP.md,github_publication_derivative,GITHUB_DERIVED_DOCUMENT,,,94dde32488ae9fb74f16d6f20ad0dde213db932e146b4bf9a4a5a3be28f8a504,FINAL_G2_PUBLICATION,Generated for the public GitHub projection; does not alter canonical accepted database evidence.
PUBLICATION,module-1-g2-v1.0.0,,PROJECT_ROADMAP.md,github_publication_derivative,GITHUB_DERIVED_DOCUMENT,,,9014dee5358b95c97f9b81d797f108430da7a88188e960e60b4cd76abb1c916d,FINAL_G2_PUBLICATION,Generated for the public GitHub projection; does not alter canonical accepted database evidence.
PUBLICATION,module-1-g2-v1.0.0,,README.md,github_publication_derivative,GITHUB_DERIVED_DOCUMENT,,,bad262bb7863fc3188ef58db3b09879bc73aa800596d54eceb7c2594b0adbd74,FINAL_G2_PUBLICATION,Generated for the public GitHub projection; does not alter canonical accepted database evidence.
PUBLICATION,module-1-g2-v1.0.0,,release_metadata.json,github_publication_derivative,GITHUB_DERIVED_DOCUMENT,,,c00dd95e80981bf14bc1139387c4a41d7df1cad4609d83bf8830083ca5cbe903,FINAL_G2_PUBLICATION,Generated for the public GitHub projection; does not alter canonical accepted database evidence.
PUBLICATION,module-1-g2-v1.0.0,,RELEASE_NOTES.md,github_release_notes,GITHUB_DERIVED_DOCUMENT,,,77d2b2da866e1805c137f0b4581176886e8afb3790a189912680c390e5a380e6,FINAL_G2_PUBLICATION,Generated for the public GitHub release; does not alter canonical accepted database evidence.
PUBLICATION,module-1-g2-v1.0.0,,REPRODUCIBILITY_AND_EXECUTION.md,github_publication_derivative,GITHUB_DERIVED_DOCUMENT,,,540b78a2c91956b76b04e925687675a87d832d120467a93218b58634696a65be,FINAL_G2_PUBLICATION,Generated for the public GitHub projection; does not alter canonical accepted database evidence.
PUBLICATION,module-1-g2-v1.0.0,,SAMPLE_DATA_AND_EVIDENCE_POLICY.md,github_publication_derivative,GITHUB_DERIVED_DOCUMENT,,,0fc1155fdf65d2668e191cc0a959036cbaca11450acd5de457af17125efee19e,FINAL_G2_PUBLICATION,Generated for the public GitHub projection; does not alter canonical accepted database evidence.
PUBLICATION,module-1-g2-v1.0.0,,tools/validate_public_release.py,github_publication_derivative,GITHUB_DERIVED_DOCUMENT,,,7c5a7d60288555eb52e6bfba294e65660ce25b20648392e50e1b1f6355829e41,FINAL_G2_PUBLICATION,Generated for the public GitHub projection; does not alter canonical accepted database evidence.
