"table_schema","table_name","ordinal_position","column_name","data_type","is_nullable"
msbf_ctl,acceptance_gate_result,1,run_id,bigint,NO
msbf_ctl,acceptance_gate_result,2,gate_id,text,NO
msbf_ctl,acceptance_gate_result,3,review_version,integer,NO
msbf_ctl,acceptance_gate_result,4,result_status,text,NO
msbf_ctl,acceptance_gate_result,5,observed_value,text,YES
msbf_ctl,acceptance_gate_result,6,threshold_value,text,YES
msbf_ctl,acceptance_gate_result,7,finding,text,YES
msbf_ctl,acceptance_gate_result,8,residual_limitation,text,YES
msbf_ctl,acceptance_gate_result,9,reviewer_role,text,NO
msbf_ctl,acceptance_gate_result,10,reviewed_at,timestamp with time zone,NO
msbf_ctl,comparison_registry,1,comparison_id,bigint,NO
msbf_ctl,comparison_registry,2,comparison_code,text,NO
msbf_ctl,comparison_registry,3,comparison_version,integer,NO
msbf_ctl,comparison_registry,4,comparison_name,text,NO
msbf_ctl,comparison_registry,5,baseline_run_id,bigint,NO
msbf_ctl,comparison_registry,6,challenger_run_id,bigint,NO
msbf_ctl,comparison_registry,7,match_key_columns,ARRAY,NO
msbf_ctl,comparison_registry,8,comparison_type,text,NO
msbf_ctl,comparison_registry,9,status,text,NO
msbf_ctl,comparison_registry,10,owner_role,text,NO
msbf_ctl,comparison_registry,11,created_at,timestamp with time zone,NO
msbf_ctl,contract_registry,1,contract_id,bigint,NO
msbf_ctl,contract_registry,2,contract_code,text,NO
msbf_ctl,contract_registry,3,contract_version,integer,NO
msbf_ctl,contract_registry,4,provider_module_code,text,NO
msbf_ctl,contract_registry,5,consumer_module_code,text,NO
msbf_ctl,contract_registry,6,grain_description,text,NO
msbf_ctl,contract_registry,7,key_columns,ARRAY,NO
msbf_ctl,contract_registry,8,required_columns,jsonb,NO
msbf_ctl,contract_registry,9,schema_hash,text,YES
msbf_ctl,contract_registry,10,effective_start_date,date,NO
msbf_ctl,contract_registry,11,effective_end_date,date,YES
msbf_ctl,contract_registry,12,status,text,NO
msbf_ctl,contract_registry,13,owner_role,text,NO
msbf_ctl,data_segregation_profile,1,data_segregation_profile_id,bigint,NO
msbf_ctl,data_segregation_profile,2,profile_code,text,NO
msbf_ctl,data_segregation_profile,3,profile_version,integer,NO
msbf_ctl,data_segregation_profile,4,business_name,text,NO
msbf_ctl,data_segregation_profile,5,effective_start_date,date,NO
msbf_ctl,data_segregation_profile,6,effective_end_date,date,YES
msbf_ctl,data_segregation_profile,7,status,text,NO
msbf_ctl,data_segregation_profile,8,owner_role,text,NO
msbf_ctl,data_segregation_profile,9,approver_role,text,YES
msbf_ctl,data_segregation_profile,10,approval_timestamp,timestamp with time zone,YES
msbf_ctl,data_segregation_profile,11,last_review_date,date,YES
msbf_ctl,data_segregation_profile,12,next_review_date,date,YES
msbf_ctl,data_segregation_profile,13,change_reason,text,YES
msbf_ctl,data_segregation_profile,14,created_at,timestamp with time zone,NO
msbf_ctl,data_segregation_profile,15,created_by,text,NO
msbf_ctl,data_segregation_profile,16,data_domain,text,NO
msbf_ctl,data_segregation_profile,17,restricted_flag,boolean,NO
msbf_ctl,data_segregation_profile,18,permitted_roles,ARRAY,NO
msbf_ctl,data_segregation_profile,19,prohibited_uses,ARRAY,NO
msbf_ctl,data_segregation_profile,20,profile_payload,jsonb,NO
msbf_ctl,experiment_registry,1,experiment_id,bigint,NO
msbf_ctl,experiment_registry,2,experiment_code,text,NO
msbf_ctl,experiment_registry,3,experiment_version,integer,NO
msbf_ctl,experiment_registry,4,experiment_name,text,NO
msbf_ctl,experiment_registry,5,objective,text,NO
msbf_ctl,experiment_registry,6,eligibility_rule,jsonb,NO
msbf_ctl,experiment_registry,7,assignment_seed,text,NO
msbf_ctl,experiment_registry,8,holdout_rate,numeric,NO
msbf_ctl,experiment_registry,9,effective_start_date,date,NO
msbf_ctl,experiment_registry,10,effective_end_date,date,YES
msbf_ctl,experiment_registry,11,status,text,NO
msbf_ctl,experiment_registry,12,owner_role,text,NO
msbf_ctl,experiment_registry,13,acceptance_criteria,jsonb,NO
msbf_ctl,financial_crime_profile,1,financial_crime_profile_id,bigint,NO
msbf_ctl,financial_crime_profile,2,profile_code,text,NO
msbf_ctl,financial_crime_profile,3,profile_version,integer,NO
msbf_ctl,financial_crime_profile,4,business_name,text,NO
msbf_ctl,financial_crime_profile,5,effective_start_date,date,NO
msbf_ctl,financial_crime_profile,6,effective_end_date,date,YES
msbf_ctl,financial_crime_profile,7,status,text,NO
msbf_ctl,financial_crime_profile,8,owner_role,text,NO
msbf_ctl,financial_crime_profile,9,approver_role,text,YES
msbf_ctl,financial_crime_profile,10,approval_timestamp,timestamp with time zone,YES
msbf_ctl,financial_crime_profile,11,last_review_date,date,YES
msbf_ctl,financial_crime_profile,12,next_review_date,date,YES
msbf_ctl,financial_crime_profile,13,change_reason,text,YES
msbf_ctl,financial_crime_profile,14,created_at,timestamp with time zone,NO
msbf_ctl,financial_crime_profile,15,created_by,text,NO
msbf_ctl,financial_crime_profile,16,operating_model_profile_id,bigint,NO
msbf_ctl,financial_crime_profile,17,kyb_owner_role,text,NO
msbf_ctl,financial_crime_profile,18,beneficial_owner_owner_role,text,NO
msbf_ctl,financial_crime_profile,19,sanctions_owner_role,text,NO
msbf_ctl,financial_crime_profile,20,aml_monitoring_owner_role,text,NO
msbf_ctl,financial_crime_profile,21,profile_payload,jsonb,NO
msbf_ctl,jurisdiction_profile,1,jurisdiction_profile_id,bigint,NO
msbf_ctl,jurisdiction_profile,2,profile_code,text,NO
msbf_ctl,jurisdiction_profile,3,profile_version,integer,NO
msbf_ctl,jurisdiction_profile,4,business_name,text,NO
msbf_ctl,jurisdiction_profile,5,effective_start_date,date,NO
msbf_ctl,jurisdiction_profile,6,effective_end_date,date,YES
msbf_ctl,jurisdiction_profile,7,status,text,NO
msbf_ctl,jurisdiction_profile,8,owner_role,text,NO
msbf_ctl,jurisdiction_profile,9,approver_role,text,YES
msbf_ctl,jurisdiction_profile,10,approval_timestamp,timestamp with time zone,YES
msbf_ctl,jurisdiction_profile,11,last_review_date,date,YES
msbf_ctl,jurisdiction_profile,12,next_review_date,date,YES
msbf_ctl,jurisdiction_profile,13,change_reason,text,YES
msbf_ctl,jurisdiction_profile,14,created_at,timestamp with time zone,NO
msbf_ctl,jurisdiction_profile,15,created_by,text,NO
msbf_ctl,jurisdiction_profile,16,jurisdiction_code,text,NO
msbf_ctl,jurisdiction_profile,17,country_code,character,NO
msbf_ctl,jurisdiction_profile,18,transaction_amount_floor,numeric,YES
msbf_ctl,jurisdiction_profile,19,transaction_amount_ceiling,numeric,YES
msbf_ctl,jurisdiction_profile,20,profile_payload,jsonb,NO
msbf_ctl,m1_15_consumption_contract_registry,1,contract_code,text,NO
msbf_ctl,m1_15_consumption_contract_registry,2,contract_version,integer,NO
msbf_ctl,m1_15_consumption_contract_registry,3,module1_run_id,bigint,NO
msbf_ctl,m1_15_consumption_contract_registry,4,schema_version,text,NO
msbf_ctl,m1_15_consumption_contract_registry,5,scenario_set_id,bigint,NO
msbf_ctl,m1_15_consumption_contract_registry,6,contract_status,text,NO
msbf_ctl,m1_15_consumption_contract_registry,7,latest_row_count,integer,NO
msbf_ctl,m1_15_consumption_contract_registry,8,archive_row_count,integer,NO
msbf_ctl,m1_15_consumption_contract_registry,9,comparison_row_count,integer,NO
msbf_ctl,m1_15_consumption_contract_registry,10,latest_set_hash,text,NO
msbf_ctl,m1_15_consumption_contract_registry,11,archive_set_hash,text,NO
msbf_ctl,m1_15_consumption_contract_registry,12,comparison_set_hash,text,NO
msbf_ctl,m1_15_consumption_contract_registry,13,contract_set_hash,text,NO
msbf_ctl,m1_15_consumption_contract_registry,14,combined_set_hash,text,NO
msbf_ctl,m1_15_consumption_contract_registry,15,contract_row_hash,text,NO
msbf_ctl,m1_15_consumption_contract_registry,16,generated_at,timestamp with time zone,NO
msbf_ctl,m1_15_consumption_contract_registry,17,validated_at,timestamp with time zone,YES
msbf_ctl,m1_15_consumption_contract_registry,18,created_by_run_id,bigint,NO
msbf_ctl,m1_16_acquisition_contract_registry,1,contract_code,text,NO
msbf_ctl,m1_16_acquisition_contract_registry,2,contract_version,integer,NO
msbf_ctl,m1_16_acquisition_contract_registry,3,module1_run_id,bigint,NO
msbf_ctl,m1_16_acquisition_contract_registry,4,schema_version,text,NO
msbf_ctl,m1_16_acquisition_contract_registry,5,scenario_set_id,bigint,NO
msbf_ctl,m1_16_acquisition_contract_registry,6,methodology_version,text,NO
msbf_ctl,m1_16_acquisition_contract_registry,7,source_m1_15_contract_code,text,NO
msbf_ctl,m1_16_acquisition_contract_registry,8,source_m1_15_contract_version,integer,NO
msbf_ctl,m1_16_acquisition_contract_registry,9,source_m1_15_schema_version,text,NO
msbf_ctl,m1_16_acquisition_contract_registry,10,source_m1_15_combined_hash,text,NO
msbf_ctl,m1_16_acquisition_contract_registry,11,source_m1_14_combined_hash,text,NO
msbf_ctl,m1_16_acquisition_contract_registry,12,policy_configuration_hash,text,NO
msbf_ctl,m1_16_acquisition_contract_registry,13,contract_status,text,NO
msbf_ctl,m1_16_acquisition_contract_registry,14,source_profile_row_count,integer,NO
msbf_ctl,m1_16_acquisition_contract_registry,15,campaign_row_count,integer,NO
msbf_ctl,m1_16_acquisition_contract_registry,16,funnel_row_count,integer,NO
msbf_ctl,m1_16_acquisition_contract_registry,17,cost_ledger_row_count,integer,NO
msbf_ctl,m1_16_acquisition_contract_registry,18,touchpoint_row_count,integer,NO
msbf_ctl,m1_16_acquisition_contract_registry,19,attribution_row_count,integer,NO
msbf_ctl,m1_16_acquisition_contract_registry,20,cost_snapshot_row_count,integer,NO
msbf_ctl,m1_16_acquisition_contract_registry,21,component_row_count,integer,NO
msbf_ctl,m1_16_acquisition_contract_registry,22,latest_row_count,integer,NO
msbf_ctl,m1_16_acquisition_contract_registry,23,archive_row_count,integer,NO
msbf_ctl,m1_16_acquisition_contract_registry,24,integrated_view_row_count,integer,NO
msbf_ctl,m1_16_acquisition_contract_registry,25,source_profile_set_hash,text,NO
msbf_ctl,m1_16_acquisition_contract_registry,26,campaign_set_hash,text,NO
msbf_ctl,m1_16_acquisition_contract_registry,27,funnel_set_hash,text,NO
msbf_ctl,m1_16_acquisition_contract_registry,28,cost_ledger_set_hash,text,NO
msbf_ctl,m1_16_acquisition_contract_registry,29,touchpoint_set_hash,text,NO
msbf_ctl,m1_16_acquisition_contract_registry,30,attribution_set_hash,text,NO
msbf_ctl,m1_16_acquisition_contract_registry,31,cost_snapshot_set_hash,text,NO
msbf_ctl,m1_16_acquisition_contract_registry,32,component_set_hash,text,NO
msbf_ctl,m1_16_acquisition_contract_registry,33,latest_set_hash,text,NO
msbf_ctl,m1_16_acquisition_contract_registry,34,archive_set_hash,text,NO
msbf_ctl,m1_16_acquisition_contract_registry,35,contract_set_hash,text,NO
msbf_ctl,m1_16_acquisition_contract_registry,36,combined_set_hash,text,NO
msbf_ctl,m1_16_acquisition_contract_registry,37,contract_row_hash,text,NO
msbf_ctl,m1_16_acquisition_contract_registry,38,generated_at,timestamp with time zone,NO
msbf_ctl,m1_16_acquisition_contract_registry,39,validated_at,timestamp with time zone,YES
msbf_ctl,m1_16_acquisition_contract_registry,40,accepted_at,timestamp with time zone,YES
msbf_ctl,m1_16_acquisition_contract_registry,41,created_by_run_id,bigint,NO
msbf_ctl,m1_17_end_to_end_evidence_snapshot,1,module1_run_id,bigint,NO
msbf_ctl,m1_17_end_to_end_evidence_snapshot,2,evidence_sequence,integer,NO
msbf_ctl,m1_17_end_to_end_evidence_snapshot,3,evidence_family,text,NO
msbf_ctl,m1_17_end_to_end_evidence_snapshot,4,evidence_code,text,NO
msbf_ctl,m1_17_end_to_end_evidence_snapshot,5,metric_name,text,NO
msbf_ctl,m1_17_end_to_end_evidence_snapshot,6,observed_value_text,text,YES
msbf_ctl,m1_17_end_to_end_evidence_snapshot,7,expected_value_text,text,YES
msbf_ctl,m1_17_end_to_end_evidence_snapshot,8,evidence_status,text,NO
msbf_ctl,m1_17_end_to_end_evidence_snapshot,9,interpretation,text,NO
msbf_ctl,m1_17_end_to_end_evidence_snapshot,10,source_locator,text,NO
msbf_ctl,m1_17_end_to_end_evidence_snapshot,11,row_hash,text,NO
msbf_ctl,m1_17_end_to_end_evidence_snapshot,12,created_at,timestamp with time zone,NO
msbf_ctl,m1_17_g2_bundle_archive,1,g2_bundle_archive_id,bigint,NO
msbf_ctl,m1_17_g2_bundle_archive,2,module1_run_id,bigint,NO
msbf_ctl,m1_17_g2_bundle_archive,3,bundle_code,text,NO
msbf_ctl,m1_17_g2_bundle_archive,4,bundle_version,integer,NO
msbf_ctl,m1_17_g2_bundle_archive,5,schema_version,text,NO
msbf_ctl,m1_17_g2_bundle_archive,6,methodology_version,text,NO
msbf_ctl,m1_17_g2_bundle_archive,7,source_contract_count,integer,NO
msbf_ctl,m1_17_g2_bundle_archive,8,integrated_consumption_rows,bigint,NO
msbf_ctl,m1_17_g2_bundle_archive,9,hash_chain_rows,bigint,NO
msbf_ctl,m1_17_g2_bundle_archive,10,evidence_snapshot_rows,bigint,NO
msbf_ctl,m1_17_g2_bundle_archive,11,hash_chain_set_hash,text,NO
msbf_ctl,m1_17_g2_bundle_archive,12,evidence_set_hash,text,NO
msbf_ctl,m1_17_g2_bundle_archive,13,bundle_payload,jsonb,NO
msbf_ctl,m1_17_g2_bundle_archive,14,source_latest_row_hash,text,NO
msbf_ctl,m1_17_g2_bundle_archive,15,archive_row_hash,text,NO
msbf_ctl,m1_17_g2_bundle_archive,16,archived_at,timestamp with time zone,NO
msbf_ctl,m1_17_g2_bundle_archive,17,created_at,timestamp with time zone,NO
msbf_ctl,m1_17_g2_bundle_latest,1,module1_run_id,bigint,NO
msbf_ctl,m1_17_g2_bundle_latest,2,bundle_code,text,NO
msbf_ctl,m1_17_g2_bundle_latest,3,bundle_version,integer,NO
msbf_ctl,m1_17_g2_bundle_latest,4,schema_version,text,NO
msbf_ctl,m1_17_g2_bundle_latest,5,methodology_version,text,NO
msbf_ctl,m1_17_g2_bundle_latest,6,source_contract_count,integer,NO
msbf_ctl,m1_17_g2_bundle_latest,7,integrated_consumption_rows,bigint,NO
msbf_ctl,m1_17_g2_bundle_latest,8,hash_chain_rows,bigint,NO
msbf_ctl,m1_17_g2_bundle_latest,9,evidence_snapshot_rows,bigint,NO
msbf_ctl,m1_17_g2_bundle_latest,10,hash_chain_set_hash,text,NO
msbf_ctl,m1_17_g2_bundle_latest,11,evidence_set_hash,text,NO
msbf_ctl,m1_17_g2_bundle_latest,12,bundle_payload,jsonb,NO
msbf_ctl,m1_17_g2_bundle_latest,13,contract_row_hash,text,NO
msbf_ctl,m1_17_g2_bundle_latest,14,created_at,timestamp with time zone,NO
msbf_ctl,m1_17_g2_bundle_registry,1,g2_bundle_registry_id,bigint,NO
msbf_ctl,m1_17_g2_bundle_registry,2,module1_run_id,bigint,NO
msbf_ctl,m1_17_g2_bundle_registry,3,bundle_code,text,NO
msbf_ctl,m1_17_g2_bundle_registry,4,bundle_version,integer,NO
msbf_ctl,m1_17_g2_bundle_registry,5,schema_version,text,NO
msbf_ctl,m1_17_g2_bundle_registry,6,methodology_version,text,NO
msbf_ctl,m1_17_g2_bundle_registry,7,source_m1_15_contract_code,text,NO
msbf_ctl,m1_17_g2_bundle_registry,8,source_m1_15_contract_version,integer,NO
msbf_ctl,m1_17_g2_bundle_registry,9,source_m1_15_schema_version,text,NO
msbf_ctl,m1_17_g2_bundle_registry,10,source_m1_15_combined_hash,text,NO
msbf_ctl,m1_17_g2_bundle_registry,11,source_m1_16_contract_code,text,NO
msbf_ctl,m1_17_g2_bundle_registry,12,source_m1_16_contract_version,integer,NO
msbf_ctl,m1_17_g2_bundle_registry,13,source_m1_16_schema_version,text,NO
msbf_ctl,m1_17_g2_bundle_registry,14,source_m1_16_combined_hash,text,NO
msbf_ctl,m1_17_g2_bundle_registry,15,accepted_scenario_set_hash,text,NO
msbf_ctl,m1_17_g2_bundle_registry,16,policy_configuration_hash,text,NO
msbf_ctl,m1_17_g2_bundle_registry,17,predecessor_gate_count,integer,NO
msbf_ctl,m1_17_g2_bundle_registry,18,integrated_consumption_rows,bigint,NO
msbf_ctl,m1_17_g2_bundle_registry,19,hash_chain_rows,bigint,NO
msbf_ctl,m1_17_g2_bundle_registry,20,evidence_snapshot_rows,bigint,NO
msbf_ctl,m1_17_g2_bundle_registry,21,canonical_entities,bigint,NO
msbf_ctl,m1_17_g2_bundle_registry,22,hash_chain_set_hash,text,YES
msbf_ctl,m1_17_g2_bundle_registry,23,evidence_set_hash,text,YES
msbf_ctl,m1_17_g2_bundle_registry,24,bundle_latest_set_hash,text,YES
msbf_ctl,m1_17_g2_bundle_registry,25,bundle_archive_set_hash,text,YES
msbf_ctl,m1_17_g2_bundle_registry,26,contract_set_hash,text,YES
msbf_ctl,m1_17_g2_bundle_registry,27,combined_g2_hash,text,YES
msbf_ctl,m1_17_g2_bundle_registry,28,bundle_status,text,NO
msbf_ctl,m1_17_g2_bundle_registry,29,generated_at,timestamp with time zone,YES
msbf_ctl,m1_17_g2_bundle_registry,30,validated_at,timestamp with time zone,YES
msbf_ctl,m1_17_g2_bundle_registry,31,accepted_at,timestamp with time zone,YES
msbf_ctl,m1_17_g2_bundle_registry,32,row_hash,text,NO
msbf_ctl,m1_17_g2_bundle_registry,33,created_at,timestamp with time zone,NO
msbf_ctl,m1_17_hash_chain_snapshot,1,module1_run_id,bigint,NO
msbf_ctl,m1_17_hash_chain_snapshot,2,stage_sequence,integer,NO
msbf_ctl,m1_17_hash_chain_snapshot,3,stage_code,text,NO
msbf_ctl,m1_17_hash_chain_snapshot,4,artifact_code,text,NO
msbf_ctl,m1_17_hash_chain_snapshot,5,expected_hash,text,NO
msbf_ctl,m1_17_hash_chain_snapshot,6,observed_hash,text,YES
msbf_ctl,m1_17_hash_chain_snapshot,7,source_locator,text,NO
msbf_ctl,m1_17_hash_chain_snapshot,8,verification_status,text,NO
msbf_ctl,m1_17_hash_chain_snapshot,9,row_hash,text,NO
msbf_ctl,m1_17_hash_chain_snapshot,10,created_at,timestamp with time zone,NO
msbf_ctl,m1_17_policy_profile,1,policy_profile_id,bigint,NO
msbf_ctl,m1_17_policy_profile,2,policy_code,text,NO
msbf_ctl,m1_17_policy_profile,3,methodology_version,text,NO
msbf_ctl,m1_17_policy_profile,4,bundle_code,text,NO
msbf_ctl,m1_17_policy_profile,5,bundle_version,integer,NO
msbf_ctl,m1_17_policy_profile,6,schema_version,text,NO
msbf_ctl,m1_17_policy_profile,7,expected_hash_chain_rows,integer,NO
msbf_ctl,m1_17_policy_profile,8,expected_evidence_rows,integer,NO
msbf_ctl,m1_17_policy_profile,9,expected_bundle_latest_rows,integer,NO
msbf_ctl,m1_17_policy_profile,10,expected_bundle_archive_rows,integer,NO
msbf_ctl,m1_17_policy_profile,11,expected_registry_rows,integer,NO
msbf_ctl,m1_17_policy_profile,12,expected_integrated_rows,integer,NO
msbf_ctl,m1_17_policy_profile,13,expected_canonical_entities,integer,NO
msbf_ctl,m1_17_policy_profile,14,expected_positive_controls,integer,NO
msbf_ctl,m1_17_policy_profile,15,expected_negative_controls,integer,NO
msbf_ctl,m1_17_policy_profile,16,expected_detail_result_sets,integer,NO
msbf_ctl,m1_17_policy_profile,17,required_predecessor_gates,integer,NO
msbf_ctl,m1_17_policy_profile,18,synthetic_data_only_flag,boolean,NO
msbf_ctl,m1_17_policy_profile,19,no_new_business_analytics_flag,boolean,NO
msbf_ctl,m1_17_policy_profile,20,no_module2_outputs_flag,boolean,NO
msbf_ctl,m1_17_policy_profile,21,package_static_validation_required,boolean,NO
msbf_ctl,m1_17_policy_profile,22,policy_status,text,NO
msbf_ctl,m1_17_policy_profile,23,configuration_hash,text,NO
msbf_ctl,m1_17_policy_profile,24,created_at,timestamp with time zone,NO
msbf_ctl,m1_17_policy_profile,25,updated_at,timestamp with time zone,NO
msbf_ctl,m2_1_policy_profile,1,policy_code,text,NO
msbf_ctl,m2_1_policy_profile,2,methodology_version,text,NO
msbf_ctl,m2_1_policy_profile,3,contract_code,text,NO
msbf_ctl,m2_1_policy_profile,4,contract_version,integer,NO
msbf_ctl,m2_1_policy_profile,5,schema_version,text,NO
msbf_ctl,m2_1_policy_profile,6,source_g2_bundle_code,text,NO
msbf_ctl,m2_1_policy_profile,7,source_g2_bundle_version,integer,NO
msbf_ctl,m2_1_policy_profile,8,source_g2_schema_version,text,NO
msbf_ctl,m2_1_policy_profile,9,required_source_g2_hash,text,NO
msbf_ctl,m2_1_policy_profile,10,strategy_campaign_code,text,NO
msbf_ctl,m2_1_policy_profile,11,strategy_campaign_version,integer,NO
msbf_ctl,m2_1_policy_profile,12,expected_gate_count,integer,NO
msbf_ctl,m2_1_policy_profile,13,expected_reason_count,integer,NO
msbf_ctl,m2_1_policy_profile,14,expected_outcome_count,integer,NO
msbf_ctl,m2_1_policy_profile,15,expected_input_rows,integer,NO
msbf_ctl,m2_1_policy_profile,16,expected_gate_result_rows,integer,NO
msbf_ctl,m2_1_policy_profile,17,expected_snapshot_rows,integer,NO
msbf_ctl,m2_1_policy_profile,18,expected_latest_rows,integer,NO
msbf_ctl,m2_1_policy_profile,19,expected_archive_rows,integer,NO
msbf_ctl,m2_1_policy_profile,20,expected_comparison_rows,integer,NO
msbf_ctl,m2_1_policy_profile,21,expected_canonical_entities,integer,NO
msbf_ctl,m2_1_policy_profile,22,expected_positive_controls,integer,NO
msbf_ctl,m2_1_policy_profile,23,expected_negative_controls,integer,NO
msbf_ctl,m2_1_policy_profile,24,expected_detail_result_sets,integer,NO
msbf_ctl,m2_1_policy_profile,25,route_rank_order,jsonb,NO
msbf_ctl,m2_1_policy_profile,26,threshold_payload,jsonb,NO
msbf_ctl,m2_1_policy_profile,27,synthetic_data_only_flag,boolean,NO
msbf_ctl,m2_1_policy_profile,28,no_final_offer_terms_flag,boolean,NO
msbf_ctl,m2_1_policy_profile,29,no_production_adverse_action_flag,boolean,NO
msbf_ctl,m2_1_policy_profile,30,acquisition_source_review_only_flag,boolean,NO
msbf_ctl,m2_1_policy_profile,31,policy_status,text,NO
msbf_ctl,m2_1_policy_profile,32,configuration_payload,jsonb,NO
msbf_ctl,m2_1_policy_profile,33,configuration_hash,text,NO
msbf_ctl,m2_1_policy_profile,34,created_at,timestamp with time zone,NO
msbf_ctl,m2_1_policy_profile,35,updated_at,timestamp with time zone,NO
msbf_ctl,m2_1_strategy_contract_registry,1,registry_id,bigint,NO
msbf_ctl,m2_1_strategy_contract_registry,2,module1_run_id,bigint,NO
msbf_ctl,m2_1_strategy_contract_registry,3,contract_code,text,NO
msbf_ctl,m2_1_strategy_contract_registry,4,contract_version,integer,NO
msbf_ctl,m2_1_strategy_contract_registry,5,schema_version,text,NO
msbf_ctl,m2_1_strategy_contract_registry,6,methodology_version,text,NO
msbf_ctl,m2_1_strategy_contract_registry,7,source_g2_bundle_code,text,NO
msbf_ctl,m2_1_strategy_contract_registry,8,source_g2_bundle_version,integer,NO
msbf_ctl,m2_1_strategy_contract_registry,9,source_g2_schema_version,text,NO
msbf_ctl,m2_1_strategy_contract_registry,10,source_g2_combined_hash,text,NO
msbf_ctl,m2_1_strategy_contract_registry,11,policy_configuration_hash,text,NO
msbf_ctl,m2_1_strategy_contract_registry,12,strategy_campaign_rows,bigint,NO
msbf_ctl,m2_1_strategy_contract_registry,13,gate_definition_rows,bigint,NO
msbf_ctl,m2_1_strategy_contract_registry,14,reason_code_rows,bigint,NO
msbf_ctl,m2_1_strategy_contract_registry,15,outcome_definition_rows,bigint,NO
msbf_ctl,m2_1_strategy_contract_registry,16,gate_result_rows,bigint,NO
msbf_ctl,m2_1_strategy_contract_registry,17,routing_snapshot_rows,bigint,NO
msbf_ctl,m2_1_strategy_contract_registry,18,latest_rows,bigint,NO
msbf_ctl,m2_1_strategy_contract_registry,19,archive_rows,bigint,NO
msbf_ctl,m2_1_strategy_contract_registry,20,comparison_rows,bigint,NO
msbf_ctl,m2_1_strategy_contract_registry,21,canonical_entities,bigint,NO
msbf_ctl,m2_1_strategy_contract_registry,22,campaign_set_hash,text,YES
msbf_ctl,m2_1_strategy_contract_registry,23,gate_definition_set_hash,text,YES
msbf_ctl,m2_1_strategy_contract_registry,24,reason_code_set_hash,text,YES
msbf_ctl,m2_1_strategy_contract_registry,25,outcome_definition_set_hash,text,YES
msbf_ctl,m2_1_strategy_contract_registry,26,gate_result_set_hash,text,YES
msbf_ctl,m2_1_strategy_contract_registry,27,routing_snapshot_set_hash,text,YES
msbf_ctl,m2_1_strategy_contract_registry,28,latest_set_hash,text,YES
msbf_ctl,m2_1_strategy_contract_registry,29,archive_set_hash,text,YES
msbf_ctl,m2_1_strategy_contract_registry,30,contract_set_hash,text,YES
msbf_ctl,m2_1_strategy_contract_registry,31,combined_set_hash,text,YES
msbf_ctl,m2_1_strategy_contract_registry,32,contract_status,text,NO
msbf_ctl,m2_1_strategy_contract_registry,33,generated_at,timestamp with time zone,YES
msbf_ctl,m2_1_strategy_contract_registry,34,validated_at,timestamp with time zone,YES
msbf_ctl,m2_1_strategy_contract_registry,35,accepted_at,timestamp with time zone,YES
msbf_ctl,m2_1_strategy_contract_registry,36,row_hash,text,NO
msbf_ctl,m2_1_strategy_contract_registry,37,created_at,timestamp with time zone,NO
msbf_ctl,operating_model_profile,1,operating_model_profile_id,bigint,NO
msbf_ctl,operating_model_profile,2,profile_code,text,NO
msbf_ctl,operating_model_profile,3,profile_version,integer,NO
msbf_ctl,operating_model_profile,4,business_name,text,NO
msbf_ctl,operating_model_profile,5,effective_start_date,date,NO
msbf_ctl,operating_model_profile,6,effective_end_date,date,YES
msbf_ctl,operating_model_profile,7,status,text,NO
msbf_ctl,operating_model_profile,8,owner_role,text,NO
msbf_ctl,operating_model_profile,9,approver_role,text,YES
msbf_ctl,operating_model_profile,10,approval_timestamp,timestamp with time zone,YES
msbf_ctl,operating_model_profile,11,last_review_date,date,YES
msbf_ctl,operating_model_profile,12,next_review_date,date,YES
msbf_ctl,operating_model_profile,13,change_reason,text,YES
msbf_ctl,operating_model_profile,14,created_at,timestamp with time zone,NO
msbf_ctl,operating_model_profile,15,created_by,text,NO
msbf_ctl,operating_model_profile,16,provider_entity_type,text,NO
msbf_ctl,operating_model_profile,17,bank_partner_model,text,NO
msbf_ctl,operating_model_profile,18,processor_control_model,text,NO
msbf_ctl,operating_model_profile,19,broker_model,text,NO
msbf_ctl,operating_model_profile,20,servicing_model,text,NO
msbf_ctl,operating_model_profile,21,funding_model,text,NO
msbf_ctl,operating_model_profile,22,collections_model,text,NO
msbf_ctl,operating_model_profile,23,supersedes_profile_id,bigint,YES
msbf_ctl,operating_model_profile,24,profile_payload,jsonb,NO
msbf_ctl,payment_data_scope_profile,1,payment_data_scope_profile_id,bigint,NO
msbf_ctl,payment_data_scope_profile,2,profile_code,text,NO
msbf_ctl,payment_data_scope_profile,3,profile_version,integer,NO
msbf_ctl,payment_data_scope_profile,4,business_name,text,NO
msbf_ctl,payment_data_scope_profile,5,effective_start_date,date,NO
msbf_ctl,payment_data_scope_profile,6,effective_end_date,date,YES
msbf_ctl,payment_data_scope_profile,7,status,text,NO
msbf_ctl,payment_data_scope_profile,8,owner_role,text,NO
msbf_ctl,payment_data_scope_profile,9,approver_role,text,YES
msbf_ctl,payment_data_scope_profile,10,approval_timestamp,timestamp with time zone,YES
msbf_ctl,payment_data_scope_profile,11,last_review_date,date,YES
msbf_ctl,payment_data_scope_profile,12,next_review_date,date,YES
msbf_ctl,payment_data_scope_profile,13,change_reason,text,YES
msbf_ctl,payment_data_scope_profile,14,created_at,timestamp with time zone,NO
msbf_ctl,payment_data_scope_profile,15,created_by,text,NO
msbf_ctl,payment_data_scope_profile,16,stores_payment_account_data_flag,boolean,NO
msbf_ctl,payment_data_scope_profile,17,processes_payment_account_data_flag,boolean,NO
msbf_ctl,payment_data_scope_profile,18,transmits_payment_account_data_flag,boolean,NO
msbf_ctl,payment_data_scope_profile,19,can_affect_security_flag,boolean,NO
msbf_ctl,payment_data_scope_profile,20,scope_status,text,NO
msbf_ctl,payment_data_scope_profile,21,profile_payload,jsonb,NO
msbf_ctl,policy_profile,1,policy_profile_id,bigint,NO
msbf_ctl,policy_profile,2,profile_code,text,NO
msbf_ctl,policy_profile,3,profile_version,integer,NO
msbf_ctl,policy_profile,4,business_name,text,NO
msbf_ctl,policy_profile,5,effective_start_date,date,NO
msbf_ctl,policy_profile,6,effective_end_date,date,YES
msbf_ctl,policy_profile,7,status,text,NO
msbf_ctl,policy_profile,8,owner_role,text,NO
msbf_ctl,policy_profile,9,approver_role,text,YES
msbf_ctl,policy_profile,10,approval_timestamp,timestamp with time zone,YES
msbf_ctl,policy_profile,11,last_review_date,date,YES
msbf_ctl,policy_profile,12,next_review_date,date,YES
msbf_ctl,policy_profile,13,change_reason,text,YES
msbf_ctl,policy_profile,14,created_at,timestamp with time zone,NO
msbf_ctl,policy_profile,15,created_by,text,NO
msbf_ctl,policy_profile,16,policy_domain,text,NO
msbf_ctl,policy_profile,17,product_structure_profile_id,bigint,YES
msbf_ctl,policy_profile,18,operating_model_profile_id,bigint,YES
msbf_ctl,policy_profile,19,parameter_set_id,bigint,NO
msbf_ctl,policy_profile,20,profile_payload,jsonb,NO
msbf_ctl,product_legal_structure_profile,1,product_structure_profile_id,bigint,NO
msbf_ctl,product_legal_structure_profile,2,profile_code,text,NO
msbf_ctl,product_legal_structure_profile,3,profile_version,integer,NO
msbf_ctl,product_legal_structure_profile,4,business_name,text,NO
msbf_ctl,product_legal_structure_profile,5,effective_start_date,date,NO
msbf_ctl,product_legal_structure_profile,6,effective_end_date,date,YES
msbf_ctl,product_legal_structure_profile,7,status,text,NO
msbf_ctl,product_legal_structure_profile,8,owner_role,text,NO
msbf_ctl,product_legal_structure_profile,9,approver_role,text,YES
msbf_ctl,product_legal_structure_profile,10,approval_timestamp,timestamp with time zone,YES
msbf_ctl,product_legal_structure_profile,11,last_review_date,date,YES
msbf_ctl,product_legal_structure_profile,12,next_review_date,date,YES
msbf_ctl,product_legal_structure_profile,13,change_reason,text,YES
msbf_ctl,product_legal_structure_profile,14,created_at,timestamp with time zone,NO
msbf_ctl,product_legal_structure_profile,15,created_by,text,NO
msbf_ctl,product_legal_structure_profile,16,legal_structure_code,text,NO
msbf_ctl,product_legal_structure_profile,17,economic_mechanics_code,text,NO
msbf_ctl,product_legal_structure_profile,18,repayment_contingency_code,text,NO
msbf_ctl,product_legal_structure_profile,19,reconciliation_supported_flag,boolean,NO
msbf_ctl,product_legal_structure_profile,20,absolute_repayment_obligation_flag,boolean,YES
msbf_ctl,product_legal_structure_profile,21,source_reference_id,bigint,YES
msbf_ctl,product_legal_structure_profile,22,supersedes_profile_id,bigint,YES
msbf_ctl,product_legal_structure_profile,23,profile_payload,jsonb,NO
msbf_ctl,profile_resolution_error,1,resolution_error_id,bigint,NO
msbf_ctl,profile_resolution_error,2,run_id,bigint,YES
msbf_ctl,profile_resolution_error,3,profile_domain,text,NO
msbf_ctl,profile_resolution_error,4,scope_key,text,NO
msbf_ctl,profile_resolution_error,5,error_code,text,NO
msbf_ctl,profile_resolution_error,6,severity,text,NO
msbf_ctl,profile_resolution_error,7,error_message,text,NO
msbf_ctl,profile_resolution_error,8,created_at,timestamp with time zone,NO
msbf_ctl,reason_code_catalog,1,reason_code,text,NO
msbf_ctl,reason_code_catalog,2,reason_version,integer,NO
msbf_ctl,reason_code_catalog,3,reason_name,text,NO
msbf_ctl,reason_code_catalog,4,reason_domain,text,NO
msbf_ctl,reason_code_catalog,5,severity_rank,smallint,NO
msbf_ctl,reason_code_catalog,6,customer_communication_flag,boolean,NO
msbf_ctl,reason_code_catalog,7,effective_start_date,date,NO
msbf_ctl,reason_code_catalog,8,effective_end_date,date,YES
msbf_ctl,reason_code_catalog,9,status,text,NO
msbf_ctl,reason_code_catalog,10,policy_profile_id,bigint,YES
msbf_ctl,reason_code_catalog,11,explanation_template,text,NO
msbf_ctl,record_retention_profile,1,record_retention_profile_id,bigint,NO
msbf_ctl,record_retention_profile,2,profile_code,text,NO
msbf_ctl,record_retention_profile,3,profile_version,integer,NO
msbf_ctl,record_retention_profile,4,business_name,text,NO
msbf_ctl,record_retention_profile,5,effective_start_date,date,NO
msbf_ctl,record_retention_profile,6,effective_end_date,date,YES
msbf_ctl,record_retention_profile,7,status,text,NO
msbf_ctl,record_retention_profile,8,owner_role,text,NO
msbf_ctl,record_retention_profile,9,approver_role,text,YES
msbf_ctl,record_retention_profile,10,approval_timestamp,timestamp with time zone,YES
msbf_ctl,record_retention_profile,11,last_review_date,date,YES
msbf_ctl,record_retention_profile,12,next_review_date,date,YES
msbf_ctl,record_retention_profile,13,change_reason,text,YES
msbf_ctl,record_retention_profile,14,created_at,timestamp with time zone,NO
msbf_ctl,record_retention_profile,15,created_by,text,NO
msbf_ctl,record_retention_profile,16,record_domain,text,NO
msbf_ctl,record_retention_profile,17,retention_period_months,integer,NO
msbf_ctl,record_retention_profile,18,legal_hold_supported_flag,boolean,NO
msbf_ctl,record_retention_profile,19,profile_payload,jsonb,NO
msbf_ctl,run_parameter_snapshot,1,run_id,bigint,NO
msbf_ctl,run_parameter_snapshot,2,parameter_name,text,NO
msbf_ctl,run_parameter_snapshot,3,scope_key,text,NO
msbf_ctl,run_parameter_snapshot,4,resolved_value,jsonb,NO
msbf_ctl,run_parameter_snapshot,5,resolution_rank,smallint,NO
msbf_ctl,run_parameter_snapshot,6,source_parameter_value_id,bigint,YES
msbf_ctl,run_parameter_snapshot,7,snapshot_hash,text,NO
msbf_ctl,run_profile_snapshot,1,run_id,bigint,NO
msbf_ctl,run_profile_snapshot,2,profile_domain,text,NO
msbf_ctl,run_profile_snapshot,3,profile_code,text,NO
msbf_ctl,run_profile_snapshot,4,profile_version,integer,NO
msbf_ctl,run_profile_snapshot,5,resolved_profile_id,bigint,NO
msbf_ctl,run_profile_snapshot,6,profile_hash,text,NO
msbf_ctl,run_profile_snapshot,7,snapshot_payload,jsonb,NO
msbf_ctl,run_profile_snapshot,8,created_at,timestamp with time zone,NO
msbf_ctl,run_registry,1,run_id,bigint,NO
msbf_ctl,run_registry,2,run_code,text,NO
msbf_ctl,run_registry,3,run_version,integer,NO
msbf_ctl,run_registry,4,module_code,text,NO
msbf_ctl,run_registry,5,run_type,text,NO
msbf_ctl,run_registry,6,population_id,text,YES
msbf_ctl,run_registry,7,scenario_id,bigint,YES
msbf_ctl,run_registry,8,parameter_set_id,bigint,NO
msbf_ctl,run_registry,9,policy_profile_id,bigint,YES
msbf_ctl,run_registry,10,strategy_profile_id,bigint,YES
msbf_ctl,run_registry,11,product_structure_profile_id,bigint,YES
msbf_ctl,run_registry,12,operating_model_profile_id,bigint,YES
msbf_ctl,run_registry,13,jurisdiction_profile_id,bigint,YES
msbf_ctl,run_registry,14,contract_id,bigint,YES
msbf_ctl,run_registry,15,as_of_date,date,NO
msbf_ctl,run_registry,16,run_status,text,NO
msbf_ctl,run_registry,17,started_at,timestamp with time zone,YES
msbf_ctl,run_registry,18,completed_at,timestamp with time zone,YES
msbf_ctl,run_registry,19,row_count,bigint,YES
msbf_ctl,run_registry,20,parameter_snapshot_hash,text,YES
msbf_ctl,run_registry,21,profile_snapshot_hash,text,YES
msbf_ctl,run_registry,22,source_snapshot_hash,text,YES
msbf_ctl,run_registry,23,code_version,text,NO
msbf_ctl,run_registry,24,notes,text,YES
msbf_ctl,run_registry,25,created_at,timestamp with time zone,NO
msbf_ctl,run_source_snapshot,1,run_id,bigint,NO
msbf_ctl,run_source_snapshot,2,source_code,text,NO
msbf_ctl,run_source_snapshot,3,source_contract_id,bigint,NO
msbf_ctl,run_source_snapshot,4,source_cutoff_timestamp,timestamp with time zone,NO
msbf_ctl,run_source_snapshot,5,source_row_count,bigint,YES
msbf_ctl,run_source_snapshot,6,source_hash,text,YES
msbf_ctl,run_source_snapshot,7,quality_status,text,NO
msbf_ctl,run_source_snapshot,8,created_at,timestamp with time zone,NO
msbf_ctl,scenario_registry,1,scenario_id,bigint,NO
msbf_ctl,scenario_registry,2,scenario_set_id,bigint,NO
msbf_ctl,scenario_registry,3,scenario_code,text,NO
msbf_ctl,scenario_registry,4,scenario_version,integer,NO
msbf_ctl,scenario_registry,5,scenario_name,text,NO
msbf_ctl,scenario_registry,6,scenario_type,text,NO
msbf_ctl,scenario_registry,7,effective_start_date,date,NO
msbf_ctl,scenario_registry,8,effective_end_date,date,YES
msbf_ctl,scenario_registry,9,status,text,NO
msbf_ctl,scenario_registry,10,owner_role,text,NO
msbf_ctl,scenario_registry,11,parameter_set_id,bigint,NO
msbf_ctl,scenario_registry,12,assumption_payload,jsonb,NO
msbf_ctl,scenario_registry,13,interpretation_boundary,text,NO
msbf_ctl,strategy_profile,1,strategy_profile_id,bigint,NO
msbf_ctl,strategy_profile,2,profile_code,text,NO
msbf_ctl,strategy_profile,3,profile_version,integer,NO
msbf_ctl,strategy_profile,4,business_name,text,NO
msbf_ctl,strategy_profile,5,effective_start_date,date,NO
msbf_ctl,strategy_profile,6,effective_end_date,date,YES
msbf_ctl,strategy_profile,7,status,text,NO
msbf_ctl,strategy_profile,8,owner_role,text,NO
msbf_ctl,strategy_profile,9,approver_role,text,YES
msbf_ctl,strategy_profile,10,approval_timestamp,timestamp with time zone,YES
msbf_ctl,strategy_profile,11,last_review_date,date,YES
msbf_ctl,strategy_profile,12,next_review_date,date,YES
msbf_ctl,strategy_profile,13,change_reason,text,YES
msbf_ctl,strategy_profile,14,created_at,timestamp with time zone,NO
msbf_ctl,strategy_profile,15,created_by,text,NO
msbf_ctl,strategy_profile,16,strategy_domain,text,NO
msbf_ctl,strategy_profile,17,policy_profile_id,bigint,NO
msbf_ctl,strategy_profile,18,objective_code,text,NO
msbf_ctl,strategy_profile,19,strategy_payload,jsonb,NO
msbf_ctl,third_party_relationship_profile,1,third_party_relationship_profile_id,bigint,NO
msbf_ctl,third_party_relationship_profile,2,profile_code,text,NO
msbf_ctl,third_party_relationship_profile,3,profile_version,integer,NO
msbf_ctl,third_party_relationship_profile,4,business_name,text,NO
msbf_ctl,third_party_relationship_profile,5,effective_start_date,date,NO
msbf_ctl,third_party_relationship_profile,6,effective_end_date,date,YES
msbf_ctl,third_party_relationship_profile,7,status,text,NO
msbf_ctl,third_party_relationship_profile,8,owner_role,text,NO
msbf_ctl,third_party_relationship_profile,9,approver_role,text,YES
msbf_ctl,third_party_relationship_profile,10,approval_timestamp,timestamp with time zone,YES
msbf_ctl,third_party_relationship_profile,11,last_review_date,date,YES
msbf_ctl,third_party_relationship_profile,12,next_review_date,date,YES
msbf_ctl,third_party_relationship_profile,13,change_reason,text,YES
msbf_ctl,third_party_relationship_profile,14,created_at,timestamp with time zone,NO
msbf_ctl,third_party_relationship_profile,15,created_by,text,NO
msbf_ctl,third_party_relationship_profile,16,operating_model_profile_id,bigint,NO
msbf_ctl,third_party_relationship_profile,17,provider_code,text,NO
msbf_ctl,third_party_relationship_profile,18,service_code,text,NO
msbf_ctl,third_party_relationship_profile,19,accountable_owner_role,text,NO
msbf_ctl,third_party_relationship_profile,20,due_diligence_status,text,NO
msbf_ctl,third_party_relationship_profile,21,monitoring_status,text,NO
msbf_ctl,third_party_relationship_profile,22,continuity_plan_status,text,NO
msbf_ctl,third_party_relationship_profile,23,exit_plan_status,text,NO
msbf_ctl,third_party_relationship_profile,24,incident_status,text,NO
msbf_ctl,third_party_relationship_profile,25,subcontractor_flag,boolean,NO
msbf_ctl,third_party_relationship_profile,26,profile_payload,jsonb,NO
msbf_ctl,v_m2_1_strategy_lineage,1,module1_run_id,bigint,YES
msbf_ctl,v_m2_1_strategy_lineage,2,contract_code,text,YES
msbf_ctl,v_m2_1_strategy_lineage,3,contract_version,integer,YES
msbf_ctl,v_m2_1_strategy_lineage,4,schema_version,text,YES
msbf_ctl,v_m2_1_strategy_lineage,5,methodology_version,text,YES
msbf_ctl,v_m2_1_strategy_lineage,6,source_g2_bundle_code,text,YES
msbf_ctl,v_m2_1_strategy_lineage,7,source_g2_bundle_version,integer,YES
msbf_ctl,v_m2_1_strategy_lineage,8,source_g2_schema_version,text,YES
msbf_ctl,v_m2_1_strategy_lineage,9,source_g2_combined_hash,text,YES
msbf_ctl,v_m2_1_strategy_lineage,10,policy_configuration_hash,text,YES
msbf_ctl,v_m2_1_strategy_lineage,11,strategy_campaign_rows,bigint,YES
msbf_ctl,v_m2_1_strategy_lineage,12,gate_definition_rows,bigint,YES
msbf_ctl,v_m2_1_strategy_lineage,13,reason_code_rows,bigint,YES
msbf_ctl,v_m2_1_strategy_lineage,14,outcome_definition_rows,bigint,YES
msbf_ctl,v_m2_1_strategy_lineage,15,gate_result_rows,bigint,YES
msbf_ctl,v_m2_1_strategy_lineage,16,routing_snapshot_rows,bigint,YES
msbf_ctl,v_m2_1_strategy_lineage,17,latest_rows,bigint,YES
msbf_ctl,v_m2_1_strategy_lineage,18,archive_rows,bigint,YES
msbf_ctl,v_m2_1_strategy_lineage,19,comparison_rows,bigint,YES
msbf_ctl,v_m2_1_strategy_lineage,20,canonical_entities,bigint,YES
msbf_ctl,v_m2_1_strategy_lineage,21,campaign_set_hash,text,YES
msbf_ctl,v_m2_1_strategy_lineage,22,gate_definition_set_hash,text,YES
msbf_ctl,v_m2_1_strategy_lineage,23,reason_code_set_hash,text,YES
msbf_ctl,v_m2_1_strategy_lineage,24,outcome_definition_set_hash,text,YES
msbf_ctl,v_m2_1_strategy_lineage,25,gate_result_set_hash,text,YES
msbf_ctl,v_m2_1_strategy_lineage,26,routing_snapshot_set_hash,text,YES
msbf_ctl,v_m2_1_strategy_lineage,27,latest_set_hash,text,YES
msbf_ctl,v_m2_1_strategy_lineage,28,archive_set_hash,text,YES
msbf_ctl,v_m2_1_strategy_lineage,29,contract_set_hash,text,YES
msbf_ctl,v_m2_1_strategy_lineage,30,combined_set_hash,text,YES
msbf_ctl,v_m2_1_strategy_lineage,31,contract_status,text,YES
msbf_ctl,v_m2_1_strategy_lineage,32,generated_at,timestamp with time zone,YES
msbf_ctl,v_m2_1_strategy_lineage,33,validated_at,timestamp with time zone,YES
msbf_ctl,v_m2_1_strategy_lineage,34,accepted_at,timestamp with time zone,YES
msbf_ctl,v_m2_1_strategy_lineage,35,row_hash,text,YES
msbf_m1,acquisition_campaign_funnel_stage,1,module1_run_id,bigint,NO
msbf_m1,acquisition_campaign_funnel_stage,2,acquisition_campaign_id,text,NO
msbf_m1,acquisition_campaign_funnel_stage,3,stage_code,text,NO
msbf_m1,acquisition_campaign_funnel_stage,4,stage_order,smallint,NO
msbf_m1,acquisition_campaign_funnel_stage,5,period_start_date,date,NO
msbf_m1,acquisition_campaign_funnel_stage,6,period_end_date,date,NO
msbf_m1,acquisition_campaign_funnel_stage,7,stage_count,bigint,NO
msbf_m1,acquisition_campaign_funnel_stage,8,applicability_status,text,NO
msbf_m1,acquisition_campaign_funnel_stage,9,conversion_rate_from_prior,numeric,YES
msbf_m1,acquisition_campaign_funnel_stage,10,evidence_basis_code,text,NO
msbf_m1,acquisition_campaign_funnel_stage,11,evidence_status,text,NO
msbf_m1,acquisition_campaign_funnel_stage,12,row_hash,text,NO
msbf_m1,acquisition_campaign_funnel_stage,13,created_by_run_id,bigint,NO
msbf_m1,acquisition_campaign_funnel_stage,14,created_at,timestamp with time zone,NO
msbf_m1,acquisition_marketing_campaign,1,module1_run_id,bigint,NO
msbf_m1,acquisition_marketing_campaign,2,acquisition_campaign_id,text,NO
msbf_m1,acquisition_marketing_campaign,3,acquisition_source_code,text,NO
msbf_m1,acquisition_marketing_campaign,4,accepted_partner_channel_id,text,NO
msbf_m1,acquisition_marketing_campaign,5,campaign_family_code,text,NO
msbf_m1,acquisition_marketing_campaign,6,campaign_type,text,NO
msbf_m1,acquisition_marketing_campaign,7,campaign_name_synthetic,text,NO
msbf_m1,acquisition_marketing_campaign,8,effective_start_date,date,NO
msbf_m1,acquisition_marketing_campaign,9,effective_end_date,date,NO
msbf_m1,acquisition_marketing_campaign,10,campaign_status,text,NO
msbf_m1,acquisition_marketing_campaign,11,approval_status,text,NO
msbf_m1,acquisition_marketing_campaign,12,audience_segment_code,text,NO
msbf_m1,acquisition_marketing_campaign,13,budget_amount,numeric,NO
msbf_m1,acquisition_marketing_campaign,14,spend_amount,numeric,NO
msbf_m1,acquisition_marketing_campaign,15,owner_classification,text,NO
msbf_m1,acquisition_marketing_campaign,16,vendor_partner_code,text,NO
msbf_m1,acquisition_marketing_campaign,17,always_on_flag,boolean,NO
msbf_m1,acquisition_marketing_campaign,18,campaign_evidence_status,text,NO
msbf_m1,acquisition_marketing_campaign,19,row_hash,text,NO
msbf_m1,acquisition_marketing_campaign,20,created_by_run_id,bigint,NO
msbf_m1,acquisition_marketing_campaign,21,created_at,timestamp with time zone,NO
msbf_m1,acquisition_source_profile,1,module1_run_id,bigint,NO
msbf_m1,acquisition_source_profile,2,acquisition_source_code,text,NO
msbf_m1,acquisition_source_profile,3,acquisition_source_name,text,NO
msbf_m1,acquisition_source_profile,4,normalized_source_family,text,NO
msbf_m1,acquisition_source_profile,5,source_subtype,text,NO
msbf_m1,acquisition_source_profile,6,source_classification,text,NO
msbf_m1,acquisition_source_profile,7,accepted_partner_channel_id,text,NO
msbf_m1,acquisition_source_profile,8,accepted_channel_type,text,NO
msbf_m1,acquisition_source_profile,9,source_owner_classification,text,NO
msbf_m1,acquisition_source_profile,10,vendor_partner_code,text,NO
msbf_m1,acquisition_source_profile,11,third_party_flag,boolean,NO
msbf_m1,acquisition_source_profile,12,approved_source_flag,boolean,NO
msbf_m1,acquisition_source_profile,13,governance_status,text,NO
msbf_m1,acquisition_source_profile,14,permitted_attribution_roles,ARRAY,NO
msbf_m1,acquisition_source_profile,15,permitted_cost_basis_codes,ARRAY,NO
msbf_m1,acquisition_source_profile,16,permitted_cost_timing_codes,ARRAY,NO
msbf_m1,acquisition_source_profile,17,default_attribution_priority,smallint,NO
msbf_m1,acquisition_source_profile,18,effective_start_date,date,NO
msbf_m1,acquisition_source_profile,19,effective_end_date,date,YES
msbf_m1,acquisition_source_profile,20,source_evidence_status,text,NO
msbf_m1,acquisition_source_profile,21,configuration_payload,jsonb,NO
msbf_m1,acquisition_source_profile,22,row_hash,text,NO
msbf_m1,acquisition_source_profile,23,created_by_run_id,bigint,NO
msbf_m1,acquisition_source_profile,24,created_at,timestamp with time zone,NO
msbf_m1,application_acquisition_attribution_snapshot,1,module1_run_id,bigint,NO
msbf_m1,application_acquisition_attribution_snapshot,2,merchant_application_id,text,NO
msbf_m1,application_acquisition_attribution_snapshot,3,population_id,text,NO
msbf_m1,application_acquisition_attribution_snapshot,4,merchant_id,text,NO
msbf_m1,application_acquisition_attribution_snapshot,5,application_date,date,NO
msbf_m1,application_acquisition_attribution_snapshot,6,as_of_date,date,NO
msbf_m1,application_acquisition_attribution_snapshot,7,accepted_partner_channel_id,text,NO
msbf_m1,application_acquisition_attribution_snapshot,8,accepted_channel_type,text,NO
msbf_m1,application_acquisition_attribution_snapshot,9,accepted_application_channel,text,NO
msbf_m1,application_acquisition_attribution_snapshot,10,first_touch_source_code,text,NO
msbf_m1,application_acquisition_attribution_snapshot,11,first_touch_campaign_id,text,NO
msbf_m1,application_acquisition_attribution_snapshot,12,last_touch_source_code,text,NO
msbf_m1,application_acquisition_attribution_snapshot,13,last_touch_campaign_id,text,NO
msbf_m1,application_acquisition_attribution_snapshot,14,primary_source_code,text,NO
msbf_m1,application_acquisition_attribution_snapshot,15,primary_campaign_id,text,NO
msbf_m1,application_acquisition_attribution_snapshot,16,touchpoint_count,smallint,NO
msbf_m1,application_acquisition_attribution_snapshot,17,assisted_touch_count,smallint,NO
msbf_m1,application_acquisition_attribution_snapshot,18,attribution_method_code,text,NO
msbf_m1,application_acquisition_attribution_snapshot,19,attribution_method_version,integer,NO
msbf_m1,application_acquisition_attribution_snapshot,20,attribution_confidence_score,numeric,NO
msbf_m1,application_acquisition_attribution_snapshot,21,attribution_confidence_tier,text,NO
msbf_m1,application_acquisition_attribution_snapshot,22,parent_channel_reconciliation_status,text,NO
msbf_m1,application_acquisition_attribution_snapshot,23,fallback_path_code,text,NO
msbf_m1,application_acquisition_attribution_snapshot,24,primary_attribution_reason_code,text,NO
msbf_m1,application_acquisition_attribution_snapshot,25,secondary_attribution_reason_codes,ARRAY,NO
msbf_m1,application_acquisition_attribution_snapshot,26,attribution_evidence_status,text,NO
msbf_m1,application_acquisition_attribution_snapshot,27,application_request_hash,text,NO
msbf_m1,application_acquisition_attribution_snapshot,28,m1_15_baseline_contract_row_hash,text,NO
msbf_m1,application_acquisition_attribution_snapshot,29,m1_15_stress_contract_row_hash,text,NO
msbf_m1,application_acquisition_attribution_snapshot,30,row_hash,text,NO
msbf_m1,application_acquisition_attribution_snapshot,31,created_by_run_id,bigint,NO
msbf_m1,application_acquisition_attribution_snapshot,32,created_at,timestamp with time zone,NO
msbf_m1,application_acquisition_contract_archive,1,archive_id,bigint,NO
msbf_m1,application_acquisition_contract_archive,2,module1_run_id,bigint,NO
msbf_m1,application_acquisition_contract_archive,3,merchant_application_id,text,NO
msbf_m1,application_acquisition_contract_archive,4,contract_code,text,NO
msbf_m1,application_acquisition_contract_archive,5,contract_version,integer,NO
msbf_m1,application_acquisition_contract_archive,6,schema_version,text,NO
msbf_m1,application_acquisition_contract_archive,7,contract_row_hash,text,NO
msbf_m1,application_acquisition_contract_archive,8,contract_payload,jsonb,NO
msbf_m1,application_acquisition_contract_archive,9,archived_by_run_id,bigint,NO
msbf_m1,application_acquisition_contract_archive,10,archived_at,timestamp with time zone,NO
msbf_m1,application_acquisition_contract_latest,1,module1_run_id,bigint,NO
msbf_m1,application_acquisition_contract_latest,2,merchant_application_id,text,NO
msbf_m1,application_acquisition_contract_latest,3,population_id,text,NO
msbf_m1,application_acquisition_contract_latest,4,merchant_id,text,NO
msbf_m1,application_acquisition_contract_latest,5,as_of_date,date,NO
msbf_m1,application_acquisition_contract_latest,6,accepted_partner_channel_id,text,NO
msbf_m1,application_acquisition_contract_latest,7,accepted_channel_type,text,NO
msbf_m1,application_acquisition_contract_latest,8,accepted_application_channel,text,NO
msbf_m1,application_acquisition_contract_latest,9,primary_source_code,text,NO
msbf_m1,application_acquisition_contract_latest,10,primary_campaign_id,text,NO
msbf_m1,application_acquisition_contract_latest,11,attribution_method_code,text,NO
msbf_m1,application_acquisition_contract_latest,12,attribution_method_version,integer,NO
msbf_m1,application_acquisition_contract_latest,13,attribution_confidence_score,numeric,NO
msbf_m1,application_acquisition_contract_latest,14,attribution_confidence_tier,text,NO
msbf_m1,application_acquisition_contract_latest,15,touchpoint_count,smallint,NO
msbf_m1,application_acquisition_contract_latest,16,assisted_touch_count,smallint,NO
msbf_m1,application_acquisition_contract_latest,17,attribution_evidence_status,text,NO
msbf_m1,application_acquisition_contract_latest,18,direct_attributable_incurred_cost_amount,numeric,NO
msbf_m1,application_acquisition_contract_latest,19,internally_allocated_acquisition_cost_amount,numeric,NO
msbf_m1,application_acquisition_contract_latest,20,total_incurred_pre_application_cost_amount,numeric,NO
msbf_m1,application_acquisition_contract_latest,21,detailed_conditional_partner_broker_cost_amount,numeric,NO
msbf_m1,application_acquisition_contract_latest,22,detailed_total_acquisition_cost_if_booked,numeric,NO
msbf_m1,application_acquisition_contract_latest,23,accepted_m1_14_acquisition_cost_rate,numeric,NO
msbf_m1,application_acquisition_contract_latest,24,accepted_m1_14_acquisition_cost_amount,numeric,NO
msbf_m1,application_acquisition_contract_latest,25,legacy_m1_14_cost_scope_code,text,NO
msbf_m1,application_acquisition_contract_latest,26,identified_legacy_overlap_amount,numeric,YES
msbf_m1,application_acquisition_contract_latest,27,unmapped_legacy_proxy_amount,numeric,YES
msbf_m1,application_acquisition_contract_latest,28,incremental_acquisition_cost_beyond_m1_14,numeric,YES
msbf_m1,application_acquisition_contract_latest,29,enhanced_total_acquisition_cost_if_booked,numeric,YES
msbf_m1,application_acquisition_contract_latest,30,cost_evidence_status,text,NO
msbf_m1,application_acquisition_contract_latest,31,overlap_evidence_status,text,NO
msbf_m1,application_acquisition_contract_latest,32,acquisition_contract_evidence_status,text,NO
msbf_m1,application_acquisition_contract_latest,33,fallback_path_code,text,NO
msbf_m1,application_acquisition_contract_latest,34,primary_reason_code,text,NO
msbf_m1,application_acquisition_contract_latest,35,secondary_reason_codes,ARRAY,NO
msbf_m1,application_acquisition_contract_latest,36,attribution_snapshot_hash,text,NO
msbf_m1,application_acquisition_contract_latest,37,cost_snapshot_hash,text,NO
msbf_m1,application_acquisition_contract_latest,38,m1_14_baseline_row_hash,text,NO
msbf_m1,application_acquisition_contract_latest,39,m1_14_stress_row_hash,text,NO
msbf_m1,application_acquisition_contract_latest,40,m1_15_baseline_contract_row_hash,text,NO
msbf_m1,application_acquisition_contract_latest,41,m1_15_stress_contract_row_hash,text,NO
msbf_m1,application_acquisition_contract_latest,42,source_payload,jsonb,NO
msbf_m1,application_acquisition_contract_latest,43,lineage_payload,jsonb,NO
msbf_m1,application_acquisition_contract_latest,44,contract_code,text,NO
msbf_m1,application_acquisition_contract_latest,45,contract_version,integer,NO
msbf_m1,application_acquisition_contract_latest,46,schema_version,text,NO
msbf_m1,application_acquisition_contract_latest,47,contract_row_hash,text,NO
msbf_m1,application_acquisition_contract_latest,48,created_by_run_id,bigint,NO
msbf_m1,application_acquisition_contract_latest,49,created_at,timestamp with time zone,NO
msbf_m1,application_acquisition_cost_snapshot,1,module1_run_id,bigint,NO
msbf_m1,application_acquisition_cost_snapshot,2,merchant_application_id,text,NO
msbf_m1,application_acquisition_cost_snapshot,3,population_id,text,NO
msbf_m1,application_acquisition_cost_snapshot,4,merchant_id,text,NO
msbf_m1,application_acquisition_cost_snapshot,5,as_of_date,date,NO
msbf_m1,application_acquisition_cost_snapshot,6,accepted_partner_channel_id,text,NO
msbf_m1,application_acquisition_cost_snapshot,7,accepted_channel_type,text,NO
msbf_m1,application_acquisition_cost_snapshot,8,accepted_application_channel,text,NO
msbf_m1,application_acquisition_cost_snapshot,9,primary_source_code,text,NO
msbf_m1,application_acquisition_cost_snapshot,10,primary_campaign_id,text,NO
msbf_m1,application_acquisition_cost_snapshot,11,paid_media_cost_amount,numeric,NO
msbf_m1,application_acquisition_cost_snapshot,12,direct_mail_event_outbound_cost_amount,numeric,NO
msbf_m1,application_acquisition_cost_snapshot,13,purchased_lead_cost_amount,numeric,NO
msbf_m1,application_acquisition_cost_snapshot,14,internal_sales_rm_cost_amount,numeric,NO
msbf_m1,application_acquisition_cost_snapshot,15,agency_creative_tech_cost_amount,numeric,NO
msbf_m1,application_acquisition_cost_snapshot,16,campaign_overhead_cost_amount,numeric,NO
msbf_m1,application_acquisition_cost_snapshot,17,acquisition_incentive_cost_amount,numeric,NO
msbf_m1,application_acquisition_cost_snapshot,18,detailed_conditional_partner_broker_cost_amount,numeric,NO
msbf_m1,application_acquisition_cost_snapshot,19,direct_attributable_incurred_cost_amount,numeric,NO
msbf_m1,application_acquisition_cost_snapshot,20,internally_allocated_acquisition_cost_amount,numeric,NO
msbf_m1,application_acquisition_cost_snapshot,21,total_incurred_pre_application_cost_amount,numeric,NO
msbf_m1,application_acquisition_cost_snapshot,22,detailed_total_acquisition_cost_if_booked,numeric,NO
msbf_m1,application_acquisition_cost_snapshot,23,accepted_m1_14_acquisition_cost_rate,numeric,NO
msbf_m1,application_acquisition_cost_snapshot,24,accepted_m1_14_acquisition_cost_amount,numeric,NO
msbf_m1,application_acquisition_cost_snapshot,25,legacy_m1_14_cost_scope_code,text,NO
msbf_m1,application_acquisition_cost_snapshot,26,mapped_detailed_cost_potentially_represented,numeric,NO
msbf_m1,application_acquisition_cost_snapshot,27,identified_legacy_overlap_amount,numeric,YES
msbf_m1,application_acquisition_cost_snapshot,28,unmapped_legacy_proxy_amount,numeric,YES
msbf_m1,application_acquisition_cost_snapshot,29,incremental_acquisition_cost_beyond_m1_14,numeric,YES
msbf_m1,application_acquisition_cost_snapshot,30,enhanced_total_acquisition_cost_if_booked,numeric,YES
msbf_m1,application_acquisition_cost_snapshot,31,attribution_evidence_status,text,NO
msbf_m1,application_acquisition_cost_snapshot,32,cost_evidence_status,text,NO
msbf_m1,application_acquisition_cost_snapshot,33,overlap_evidence_status,text,NO
msbf_m1,application_acquisition_cost_snapshot,34,acquisition_contract_evidence_status,text,NO
msbf_m1,application_acquisition_cost_snapshot,35,supported_zero_component_count,smallint,NO
msbf_m1,application_acquisition_cost_snapshot,36,fallback_path_code,text,NO
msbf_m1,application_acquisition_cost_snapshot,37,primary_cost_reason_code,text,NO
msbf_m1,application_acquisition_cost_snapshot,38,secondary_cost_reason_codes,ARRAY,NO
msbf_m1,application_acquisition_cost_snapshot,39,attribution_snapshot_hash,text,NO
msbf_m1,application_acquisition_cost_snapshot,40,m1_14_baseline_row_hash,text,NO
msbf_m1,application_acquisition_cost_snapshot,41,m1_14_stress_row_hash,text,NO
msbf_m1,application_acquisition_cost_snapshot,42,m1_14_combined_set_hash,text,NO
msbf_m1,application_acquisition_cost_snapshot,43,m1_15_baseline_contract_row_hash,text,NO
msbf_m1,application_acquisition_cost_snapshot,44,m1_15_stress_contract_row_hash,text,NO
msbf_m1,application_acquisition_cost_snapshot,45,m1_15_combined_set_hash,text,NO
msbf_m1,application_acquisition_cost_snapshot,46,m1_16_policy_configuration_hash,text,NO
msbf_m1,application_acquisition_cost_snapshot,47,row_hash,text,NO
msbf_m1,application_acquisition_cost_snapshot,48,created_by_run_id,bigint,NO
msbf_m1,application_acquisition_cost_snapshot,49,created_at,timestamp with time zone,NO
msbf_m1,application_business_credit_snapshot,1,merchant_application_id,text,NO
msbf_m1,application_business_credit_snapshot,2,as_of_date,date,NO
msbf_m1,application_business_credit_snapshot,3,business_bureau_score,smallint,YES
msbf_m1,application_business_credit_snapshot,4,score_band,text,YES
msbf_m1,application_business_credit_snapshot,5,delinquency_count_12m,smallint,NO
msbf_m1,application_business_credit_snapshot,6,tax_lien_flag,boolean,NO
msbf_m1,application_business_credit_snapshot,7,bankruptcy_flag,boolean,NO
msbf_m1,application_business_credit_snapshot,8,prior_business_default_flag,boolean,NO
msbf_m1,application_business_credit_snapshot,9,ucc_filing_count,smallint,NO
msbf_m1,application_business_credit_snapshot,10,source_snapshot_id,bigint,YES
msbf_m1,application_business_credit_snapshot,11,created_by_run_id,bigint,NO
msbf_m1,application_cashflow_feature_snapshot,1,module1_run_id,bigint,NO
msbf_m1,application_cashflow_feature_snapshot,2,scenario_id,bigint,NO
msbf_m1,application_cashflow_feature_snapshot,3,merchant_application_id,text,NO
msbf_m1,application_cashflow_feature_snapshot,4,population_id,text,NO
msbf_m1,application_cashflow_feature_snapshot,5,merchant_id,text,NO
msbf_m1,application_cashflow_feature_snapshot,6,as_of_date,date,NO
msbf_m1,application_cashflow_feature_snapshot,7,history_start_date,date,NO
msbf_m1,application_cashflow_feature_snapshot,8,history_end_date,date,NO
msbf_m1,application_cashflow_feature_snapshot,9,pos_source_snapshot_id,bigint,NO
msbf_m1,application_cashflow_feature_snapshot,10,deposit_source_snapshot_id,bigint,NO
msbf_m1,application_cashflow_feature_snapshot,11,source_confidence_score,numeric,NO
msbf_m1,application_cashflow_feature_snapshot,12,data_confidence_tier,text,NO
msbf_m1,application_cashflow_feature_snapshot,13,pos_quality_status,text,NO
msbf_m1,application_cashflow_feature_snapshot,14,deposit_quality_status,text,NO
msbf_m1,application_cashflow_feature_snapshot,15,feature_completeness_status,text,NO
msbf_m1,application_cashflow_feature_snapshot,16,downstream_routing_status,text,NO
msbf_m1,application_cashflow_feature_snapshot,17,ready_for_downstream_flag,boolean,NO
msbf_m1,application_cashflow_feature_snapshot,18,manual_review_recommended_flag,boolean,NO
msbf_m1,application_cashflow_feature_snapshot,19,verification_disposition,text,NO
msbf_m1,application_cashflow_feature_snapshot,20,fraud_risk_tier,smallint,NO
msbf_m1,application_cashflow_feature_snapshot,21,processor_continuity_status,text,NO
msbf_m1,application_cashflow_feature_snapshot,22,processor_continuity_risk_tier,smallint,NO
msbf_m1,application_cashflow_feature_snapshot,23,pos_history_days,integer,NO
msbf_m1,application_cashflow_feature_snapshot,24,deposit_history_days,integer,NO
msbf_m1,application_cashflow_feature_snapshot,25,avg_daily_eligible_sales_7d,numeric,YES
msbf_m1,application_cashflow_feature_snapshot,26,avg_daily_eligible_sales_30d,numeric,YES
msbf_m1,application_cashflow_feature_snapshot,27,avg_daily_eligible_sales_60d,numeric,YES
msbf_m1,application_cashflow_feature_snapshot,28,avg_daily_eligible_sales_90d,numeric,YES
msbf_m1,application_cashflow_feature_snapshot,29,annualized_eligible_sales,numeric,YES
msbf_m1,application_cashflow_feature_snapshot,30,sales_growth_7d_vs_30d,numeric,YES
msbf_m1,application_cashflow_feature_snapshot,31,sales_growth_30d_vs_90d,numeric,YES
msbf_m1,application_cashflow_feature_snapshot,32,daily_sales_cv_30d,numeric,YES
msbf_m1,application_cashflow_feature_snapshot,33,daily_sales_cv_90d,numeric,YES
msbf_m1,application_cashflow_feature_snapshot,34,zero_sales_day_rate_30d,numeric,YES
msbf_m1,application_cashflow_feature_snapshot,35,active_sales_day_rate_30d,numeric,YES
msbf_m1,application_cashflow_feature_snapshot,36,seasonality_index_180d,numeric,YES
msbf_m1,application_cashflow_feature_snapshot,37,largest_30d_share_180d,numeric,YES
msbf_m1,application_cashflow_feature_snapshot,38,refund_rate_30d,numeric,YES
msbf_m1,application_cashflow_feature_snapshot,39,chargeback_rate_30d,numeric,YES
msbf_m1,application_cashflow_feature_snapshot,40,reversal_rate_30d,numeric,YES
msbf_m1,application_cashflow_feature_snapshot,41,deposit_to_eligible_sales_rate_30d,numeric,YES
msbf_m1,application_cashflow_feature_snapshot,42,pos_deposit_reconciliation_rate_30d,numeric,YES
msbf_m1,application_cashflow_feature_snapshot,43,negative_balance_day_rate_30d,numeric,YES
msbf_m1,application_cashflow_feature_snapshot,44,nsf_count_30d,integer,YES
msbf_m1,application_cashflow_feature_snapshot,45,average_available_balance_30d,numeric,YES
msbf_m1,application_cashflow_feature_snapshot,46,minimum_balance_30d,numeric,YES
msbf_m1,application_cashflow_feature_snapshot,47,cash_flow_buffer_days,numeric,YES
msbf_m1,application_cashflow_feature_snapshot,48,processor_outage_day_rate_30d,numeric,YES
msbf_m1,application_cashflow_feature_snapshot,49,processor_degraded_day_rate_30d,numeric,YES
msbf_m1,application_cashflow_feature_snapshot,50,scenario_eligible_sales_delta_rate_30d,numeric,YES
msbf_m1,application_cashflow_feature_snapshot,51,scenario_eligible_sales_delta_rate_90d,numeric,YES
msbf_m1,application_cashflow_feature_snapshot,52,scenario_deposit_delta_rate_30d,numeric,YES
msbf_m1,application_cashflow_feature_snapshot,53,scenario_withdrawal_delta_rate_30d,numeric,YES
msbf_m1,application_cashflow_feature_snapshot,54,scenario_available_balance_delta_rate_30d,numeric,YES
msbf_m1,application_cashflow_feature_snapshot,55,scenario_negative_balance_rate_delta_30d,numeric,YES
msbf_m1,application_cashflow_feature_snapshot,56,scenario_nsf_count_delta_30d,integer,YES
msbf_m1,application_cashflow_feature_snapshot,57,scenario_processor_outage_rate_delta_30d,numeric,YES
msbf_m1,application_cashflow_feature_snapshot,58,scenario_refund_rate_delta_30d,numeric,YES
msbf_m1,application_cashflow_feature_snapshot,59,scenario_chargeback_rate_delta_30d,numeric,YES
msbf_m1,application_cashflow_feature_snapshot,60,feature_snapshot_hash,text,NO
msbf_m1,application_cashflow_feature_snapshot,61,created_by_run_id,bigint,NO
msbf_m1,application_cashflow_feature_snapshot,62,created_at,timestamp with time zone,NO
msbf_m1,application_exposure_recovery_loss_snapshot,1,module1_run_id,bigint,NO
msbf_m1,application_exposure_recovery_loss_snapshot,2,scenario_id,bigint,NO
msbf_m1,application_exposure_recovery_loss_snapshot,3,merchant_application_id,text,NO
msbf_m1,application_exposure_recovery_loss_snapshot,4,population_id,text,NO
msbf_m1,application_exposure_recovery_loss_snapshot,5,merchant_id,text,NO
msbf_m1,application_exposure_recovery_loss_snapshot,6,as_of_date,date,NO
msbf_m1,application_exposure_recovery_loss_snapshot,7,industry_code,text,NO
msbf_m1,application_exposure_recovery_loss_snapshot,8,integrated_risk_snapshot_hash,text,NO
msbf_m1,application_exposure_recovery_loss_snapshot,9,liquidity_capacity_snapshot_hash,text,NO
msbf_m1,application_exposure_recovery_loss_snapshot,10,application_request_hash,text,NO
msbf_m1,application_exposure_recovery_loss_snapshot,11,integrated_risk_evidence_status,text,NO
msbf_m1,application_exposure_recovery_loss_snapshot,12,recovery_evidence_status,text,NO
msbf_m1,application_exposure_recovery_loss_snapshot,13,loss_evidence_status,text,NO
msbf_m1,application_exposure_recovery_loss_snapshot,14,synthetic_merchant_risk_proxy,numeric,YES
msbf_m1,application_exposure_recovery_loss_snapshot,15,integrated_risk_tier,smallint,NO
msbf_m1,application_exposure_recovery_loss_snapshot,16,requested_funding_amount,numeric,NO
msbf_m1,application_exposure_recovery_loss_snapshot,17,requested_total_repayment_amount,numeric,NO
msbf_m1,application_exposure_recovery_loss_snapshot,18,requested_finance_charge_amount,numeric,NO
msbf_m1,application_exposure_recovery_loss_snapshot,19,requested_expected_payoff_days,smallint,NO
msbf_m1,application_exposure_recovery_loss_snapshot,20,scenario_expected_daily_remittance,numeric,NO
msbf_m1,application_exposure_recovery_loss_snapshot,21,baseline_expected_daily_remittance,numeric,NO
msbf_m1,application_exposure_recovery_loss_snapshot,22,governed_path_daily_payment,numeric,NO
msbf_m1,application_exposure_recovery_loss_snapshot,23,paydown_curve_shape,numeric,NO
msbf_m1,application_exposure_recovery_loss_snapshot,24,initial_receivable_exposure_amount,numeric,NO
msbf_m1,application_exposure_recovery_loss_snapshot,25,path_weighted_ead_amount,numeric,NO
msbf_m1,application_exposure_recovery_loss_snapshot,26,expected_ead_rate,numeric,NO
msbf_m1,application_exposure_recovery_loss_snapshot,27,industry_lgd_baseline_rate,numeric,NO
msbf_m1,application_exposure_recovery_loss_snapshot,28,scenario_lgd_addon_rate,numeric,NO
msbf_m1,application_exposure_recovery_loss_snapshot,29,collateral_available_value,numeric,NO
msbf_m1,application_exposure_recovery_loss_snapshot,30,guarantee_capacity_amount,numeric,NO
msbf_m1,application_exposure_recovery_loss_snapshot,31,collateral_recovery_credit_rate,numeric,NO
msbf_m1,application_exposure_recovery_loss_snapshot,32,guarantee_recovery_credit_rate,numeric,NO
msbf_m1,application_exposure_recovery_loss_snapshot,33,total_recovery_credit_rate,numeric,NO
msbf_m1,application_exposure_recovery_loss_snapshot,34,recovery_basis_code,text,NO
msbf_m1,application_exposure_recovery_loss_snapshot,35,recovery_rate_assumption,numeric,NO
msbf_m1,application_exposure_recovery_loss_snapshot,36,lgd_input_rate,numeric,NO
msbf_m1,application_exposure_recovery_loss_snapshot,37,simple_comparative_expected_loss_amount,numeric,YES
msbf_m1,application_exposure_recovery_loss_snapshot,38,schedule_adjusted_comparative_expected_loss_amount,numeric,YES
msbf_m1,application_exposure_recovery_loss_snapshot,39,simple_comparative_loss_rate,numeric,YES
msbf_m1,application_exposure_recovery_loss_snapshot,40,schedule_adjusted_comparative_loss_rate,numeric,YES
msbf_m1,application_exposure_recovery_loss_snapshot,41,stress_ead_worsening_flag,boolean,NO
msbf_m1,application_exposure_recovery_loss_snapshot,42,stress_lgd_worsening_flag,boolean,NO
msbf_m1,application_exposure_recovery_loss_snapshot,43,stress_loss_worsening_flag,boolean,NO
msbf_m1,application_exposure_recovery_loss_snapshot,44,hard_stop_recommended_flag,boolean,NO
msbf_m1,application_exposure_recovery_loss_snapshot,45,manual_review_recommended_flag,boolean,NO
msbf_m1,application_exposure_recovery_loss_snapshot,46,fallback_path_code,text,NO
msbf_m1,application_exposure_recovery_loss_snapshot,47,primary_loss_reason_code,text,NO
msbf_m1,application_exposure_recovery_loss_snapshot,48,secondary_loss_reason_codes,ARRAY,NO
msbf_m1,application_exposure_recovery_loss_snapshot,49,row_hash,text,NO
msbf_m1,application_exposure_recovery_loss_snapshot,50,created_by_run_id,bigint,NO
msbf_m1,application_exposure_recovery_loss_snapshot,51,created_at,timestamp with time zone,NO
msbf_m1,application_integrated_risk_proxy_snapshot,1,module1_run_id,bigint,NO
msbf_m1,application_integrated_risk_proxy_snapshot,2,scenario_id,bigint,NO
msbf_m1,application_integrated_risk_proxy_snapshot,3,merchant_application_id,text,NO
msbf_m1,application_integrated_risk_proxy_snapshot,4,population_id,text,NO
msbf_m1,application_integrated_risk_proxy_snapshot,5,merchant_id,text,NO
msbf_m1,application_integrated_risk_proxy_snapshot,6,as_of_date,date,NO
msbf_m1,application_integrated_risk_proxy_snapshot,7,merchant_size_tier,text,NO
msbf_m1,application_integrated_risk_proxy_snapshot,8,industry_code,text,NO
msbf_m1,application_integrated_risk_proxy_snapshot,9,relationship_stage,text,NO
msbf_m1,application_integrated_risk_proxy_snapshot,10,operating_resilience_snapshot_hash,text,NO
msbf_m1,application_integrated_risk_proxy_snapshot,11,liquidity_capacity_snapshot_hash,text,NO
msbf_m1,application_integrated_risk_proxy_snapshot,12,verification_fraud_snapshot_hash,text,NO
msbf_m1,application_integrated_risk_proxy_snapshot,13,operating_resilience_evidence_status,text,NO
msbf_m1,application_integrated_risk_proxy_snapshot,14,capacity_evidence_status,text,NO
msbf_m1,application_integrated_risk_proxy_snapshot,15,data_confidence_tier,text,NO
msbf_m1,application_integrated_risk_proxy_snapshot,16,verification_disposition,text,NO
msbf_m1,application_integrated_risk_proxy_snapshot,17,fraud_risk_tier,smallint,NO
msbf_m1,application_integrated_risk_proxy_snapshot,18,processor_continuity_risk_tier,smallint,NO
msbf_m1,application_integrated_risk_proxy_snapshot,19,operating_resilience_tier,smallint,NO
msbf_m1,application_integrated_risk_proxy_snapshot,20,capacity_tier,smallint,NO
msbf_m1,application_integrated_risk_proxy_snapshot,21,archetype_code,text,NO
msbf_m1,application_integrated_risk_proxy_snapshot,22,archetype_risk_rank,smallint,NO
msbf_m1,application_integrated_risk_proxy_snapshot,23,operating_resilience_risk_score,numeric,YES
msbf_m1,application_integrated_risk_proxy_snapshot,24,capacity_burden_risk_score,numeric,YES
msbf_m1,application_integrated_risk_proxy_snapshot,25,liquidity_risk_score,numeric,YES
msbf_m1,application_integrated_risk_proxy_snapshot,26,source_confidence_risk_score,numeric,YES
msbf_m1,application_integrated_risk_proxy_snapshot,27,verification_fraud_risk_score,numeric,YES
msbf_m1,application_integrated_risk_proxy_snapshot,28,processor_continuity_risk_score,numeric,YES
msbf_m1,application_integrated_risk_proxy_snapshot,29,industry_relationship_risk_score,numeric,YES
msbf_m1,application_integrated_risk_proxy_snapshot,30,independent_integrated_risk_score,numeric,YES
msbf_m1,application_integrated_risk_proxy_snapshot,31,baseline_integrated_risk_score,numeric,YES
msbf_m1,application_integrated_risk_proxy_snapshot,32,integrated_risk_score,numeric,YES
msbf_m1,application_integrated_risk_proxy_snapshot,33,synthetic_merchant_risk_proxy,numeric,YES
msbf_m1,application_integrated_risk_proxy_snapshot,34,independent_risk_tier,smallint,NO
msbf_m1,application_integrated_risk_proxy_snapshot,35,baseline_risk_tier,smallint,NO
msbf_m1,application_integrated_risk_proxy_snapshot,36,integrated_risk_tier,smallint,NO
msbf_m1,application_integrated_risk_proxy_snapshot,37,stress_risk_worsening_flag,boolean,NO
msbf_m1,application_integrated_risk_proxy_snapshot,38,integrated_risk_status,text,NO
msbf_m1,application_integrated_risk_proxy_snapshot,39,integrated_risk_evidence_status,text,NO
msbf_m1,application_integrated_risk_proxy_snapshot,40,risk_floor_applied_flag,boolean,NO
msbf_m1,application_integrated_risk_proxy_snapshot,41,hard_stop_recommended_flag,boolean,NO
msbf_m1,application_integrated_risk_proxy_snapshot,42,manual_review_recommended_flag,boolean,NO
msbf_m1,application_integrated_risk_proxy_snapshot,43,fallback_path_code,text,NO
msbf_m1,application_integrated_risk_proxy_snapshot,44,primary_risk_reason_code,text,NO
msbf_m1,application_integrated_risk_proxy_snapshot,45,secondary_risk_reason_codes,ARRAY,NO
msbf_m1,application_integrated_risk_proxy_snapshot,46,row_hash,text,NO
msbf_m1,application_integrated_risk_proxy_snapshot,47,created_by_run_id,bigint,NO
msbf_m1,application_integrated_risk_proxy_snapshot,48,created_at,timestamp with time zone,NO
msbf_m1,application_liquidity_capacity_snapshot,1,module1_run_id,bigint,NO
msbf_m1,application_liquidity_capacity_snapshot,2,scenario_id,bigint,NO
msbf_m1,application_liquidity_capacity_snapshot,3,merchant_application_id,text,NO
msbf_m1,application_liquidity_capacity_snapshot,4,population_id,text,NO
msbf_m1,application_liquidity_capacity_snapshot,5,merchant_id,text,NO
msbf_m1,application_liquidity_capacity_snapshot,6,as_of_date,date,NO
msbf_m1,application_liquidity_capacity_snapshot,7,obligation_source_snapshot_id,bigint,NO
msbf_m1,application_liquidity_capacity_snapshot,8,obligation_availability_status,text,NO
msbf_m1,application_liquidity_capacity_snapshot,9,obligation_quality_status,text,NO
msbf_m1,application_liquidity_capacity_snapshot,10,obligation_confidence_score,numeric,NO
msbf_m1,application_liquidity_capacity_snapshot,11,feature_completeness_status,text,NO
msbf_m1,application_liquidity_capacity_snapshot,12,verification_disposition,text,NO
msbf_m1,application_liquidity_capacity_snapshot,13,obligation_count,integer,NO
msbf_m1,application_liquidity_capacity_snapshot,14,short_term_obligation_count,integer,NO
msbf_m1,application_liquidity_capacity_snapshot,15,secured_obligation_count,integer,NO
msbf_m1,application_liquidity_capacity_snapshot,16,stacked_obligation_count,integer,NO
msbf_m1,application_liquidity_capacity_snapshot,17,max_stacking_sequence,smallint,NO
msbf_m1,application_liquidity_capacity_snapshot,18,existing_outstanding_balance,numeric,NO
msbf_m1,application_liquidity_capacity_snapshot,19,fixed_existing_daily_payment_amount,numeric,NO
msbf_m1,application_liquidity_capacity_snapshot,20,existing_sales_linked_remittance_rate,numeric,NO
msbf_m1,application_liquidity_capacity_snapshot,21,existing_daily_payment_amount,numeric,NO
msbf_m1,application_liquidity_capacity_snapshot,22,existing_monthly_payment_amount,numeric,NO
msbf_m1,application_liquidity_capacity_snapshot,23,largest_existing_daily_payment_amount,numeric,NO
msbf_m1,application_liquidity_capacity_snapshot,24,requested_rate_based_daily_remittance,numeric,YES
msbf_m1,application_liquidity_capacity_snapshot,25,requested_horizon_required_daily_repayment,numeric,NO
msbf_m1,application_liquidity_capacity_snapshot,26,requested_daily_remittance_amount,numeric,NO
msbf_m1,application_liquidity_capacity_snapshot,27,requested_monthly_remittance_amount,numeric,NO
msbf_m1,application_liquidity_capacity_snapshot,28,total_daily_obligation_burden,numeric,NO
msbf_m1,application_liquidity_capacity_snapshot,29,total_monthly_obligation_burden,numeric,NO
msbf_m1,application_liquidity_capacity_snapshot,30,estimated_daily_operating_cash_flow,numeric,YES
msbf_m1,application_liquidity_capacity_snapshot,31,existing_obligation_to_sales_rate,numeric,YES
msbf_m1,application_liquidity_capacity_snapshot,32,total_obligation_to_sales_rate,numeric,YES
msbf_m1,application_liquidity_capacity_snapshot,33,sales_linked_payment_coverage_ratio,numeric,YES
msbf_m1,application_liquidity_capacity_snapshot,34,residual_daily_operating_cash_flow,numeric,YES
msbf_m1,application_liquidity_capacity_snapshot,35,residual_monthly_operating_cash_flow,numeric,YES
msbf_m1,application_liquidity_capacity_snapshot,36,current_liquidity_buffer_amount,numeric,YES
msbf_m1,application_liquidity_capacity_snapshot,37,post_financing_liquidity_buffer_amount,numeric,YES
msbf_m1,application_liquidity_capacity_snapshot,38,post_financing_buffer_days,numeric,YES
msbf_m1,application_liquidity_capacity_snapshot,39,obligation_concentration_rate,numeric,NO
msbf_m1,application_liquidity_capacity_snapshot,40,stacking_depth,smallint,NO
msbf_m1,application_liquidity_capacity_snapshot,41,independent_capacity_tier,smallint,NO
msbf_m1,application_liquidity_capacity_snapshot,42,baseline_capacity_tier,smallint,NO
msbf_m1,application_liquidity_capacity_snapshot,43,capacity_tier,smallint,NO
msbf_m1,application_liquidity_capacity_snapshot,44,stress_capacity_worsening_flag,boolean,NO
msbf_m1,application_liquidity_capacity_snapshot,45,capacity_evidence_status,text,NO
msbf_m1,application_liquidity_capacity_snapshot,46,affordability_status,text,NO
msbf_m1,application_liquidity_capacity_snapshot,47,manual_review_recommended_flag,boolean,NO
msbf_m1,application_liquidity_capacity_snapshot,48,fallback_path_code,text,NO
msbf_m1,application_liquidity_capacity_snapshot,49,primary_capacity_reason_code,text,NO
msbf_m1,application_liquidity_capacity_snapshot,50,secondary_capacity_reason_codes,ARRAY,NO
msbf_m1,application_liquidity_capacity_snapshot,51,row_hash,text,NO
msbf_m1,application_liquidity_capacity_snapshot,52,created_by_run_id,bigint,NO
msbf_m1,application_liquidity_capacity_snapshot,53,created_at,timestamp with time zone,NO
msbf_m1,application_module1_archive,1,archive_id,bigint,NO
msbf_m1,application_module1_archive,2,module1_run_id,bigint,NO
msbf_m1,application_module1_archive,3,scenario_id,bigint,NO
msbf_m1,application_module1_archive,4,merchant_application_id,text,NO
msbf_m1,application_module1_archive,5,contract_code,text,NO
msbf_m1,application_module1_archive,6,contract_version,integer,NO
msbf_m1,application_module1_archive,7,schema_version,text,NO
msbf_m1,application_module1_archive,8,contract_row_hash,text,NO
msbf_m1,application_module1_archive,9,contract_payload,jsonb,NO
msbf_m1,application_module1_archive,10,archived_by_run_id,bigint,NO
msbf_m1,application_module1_archive,11,archived_at,timestamp with time zone,NO
msbf_m1,application_module1_latest,1,module1_run_id,bigint,NO
msbf_m1,application_module1_latest,2,scenario_id,bigint,NO
msbf_m1,application_module1_latest,3,merchant_application_id,text,NO
msbf_m1,application_module1_latest,4,population_id,text,NO
msbf_m1,application_module1_latest,5,merchant_id,text,NO
msbf_m1,application_module1_latest,6,as_of_date,date,NO
msbf_m1,application_module1_latest,7,scenario_code,text,NO
msbf_m1,application_module1_latest,8,industry_code,text,NO
msbf_m1,application_module1_latest,9,merchant_size_tier,text,NO
msbf_m1,application_module1_latest,10,relationship_stage,text,NO
msbf_m1,application_module1_latest,11,partner_channel_id,text,YES
msbf_m1,application_module1_latest,12,channel_type,text,NO
msbf_m1,application_module1_latest,13,source_confidence_score,numeric,NO
msbf_m1,application_module1_latest,14,data_confidence_tier,text,NO
msbf_m1,application_module1_latest,15,verification_disposition,text,NO
msbf_m1,application_module1_latest,16,fraud_risk_tier,smallint,NO
msbf_m1,application_module1_latest,17,processor_continuity_status,text,NO
msbf_m1,application_module1_latest,18,feature_completeness_status,text,NO
msbf_m1,application_module1_latest,19,avg_daily_eligible_sales_30d,numeric,YES
msbf_m1,application_module1_latest,20,annualized_eligible_sales,numeric,YES
msbf_m1,application_module1_latest,21,average_available_balance_30d,numeric,YES
msbf_m1,application_module1_latest,22,negative_balance_day_rate_30d,numeric,YES
msbf_m1,application_module1_latest,23,nsf_count_30d,integer,YES
msbf_m1,application_module1_latest,24,capacity_tier,smallint,NO
msbf_m1,application_module1_latest,25,capacity_evidence_status,text,NO
msbf_m1,application_module1_latest,26,affordability_status,text,NO
msbf_m1,application_module1_latest,27,sales_linked_payment_coverage_ratio,numeric,YES
msbf_m1,application_module1_latest,28,residual_daily_operating_cash_flow,numeric,YES
msbf_m1,application_module1_latest,29,post_financing_liquidity_buffer_amount,numeric,YES
msbf_m1,application_module1_latest,30,archetype_code,text,NO
msbf_m1,application_module1_latest,31,operating_resilience_score,numeric,YES
msbf_m1,application_module1_latest,32,resilience_tier,smallint,NO
msbf_m1,application_module1_latest,33,resilience_status,text,NO
msbf_m1,application_module1_latest,34,operating_resilience_evidence_status,text,NO
msbf_m1,application_module1_latest,35,integrated_risk_score,numeric,YES
msbf_m1,application_module1_latest,36,synthetic_merchant_risk_proxy,numeric,YES
msbf_m1,application_module1_latest,37,integrated_risk_tier,smallint,NO
msbf_m1,application_module1_latest,38,integrated_risk_status,text,NO
msbf_m1,application_module1_latest,39,integrated_risk_evidence_status,text,NO
msbf_m1,application_module1_latest,40,path_weighted_ead_amount,numeric,NO
msbf_m1,application_module1_latest,41,expected_ead_rate,numeric,NO
msbf_m1,application_module1_latest,42,recovery_rate_assumption,numeric,NO
msbf_m1,application_module1_latest,43,lgd_input_rate,numeric,NO
msbf_m1,application_module1_latest,44,schedule_adjusted_comparative_expected_loss_amount,numeric,YES
msbf_m1,application_module1_latest,45,schedule_adjusted_comparative_loss_rate,numeric,YES
msbf_m1,application_module1_latest,46,loss_evidence_status,text,NO
msbf_m1,application_module1_latest,47,gross_finance_revenue_amount,numeric,NO
msbf_m1,application_module1_latest,48,total_non_loss_cost_amount,numeric,NO
msbf_m1,application_module1_latest,49,risk_adjusted_contribution_amount,numeric,YES
msbf_m1,application_module1_latest,50,annualized_risk_adjusted_return_rate,numeric,YES
msbf_m1,application_module1_latest,51,economic_surplus_amount,numeric,YES
msbf_m1,application_module1_latest,52,economic_tier,smallint,NO
msbf_m1,application_module1_latest,53,economic_status,text,NO
msbf_m1,application_module1_latest,54,unit_economics_evidence_status,text,NO
msbf_m1,application_module1_latest,55,hard_stop_recommended_flag,boolean,NO
msbf_m1,application_module1_latest,56,manual_review_recommended_flag,boolean,NO
msbf_m1,application_module1_latest,57,contract_evidence_status,text,NO
msbf_m1,application_module1_latest,58,fallback_path_code,text,NO
msbf_m1,application_module1_latest,59,primary_contract_reason_code,text,NO
msbf_m1,application_module1_latest,60,secondary_contract_reason_codes,ARRAY,NO
msbf_m1,application_module1_latest,61,m1_8_row_hash,text,NO
msbf_m1,application_module1_latest,62,m1_9_row_hash,text,NO
msbf_m1,application_module1_latest,63,m1_10_row_hash,text,NO
msbf_m1,application_module1_latest,64,m1_11_row_hash,text,NO
msbf_m1,application_module1_latest,65,m1_12_row_hash,text,NO
msbf_m1,application_module1_latest,66,m1_13_row_hash,text,NO
msbf_m1,application_module1_latest,67,m1_14_row_hash,text,NO
msbf_m1,application_module1_latest,68,source_payload,jsonb,NO
msbf_m1,application_module1_latest,69,lineage_payload,jsonb,NO
msbf_m1,application_module1_latest,70,contract_code,text,NO
msbf_m1,application_module1_latest,71,contract_version,integer,NO
msbf_m1,application_module1_latest,72,schema_version,text,NO
msbf_m1,application_module1_latest,73,contract_row_hash,text,NO
msbf_m1,application_module1_latest,74,created_by_run_id,bigint,NO
msbf_m1,application_module1_latest,75,created_at,timestamp with time zone,NO
msbf_m1,application_obligation_snapshot,1,merchant_application_id,text,NO
msbf_m1,application_obligation_snapshot,2,obligation_id,text,NO
msbf_m1,application_obligation_snapshot,3,as_of_date,date,NO
msbf_m1,application_obligation_snapshot,4,obligation_type,text,NO
msbf_m1,application_obligation_snapshot,5,outstanding_balance,numeric,NO
msbf_m1,application_obligation_snapshot,6,daily_payment_amount,numeric,NO
msbf_m1,application_obligation_snapshot,7,monthly_payment_amount,numeric,NO
msbf_m1,application_obligation_snapshot,8,remittance_rate,numeric,YES
msbf_m1,application_obligation_snapshot,9,lien_position,smallint,YES
msbf_m1,application_obligation_snapshot,10,short_term_financing_flag,boolean,NO
msbf_m1,application_obligation_snapshot,11,stacking_sequence,smallint,YES
msbf_m1,application_obligation_snapshot,12,source_snapshot_id,bigint,YES
msbf_m1,application_obligation_snapshot,13,created_by_run_id,bigint,NO
msbf_m1,application_obligation_snapshot,14,obligation_status,text,NO
msbf_m1,application_obligation_snapshot,15,payment_frequency,text,NO
msbf_m1,application_obligation_snapshot,16,maturity_date,date,YES
msbf_m1,application_obligation_snapshot,17,secured_flag,boolean,NO
msbf_m1,application_obligation_snapshot,18,data_confidence_score,numeric,NO
msbf_m1,application_obligation_snapshot,19,obligation_quality_status,text,NO
msbf_m1,application_obligation_snapshot,20,obligation_reason_code,text,NO
msbf_m1,application_obligation_snapshot,21,row_hash,text,NO
msbf_m1,application_obligation_snapshot,22,created_at,timestamp with time zone,NO
msbf_m1,application_operating_resilience_snapshot,1,module1_run_id,bigint,NO
msbf_m1,application_operating_resilience_snapshot,2,scenario_id,bigint,NO
msbf_m1,application_operating_resilience_snapshot,3,merchant_application_id,text,NO
msbf_m1,application_operating_resilience_snapshot,4,population_id,text,NO
msbf_m1,application_operating_resilience_snapshot,5,merchant_id,text,NO
msbf_m1,application_operating_resilience_snapshot,6,as_of_date,date,NO
msbf_m1,application_operating_resilience_snapshot,7,merchant_size_tier,text,NO
msbf_m1,application_operating_resilience_snapshot,8,industry_code,text,NO
msbf_m1,application_operating_resilience_snapshot,9,relationship_stage,text,NO
msbf_m1,application_operating_resilience_snapshot,10,cashflow_feature_snapshot_hash,text,NO
msbf_m1,application_operating_resilience_snapshot,11,liquidity_capacity_snapshot_hash,text,NO
msbf_m1,application_operating_resilience_snapshot,12,source_confidence_score,numeric,NO
msbf_m1,application_operating_resilience_snapshot,13,data_confidence_tier,text,NO
msbf_m1,application_operating_resilience_snapshot,14,feature_completeness_status,text,NO
msbf_m1,application_operating_resilience_snapshot,15,capacity_evidence_status,text,NO
msbf_m1,application_operating_resilience_snapshot,16,verification_disposition,text,NO
msbf_m1,application_operating_resilience_snapshot,17,fraud_risk_tier,smallint,NO
msbf_m1,application_operating_resilience_snapshot,18,processor_continuity_risk_tier,smallint,NO
msbf_m1,application_operating_resilience_snapshot,19,pos_history_days,integer,NO
msbf_m1,application_operating_resilience_snapshot,20,deposit_history_days,integer,NO
msbf_m1,application_operating_resilience_snapshot,21,avg_daily_eligible_sales_30d,numeric,YES
msbf_m1,application_operating_resilience_snapshot,22,sales_growth_30d_vs_90d,numeric,YES
msbf_m1,application_operating_resilience_snapshot,23,daily_sales_cv_90d,numeric,YES
msbf_m1,application_operating_resilience_snapshot,24,zero_sales_day_rate_30d,numeric,YES
msbf_m1,application_operating_resilience_snapshot,25,active_sales_day_rate_30d,numeric,YES
msbf_m1,application_operating_resilience_snapshot,26,seasonality_index_180d,numeric,YES
msbf_m1,application_operating_resilience_snapshot,27,largest_30d_share_180d,numeric,YES
msbf_m1,application_operating_resilience_snapshot,28,processor_outage_day_rate_30d,numeric,YES
msbf_m1,application_operating_resilience_snapshot,29,processor_degraded_day_rate_30d,numeric,YES
msbf_m1,application_operating_resilience_snapshot,30,negative_balance_day_rate_30d,numeric,YES
msbf_m1,application_operating_resilience_snapshot,31,nsf_count_30d,integer,YES
msbf_m1,application_operating_resilience_snapshot,32,cash_flow_buffer_days,numeric,YES
msbf_m1,application_operating_resilience_snapshot,33,sales_linked_payment_coverage_ratio,numeric,YES
msbf_m1,application_operating_resilience_snapshot,34,total_obligation_to_sales_rate,numeric,YES
msbf_m1,application_operating_resilience_snapshot,35,residual_daily_operating_cash_flow,numeric,YES
msbf_m1,application_operating_resilience_snapshot,36,post_financing_buffer_days,numeric,YES
msbf_m1,application_operating_resilience_snapshot,37,stacking_depth,smallint,YES
msbf_m1,application_operating_resilience_snapshot,38,obligation_concentration_rate,numeric,YES
msbf_m1,application_operating_resilience_snapshot,39,revenue_resilience_score,numeric,YES
msbf_m1,application_operating_resilience_snapshot,40,liquidity_resilience_score,numeric,YES
msbf_m1,application_operating_resilience_snapshot,41,burden_resilience_score,numeric,YES
msbf_m1,application_operating_resilience_snapshot,42,continuity_resilience_score,numeric,YES
msbf_m1,application_operating_resilience_snapshot,43,data_confidence_resilience_score,numeric,YES
msbf_m1,application_operating_resilience_snapshot,44,operating_resilience_score,numeric,YES
msbf_m1,application_operating_resilience_snapshot,45,independent_resilience_tier,smallint,NO
msbf_m1,application_operating_resilience_snapshot,46,baseline_resilience_tier,smallint,NO
msbf_m1,application_operating_resilience_snapshot,47,resilience_tier,smallint,NO
msbf_m1,application_operating_resilience_snapshot,48,independent_archetype_code,text,NO
msbf_m1,application_operating_resilience_snapshot,49,baseline_archetype_code,text,NO
msbf_m1,application_operating_resilience_snapshot,50,archetype_code,text,NO
msbf_m1,application_operating_resilience_snapshot,51,archetype_risk_rank,smallint,NO
msbf_m1,application_operating_resilience_snapshot,52,stress_resilience_worsening_flag,boolean,NO
msbf_m1,application_operating_resilience_snapshot,53,stress_archetype_worsening_flag,boolean,NO
msbf_m1,application_operating_resilience_snapshot,54,resilience_status,text,NO
msbf_m1,application_operating_resilience_snapshot,55,operating_resilience_evidence_status,text,NO
msbf_m1,application_operating_resilience_snapshot,56,manual_review_recommended_flag,boolean,NO
msbf_m1,application_operating_resilience_snapshot,57,fallback_path_code,text,NO
msbf_m1,application_operating_resilience_snapshot,58,primary_resilience_reason_code,text,NO
msbf_m1,application_operating_resilience_snapshot,59,secondary_resilience_reason_codes,ARRAY,NO
msbf_m1,application_operating_resilience_snapshot,60,row_hash,text,NO
msbf_m1,application_operating_resilience_snapshot,61,created_by_run_id,bigint,NO
msbf_m1,application_operating_resilience_snapshot,62,created_at,timestamp with time zone,NO
msbf_m1,application_owner_credit_snapshot,1,merchant_application_id,text,NO
msbf_m1,application_owner_credit_snapshot,2,party_id,text,NO
msbf_m1,application_owner_credit_snapshot,3,as_of_date,date,NO
msbf_m1,application_owner_credit_snapshot,4,owner_credit_score,smallint,YES
msbf_m1,application_owner_credit_snapshot,5,score_band,text,YES
msbf_m1,application_owner_credit_snapshot,6,delinquency_count_12m,smallint,NO
msbf_m1,application_owner_credit_snapshot,7,major_derogatory_flag,boolean,NO
msbf_m1,application_owner_credit_snapshot,8,bankruptcy_flag,boolean,NO
msbf_m1,application_owner_credit_snapshot,9,source_snapshot_id,bigint,YES
msbf_m1,application_owner_credit_snapshot,10,created_by_run_id,bigint,NO
msbf_m1,application_unit_economics_snapshot,1,module1_run_id,bigint,NO
msbf_m1,application_unit_economics_snapshot,2,scenario_id,bigint,NO
msbf_m1,application_unit_economics_snapshot,3,merchant_application_id,text,NO
msbf_m1,application_unit_economics_snapshot,4,population_id,text,NO
msbf_m1,application_unit_economics_snapshot,5,merchant_id,text,NO
msbf_m1,application_unit_economics_snapshot,6,as_of_date,date,NO
msbf_m1,application_unit_economics_snapshot,7,industry_code,text,NO
msbf_m1,application_unit_economics_snapshot,8,merchant_size_tier,text,NO
msbf_m1,application_unit_economics_snapshot,9,relationship_stage,text,NO
msbf_m1,application_unit_economics_snapshot,10,partner_channel_id,text,YES
msbf_m1,application_unit_economics_snapshot,11,channel_type,text,NO
msbf_m1,application_unit_economics_snapshot,12,exposure_recovery_loss_snapshot_hash,text,NO
msbf_m1,application_unit_economics_snapshot,13,liquidity_capacity_snapshot_hash,text,NO
msbf_m1,application_unit_economics_snapshot,14,application_request_hash,text,NO
msbf_m1,application_unit_economics_snapshot,15,loss_evidence_status,text,NO
msbf_m1,application_unit_economics_snapshot,16,channel_cost_evidence_status,text,NO
msbf_m1,application_unit_economics_snapshot,17,unit_economics_evidence_status,text,NO
msbf_m1,application_unit_economics_snapshot,18,integrated_risk_tier,smallint,NO
msbf_m1,application_unit_economics_snapshot,19,path_weighted_ead_amount,numeric,NO
msbf_m1,application_unit_economics_snapshot,20,schedule_adjusted_comparative_loss_rate,numeric,YES
msbf_m1,application_unit_economics_snapshot,21,requested_funding_amount,numeric,NO
msbf_m1,application_unit_economics_snapshot,22,requested_total_repayment_amount,numeric,NO
msbf_m1,application_unit_economics_snapshot,23,requested_finance_charge_amount,numeric,NO
msbf_m1,application_unit_economics_snapshot,24,requested_expected_payoff_days,smallint,NO
msbf_m1,application_unit_economics_snapshot,25,payback_multiple,numeric,NO
msbf_m1,application_unit_economics_snapshot,26,gross_finance_revenue_amount,numeric,NO
msbf_m1,application_unit_economics_snapshot,27,gross_finance_charge_rate,numeric,NO
msbf_m1,application_unit_economics_snapshot,28,annualized_gross_yield_rate,numeric,NO
msbf_m1,application_unit_economics_snapshot,29,processor_payment_cost_rate,numeric,NO
msbf_m1,application_unit_economics_snapshot,30,processor_payment_cost_amount,numeric,NO
msbf_m1,application_unit_economics_snapshot,31,partner_acquisition_cost_rate,numeric,NO
msbf_m1,application_unit_economics_snapshot,32,partner_acquisition_cost_amount,numeric,NO
msbf_m1,application_unit_economics_snapshot,33,funding_cost_annual_rate,numeric,NO
msbf_m1,application_unit_economics_snapshot,34,funding_cost_amount,numeric,NO
msbf_m1,application_unit_economics_snapshot,35,servicing_daily_cost_amount,numeric,NO
msbf_m1,application_unit_economics_snapshot,36,servicing_variable_cost_rate,numeric,NO
msbf_m1,application_unit_economics_snapshot,37,servicing_cost_amount,numeric,NO
msbf_m1,application_unit_economics_snapshot,38,operating_cost_fixed_amount,numeric,NO
msbf_m1,application_unit_economics_snapshot,39,operating_cost_variable_rate,numeric,NO
msbf_m1,application_unit_economics_snapshot,40,operating_cost_amount,numeric,NO
msbf_m1,application_unit_economics_snapshot,41,total_non_loss_cost_amount,numeric,NO
msbf_m1,application_unit_economics_snapshot,42,contribution_before_comparative_loss_amount,numeric,NO
msbf_m1,application_unit_economics_snapshot,43,comparative_expected_loss_amount,numeric,YES
msbf_m1,application_unit_economics_snapshot,44,contribution_after_comparative_loss_amount,numeric,YES
msbf_m1,application_unit_economics_snapshot,45,risk_capital_allocation_rate,numeric,NO
msbf_m1,application_unit_economics_snapshot,46,risk_capital_cost_annual_rate,numeric,NO
msbf_m1,application_unit_economics_snapshot,47,risk_capital_charge_amount,numeric,NO
msbf_m1,application_unit_economics_snapshot,48,independent_risk_adjusted_contribution_amount,numeric,YES
msbf_m1,application_unit_economics_snapshot,49,baseline_risk_adjusted_contribution_amount,numeric,YES
msbf_m1,application_unit_economics_snapshot,50,risk_adjusted_contribution_amount,numeric,YES
msbf_m1,application_unit_economics_snapshot,51,contribution_before_loss_margin_rate,numeric,NO
msbf_m1,application_unit_economics_snapshot,52,contribution_after_loss_margin_rate,numeric,YES
msbf_m1,application_unit_economics_snapshot,53,independent_risk_adjusted_contribution_margin_rate,numeric,YES
msbf_m1,application_unit_economics_snapshot,54,risk_adjusted_contribution_margin_rate,numeric,YES
msbf_m1,application_unit_economics_snapshot,55,independent_annualized_risk_adjusted_return_rate,numeric,YES
msbf_m1,application_unit_economics_snapshot,56,baseline_annualized_risk_adjusted_return_rate,numeric,YES
msbf_m1,application_unit_economics_snapshot,57,annualized_risk_adjusted_return_rate,numeric,YES
msbf_m1,application_unit_economics_snapshot,58,hurdle_annual_return_rate,numeric,NO
msbf_m1,application_unit_economics_snapshot,59,hurdle_required_contribution_amount,numeric,NO
msbf_m1,application_unit_economics_snapshot,60,economic_surplus_amount,numeric,YES
msbf_m1,application_unit_economics_snapshot,61,independent_economic_tier,smallint,NO
msbf_m1,application_unit_economics_snapshot,62,baseline_economic_tier,smallint,NO
msbf_m1,application_unit_economics_snapshot,63,economic_tier,smallint,NO
msbf_m1,application_unit_economics_snapshot,64,stress_economic_worsening_flag,boolean,NO
msbf_m1,application_unit_economics_snapshot,65,hurdle_pass_flag,boolean,NO
msbf_m1,application_unit_economics_snapshot,66,economic_status,text,NO
msbf_m1,application_unit_economics_snapshot,67,hard_stop_recommended_flag,boolean,NO
msbf_m1,application_unit_economics_snapshot,68,manual_review_recommended_flag,boolean,NO
msbf_m1,application_unit_economics_snapshot,69,fallback_path_code,text,NO
msbf_m1,application_unit_economics_snapshot,70,primary_economic_reason_code,text,NO
msbf_m1,application_unit_economics_snapshot,71,secondary_economic_reason_codes,ARRAY,NO
msbf_m1,application_unit_economics_snapshot,72,row_hash,text,NO
msbf_m1,application_unit_economics_snapshot,73,created_by_run_id,bigint,NO
msbf_m1,application_unit_economics_snapshot,74,created_at,timestamp with time zone,NO
msbf_m1,application_verification_fraud_snapshot,1,module1_run_id,bigint,NO
msbf_m1,application_verification_fraud_snapshot,2,merchant_application_id,text,NO
msbf_m1,application_verification_fraud_snapshot,3,as_of_timestamp,timestamp with time zone,NO
msbf_m1,application_verification_fraud_snapshot,4,verification_source_snapshot_id,bigint,NO
msbf_m1,application_verification_fraud_snapshot,5,pos_source_snapshot_id,bigint,NO
msbf_m1,application_verification_fraud_snapshot,6,deposit_source_snapshot_id,bigint,NO
msbf_m1,application_verification_fraud_snapshot,7,verification_pass_count,smallint,NO
msbf_m1,application_verification_fraud_snapshot,8,verification_review_count,smallint,NO
msbf_m1,application_verification_fraud_snapshot,9,verification_fail_count,smallint,NO
msbf_m1,application_verification_fraud_snapshot,10,verification_unavailable_count,smallint,NO
msbf_m1,application_verification_fraud_snapshot,11,critical_fail_count,smallint,NO
msbf_m1,application_verification_fraud_snapshot,12,fraud_score,numeric,NO
msbf_m1,application_verification_fraud_snapshot,13,fraud_risk_tier,smallint,NO
msbf_m1,application_verification_fraud_snapshot,14,processor_continuity_status,text,NO
msbf_m1,application_verification_fraud_snapshot,15,processor_continuity_risk_tier,smallint,NO
msbf_m1,application_verification_fraud_snapshot,16,stress_processor_continuity_status,text,NO
msbf_m1,application_verification_fraud_snapshot,17,stress_processor_continuity_risk_tier,smallint,NO
msbf_m1,application_verification_fraud_snapshot,18,processor_active_day_rate,numeric,NO
msbf_m1,application_verification_fraud_snapshot,19,processor_degraded_day_rate,numeric,NO
msbf_m1,application_verification_fraud_snapshot,20,processor_outage_day_rate,numeric,NO
msbf_m1,application_verification_fraud_snapshot,21,recent_processor_outage_day_rate,numeric,NO
msbf_m1,application_verification_fraud_snapshot,22,data_connection_gap_day_rate,numeric,NO
msbf_m1,application_verification_fraud_snapshot,23,stress_processor_degraded_day_rate,numeric,NO
msbf_m1,application_verification_fraud_snapshot,24,stress_processor_outage_day_rate,numeric,NO
msbf_m1,application_verification_fraud_snapshot,25,stress_data_connection_gap_day_rate,numeric,NO
msbf_m1,application_verification_fraud_snapshot,26,continuity_stress_worsening_flag,boolean,NO
msbf_m1,application_verification_fraud_snapshot,27,hard_stop_recommended_flag,boolean,NO
msbf_m1,application_verification_fraud_snapshot,28,manual_review_recommended_flag,boolean,NO
msbf_m1,application_verification_fraud_snapshot,29,verification_disposition,text,NO
msbf_m1,application_verification_fraud_snapshot,30,primary_reason_code,text,NO
msbf_m1,application_verification_fraud_snapshot,31,secondary_reason_codes,ARRAY,NO
msbf_m1,application_verification_fraud_snapshot,32,fraud_reason_flags,jsonb,NO
msbf_m1,application_verification_fraud_snapshot,33,row_hash,text,NO
msbf_m1,application_verification_fraud_snapshot,34,created_by_run_id,bigint,NO
msbf_m1,application_verification_fraud_snapshot,35,created_at,timestamp with time zone,NO
msbf_m1,collateral_availability_snapshot,1,merchant_application_id,text,NO
msbf_m1,collateral_availability_snapshot,2,collateral_type,text,NO
msbf_m1,collateral_availability_snapshot,3,as_of_date,date,NO
msbf_m1,collateral_availability_snapshot,4,gross_value,numeric,NO
msbf_m1,collateral_availability_snapshot,5,existing_lien_amount,numeric,NO
msbf_m1,collateral_availability_snapshot,6,estimated_haircut_rate,numeric,NO
msbf_m1,collateral_availability_snapshot,7,available_value,numeric,NO
msbf_m1,collateral_availability_snapshot,8,ownership_verified_flag,boolean,NO
msbf_m1,collateral_availability_snapshot,9,valuation_confidence_tier,smallint,NO
msbf_m1,collateral_availability_snapshot,10,source_snapshot_id,bigint,YES
msbf_m1,collateral_availability_snapshot,11,created_by_run_id,bigint,NO
msbf_m1,ead_path_snapshot,1,module1_run_id,bigint,NO
msbf_m1,ead_path_snapshot,2,merchant_application_id,text,NO
msbf_m1,ead_path_snapshot,3,path_day,smallint,NO
msbf_m1,ead_path_snapshot,4,expected_payment_amount,numeric,NO
msbf_m1,ead_path_snapshot,5,expected_principal_reduction,numeric,NO
msbf_m1,ead_path_snapshot,6,expected_outstanding_balance,numeric,NO
msbf_m1,ead_path_snapshot,7,default_timing_weight,numeric,NO
msbf_m1,ead_path_snapshot,8,weighted_ead_amount,numeric,NO
msbf_m1,ead_path_snapshot,9,path_hash,text,NO
msbf_m1,guarantee_availability_snapshot,1,merchant_application_id,text,NO
msbf_m1,guarantee_availability_snapshot,2,party_id,text,NO
msbf_m1,guarantee_availability_snapshot,3,as_of_date,date,NO
msbf_m1,guarantee_availability_snapshot,4,guarantee_type,text,NO
msbf_m1,guarantee_availability_snapshot,5,guarantee_available_flag,boolean,NO
msbf_m1,guarantee_availability_snapshot,6,guarantee_capacity_amount,numeric,YES
msbf_m1,guarantee_availability_snapshot,7,verification_status,text,NO
msbf_m1,guarantee_availability_snapshot,8,source_snapshot_id,bigint,YES
msbf_m1,guarantee_availability_snapshot,9,created_by_run_id,bigint,NO
msbf_m1,merchant_feature_snapshot,1,module1_run_id,bigint,NO
msbf_m1,merchant_feature_snapshot,2,merchant_application_id,text,NO
msbf_m1,merchant_feature_snapshot,3,population_id,text,NO
msbf_m1,merchant_feature_snapshot,4,scenario_id,bigint,NO
msbf_m1,merchant_feature_snapshot,5,as_of_date,date,NO
msbf_m1,merchant_feature_snapshot,6,merchant_id,text,NO
msbf_m1,merchant_feature_snapshot,7,industry_code,text,NO
msbf_m1,merchant_feature_snapshot,8,partner_channel_id,text,YES
msbf_m1,merchant_feature_snapshot,9,processor_account_id,text,NO
msbf_m1,merchant_feature_snapshot,10,history_start_date,date,NO
msbf_m1,merchant_feature_snapshot,11,history_end_date,date,NO
msbf_m1,merchant_feature_snapshot,12,pos_history_days,integer,NO
msbf_m1,merchant_feature_snapshot,13,deposit_history_days,integer,NO
msbf_m1,merchant_feature_snapshot,14,source_confidence_score,numeric,NO
msbf_m1,merchant_feature_snapshot,15,data_confidence_tier,text,NO
msbf_m1,merchant_feature_snapshot,16,processor_continuity_status,text,NO
msbf_m1,merchant_feature_snapshot,17,verification_status,text,NO
msbf_m1,merchant_feature_snapshot,18,fraud_risk_tier,smallint,NO
msbf_m1,merchant_feature_snapshot,19,avg_daily_eligible_sales_7d,numeric,YES
msbf_m1,merchant_feature_snapshot,20,avg_daily_eligible_sales_30d,numeric,YES
msbf_m1,merchant_feature_snapshot,21,avg_daily_eligible_sales_60d,numeric,YES
msbf_m1,merchant_feature_snapshot,22,avg_daily_eligible_sales_90d,numeric,YES
msbf_m1,merchant_feature_snapshot,23,annualized_eligible_sales,numeric,YES
msbf_m1,merchant_feature_snapshot,24,sales_growth_7d_vs_30d,numeric,YES
msbf_m1,merchant_feature_snapshot,25,sales_growth_30d_vs_90d,numeric,YES
msbf_m1,merchant_feature_snapshot,26,daily_sales_cv_30d,numeric,YES
msbf_m1,merchant_feature_snapshot,27,daily_sales_cv_90d,numeric,YES
msbf_m1,merchant_feature_snapshot,28,zero_sales_day_rate_30d,numeric,YES
msbf_m1,merchant_feature_snapshot,29,seasonality_index_180d,numeric,YES
msbf_m1,merchant_feature_snapshot,30,largest_30d_share_180d,numeric,YES
msbf_m1,merchant_feature_snapshot,31,refund_rate_30d,numeric,YES
msbf_m1,merchant_feature_snapshot,32,chargeback_rate_30d,numeric,YES
msbf_m1,merchant_feature_snapshot,33,reversal_rate_30d,numeric,YES
msbf_m1,merchant_feature_snapshot,34,deposit_to_eligible_sales_rate_30d,numeric,YES
msbf_m1,merchant_feature_snapshot,35,negative_balance_day_rate_30d,numeric,YES
msbf_m1,merchant_feature_snapshot,36,nsf_count_30d,integer,YES
msbf_m1,merchant_feature_snapshot,37,average_available_balance_30d,numeric,YES
msbf_m1,merchant_feature_snapshot,38,cash_flow_buffer_days,numeric,YES
msbf_m1,merchant_feature_snapshot,39,existing_monthly_debt_service,numeric,NO
msbf_m1,merchant_feature_snapshot,40,existing_daily_remittance_amount,numeric,NO
msbf_m1,merchant_feature_snapshot,41,active_short_term_advance_count,smallint,NO
msbf_m1,merchant_feature_snapshot,42,stacking_flag,boolean,NO
msbf_m1,merchant_feature_snapshot,43,months_in_business,integer,NO
msbf_m1,merchant_feature_snapshot,44,processor_tenure_months,integer,NO
msbf_m1,merchant_feature_snapshot,45,business_bureau_score,smallint,YES
msbf_m1,merchant_feature_snapshot,46,owner_credit_score,smallint,YES
msbf_m1,merchant_feature_snapshot,47,prior_default_flag,boolean,NO
msbf_m1,merchant_feature_snapshot,48,cashflow_archetype_code,text,NO
msbf_m1,merchant_feature_snapshot,49,adjusted_eligible_daily_revenue,numeric,NO
msbf_m1,merchant_feature_snapshot,50,industry_cash_flow_conversion_margin,numeric,NO
msbf_m1,merchant_feature_snapshot,51,adjusted_daily_cash_flow_available,numeric,NO
msbf_m1,merchant_feature_snapshot,52,requested_expected_daily_remittance,numeric,NO
msbf_m1,merchant_feature_snapshot,53,new_remittance_to_sales_rate,numeric,NO
msbf_m1,merchant_feature_snapshot,54,total_remittance_to_sales_rate,numeric,NO
msbf_m1,merchant_feature_snapshot,55,post_financing_coverage_ratio,numeric,YES
msbf_m1,merchant_feature_snapshot,56,residual_daily_cash_flow,numeric,NO
msbf_m1,merchant_feature_snapshot,57,funding_to_annualized_sales_rate,numeric,NO
msbf_m1,merchant_feature_snapshot,58,feature_snapshot_hash,text,NO
msbf_m1,merchant_feature_snapshot,59,created_at,timestamp with time zone,NO
msbf_m1,merchant_relationship_snapshot,1,merchant_id,text,NO
msbf_m1,merchant_relationship_snapshot,2,as_of_date,date,NO
msbf_m1,merchant_relationship_snapshot,3,relationship_stage,text,NO
msbf_m1,merchant_relationship_snapshot,4,prior_advance_count,integer,NO
msbf_m1,merchant_relationship_snapshot,5,completed_advance_count,integer,NO
msbf_m1,merchant_relationship_snapshot,6,prior_default_flag,boolean,NO
msbf_m1,merchant_relationship_snapshot,7,prior_payment_interruption_flag,boolean,NO
msbf_m1,merchant_relationship_snapshot,8,total_prior_funded_amount,numeric,NO
msbf_m1,merchant_relationship_snapshot,9,total_prior_repaid_amount,numeric,NO
msbf_m1,merchant_relationship_snapshot,10,deposit_relationship_flag,boolean,NO
msbf_m1,merchant_relationship_snapshot,11,merchant_services_relationship_flag,boolean,NO
msbf_m1,merchant_relationship_snapshot,12,wallet_share_proxy,numeric,YES
msbf_m1,merchant_relationship_snapshot,13,relationship_quality_tier,smallint,YES
msbf_m1,merchant_relationship_snapshot,14,snapshot_hash,text,NO
msbf_m1,merchant_relationship_snapshot,15,created_by_run_id,bigint,NO
msbf_m1,merchant_risk_snapshot,1,module1_run_id,bigint,NO
msbf_m1,merchant_risk_snapshot,2,merchant_application_id,text,NO
msbf_m1,merchant_risk_snapshot,3,as_of_date,date,NO
msbf_m1,merchant_risk_snapshot,4,base_credit_risk_points,numeric,NO
msbf_m1,merchant_risk_snapshot,5,cash_flow_risk_points,numeric,NO
msbf_m1,merchant_risk_snapshot,6,transaction_quality_points,numeric,NO
msbf_m1,merchant_risk_snapshot,7,liquidity_risk_points,numeric,NO
msbf_m1,merchant_risk_snapshot,8,obligation_risk_points,numeric,NO
msbf_m1,merchant_risk_snapshot,9,business_stability_points,numeric,NO
msbf_m1,merchant_risk_snapshot,10,business_owner_credit_points,numeric,NO
msbf_m1,merchant_risk_snapshot,11,industry_channel_points,numeric,NO
msbf_m1,merchant_risk_snapshot,12,data_confidence_points,numeric,NO
msbf_m1,merchant_risk_snapshot,13,requested_structure_points,numeric,NO
msbf_m1,merchant_risk_snapshot,14,raw_base_risk_score,numeric,NO
msbf_m1,merchant_risk_snapshot,15,base_credit_risk_proxy,numeric,NO
msbf_m1,merchant_risk_snapshot,16,requested_structure_risk_proxy,numeric,NO
msbf_m1,merchant_risk_snapshot,17,credit_risk_tier,smallint,NO
msbf_m1,merchant_risk_snapshot,18,fraud_risk_tier,smallint,NO
msbf_m1,merchant_risk_snapshot,19,data_confidence_tier,text,NO
msbf_m1,merchant_risk_snapshot,20,operational_continuity_status,text,NO
msbf_m1,merchant_risk_snapshot,21,expected_ead_amount,numeric,NO
msbf_m1,merchant_risk_snapshot,22,expected_ead_rate,numeric,NO
msbf_m1,merchant_risk_snapshot,23,lgd_input_rate,numeric,NO
msbf_m1,merchant_risk_snapshot,24,simple_expected_loss_amount,numeric,NO
msbf_m1,merchant_risk_snapshot,25,schedule_adjusted_expected_loss_amount,numeric,NO
msbf_m1,merchant_risk_snapshot,26,expected_loss_rate,numeric,NO
msbf_m1,merchant_risk_snapshot,27,risk_floor_applied_flag,boolean,NO
msbf_m1,merchant_risk_snapshot,28,risk_cap_applied_flag,boolean,NO
msbf_m1,merchant_risk_snapshot,29,hard_stop_recommended_flag,boolean,NO
msbf_m1,merchant_risk_snapshot,30,manual_review_recommended_flag,boolean,NO
msbf_m1,merchant_risk_snapshot,31,primary_reason_code,text,YES
msbf_m1,merchant_risk_snapshot,32,risk_snapshot_hash,text,NO
msbf_m1,merchant_risk_snapshot,33,created_at,timestamp with time zone,NO
msbf_m1,module1_archive,1,archive_id,bigint,NO
msbf_m1,module1_archive,2,module1_run_id,bigint,NO
msbf_m1,module1_archive,3,merchant_application_id,text,NO
msbf_m1,module1_archive,4,population_id,text,NO
msbf_m1,module1_archive,5,scenario_id,bigint,NO
msbf_m1,module1_archive,6,merchant_id,text,NO
msbf_m1,module1_archive,7,as_of_date,date,NO
msbf_m1,module1_archive,8,industry_code,text,NO
msbf_m1,module1_archive,9,partner_channel_id,text,YES
msbf_m1,module1_archive,10,data_confidence_tier,text,NO
msbf_m1,module1_archive,11,fraud_risk_tier,smallint,NO
msbf_m1,module1_archive,12,processor_continuity_status,text,NO
msbf_m1,module1_archive,13,cashflow_archetype_code,text,NO
msbf_m1,module1_archive,14,adjusted_eligible_daily_revenue,numeric,NO
msbf_m1,module1_archive,15,requested_funding_amount,numeric,NO
msbf_m1,module1_archive,16,requested_remittance_rate,numeric,NO
msbf_m1,module1_archive,17,requested_expected_payoff_days,smallint,NO
msbf_m1,module1_archive,18,requested_expected_daily_remittance,numeric,NO
msbf_m1,module1_archive,19,post_financing_coverage_ratio,numeric,YES
msbf_m1,module1_archive,20,base_credit_risk_proxy,numeric,NO
msbf_m1,module1_archive,21,requested_structure_risk_proxy,numeric,NO
msbf_m1,module1_archive,22,credit_risk_tier,smallint,NO
msbf_m1,module1_archive,23,expected_ead_amount,numeric,NO
msbf_m1,module1_archive,24,lgd_input_rate,numeric,NO
msbf_m1,module1_archive,25,schedule_adjusted_expected_loss_amount,numeric,NO
msbf_m1,module1_archive,26,expected_loss_rate,numeric,NO
msbf_m1,module1_archive,27,hard_stop_recommended_flag,boolean,NO
msbf_m1,module1_archive,28,manual_review_recommended_flag,boolean,NO
msbf_m1,module1_archive,29,primary_reason_code,text,YES
msbf_m1,module1_archive,30,contract_code,text,NO
msbf_m1,module1_archive,31,contract_version,integer,NO
msbf_m1,module1_archive,32,contract_row_hash,text,NO
msbf_m1,module1_archive,33,created_at,timestamp with time zone,NO
msbf_m1,module1_archive,34,archived_at,timestamp with time zone,NO
msbf_m1,module1_latest,1,module1_run_id,bigint,NO
msbf_m1,module1_latest,2,merchant_application_id,text,NO
msbf_m1,module1_latest,3,population_id,text,NO
msbf_m1,module1_latest,4,scenario_id,bigint,NO
msbf_m1,module1_latest,5,merchant_id,text,NO
msbf_m1,module1_latest,6,as_of_date,date,NO
msbf_m1,module1_latest,7,industry_code,text,NO
msbf_m1,module1_latest,8,partner_channel_id,text,YES
msbf_m1,module1_latest,9,data_confidence_tier,text,NO
msbf_m1,module1_latest,10,fraud_risk_tier,smallint,NO
msbf_m1,module1_latest,11,processor_continuity_status,text,NO
msbf_m1,module1_latest,12,cashflow_archetype_code,text,NO
msbf_m1,module1_latest,13,adjusted_eligible_daily_revenue,numeric,NO
msbf_m1,module1_latest,14,requested_funding_amount,numeric,NO
msbf_m1,module1_latest,15,requested_remittance_rate,numeric,NO
msbf_m1,module1_latest,16,requested_expected_payoff_days,smallint,NO
msbf_m1,module1_latest,17,requested_expected_daily_remittance,numeric,NO
msbf_m1,module1_latest,18,post_financing_coverage_ratio,numeric,YES
msbf_m1,module1_latest,19,base_credit_risk_proxy,numeric,NO
msbf_m1,module1_latest,20,requested_structure_risk_proxy,numeric,NO
msbf_m1,module1_latest,21,credit_risk_tier,smallint,NO
msbf_m1,module1_latest,22,expected_ead_amount,numeric,NO
msbf_m1,module1_latest,23,lgd_input_rate,numeric,NO
msbf_m1,module1_latest,24,schedule_adjusted_expected_loss_amount,numeric,NO
msbf_m1,module1_latest,25,expected_loss_rate,numeric,NO
msbf_m1,module1_latest,26,hard_stop_recommended_flag,boolean,NO
msbf_m1,module1_latest,27,manual_review_recommended_flag,boolean,NO
msbf_m1,module1_latest,28,primary_reason_code,text,YES
msbf_m1,module1_latest,29,contract_code,text,NO
msbf_m1,module1_latest,30,contract_version,integer,NO
msbf_m1,module1_latest,31,contract_row_hash,text,NO
msbf_m1,module1_latest,32,created_at,timestamp with time zone,NO
msbf_m1,population_registry,1,population_id,text,NO
msbf_m1,population_registry,2,population_version,integer,NO
msbf_m1,population_registry,3,parameter_set_id,bigint,NO
msbf_m1,population_registry,4,deterministic_seed_version,text,NO
msbf_m1,population_registry,5,merchant_count,integer,NO
msbf_m1,population_registry,6,history_start_date,date,NO
msbf_m1,population_registry,7,history_end_date,date,NO
msbf_m1,population_registry,8,population_status,text,NO
msbf_m1,population_registry,9,population_hash,text,YES
msbf_m1,population_registry,10,created_by_run_id,bigint,YES
msbf_m1,population_registry,11,created_at,timestamp with time zone,NO
msbf_m1,source_snapshot,1,source_snapshot_id,bigint,NO
msbf_m1,source_snapshot,2,module1_run_id,bigint,NO
msbf_m1,source_snapshot,3,merchant_application_id,text,NO
msbf_m1,source_snapshot,4,source_code,text,NO
msbf_m1,source_snapshot,5,source_contract_id,bigint,NO
msbf_m1,source_snapshot,6,as_of_timestamp,timestamp with time zone,NO
msbf_m1,source_snapshot,7,history_start_date,date,YES
msbf_m1,source_snapshot,8,history_end_date,date,YES
msbf_m1,source_snapshot,9,expected_observation_count,integer,YES
msbf_m1,source_snapshot,10,observed_observation_count,integer,YES
msbf_m1,source_snapshot,11,completeness_rate,numeric,YES
msbf_m1,source_snapshot,12,freshness_age_hours,integer,YES
msbf_m1,source_snapshot,13,reconciliation_rate,numeric,YES
msbf_m1,source_snapshot,14,availability_status,text,NO
msbf_m1,source_snapshot,15,quality_status,text,NO
msbf_m1,source_snapshot,16,data_confidence_score,numeric,NO
msbf_m1,source_snapshot,17,fallback_path_code,text,YES
msbf_m1,source_snapshot,18,source_hash,text,NO
msbf_m1,v_m1_15_latest_consumption,1,module1_run_id,bigint,YES
msbf_m1,v_m1_15_latest_consumption,2,scenario_id,bigint,YES
msbf_m1,v_m1_15_latest_consumption,3,merchant_application_id,text,YES
msbf_m1,v_m1_15_latest_consumption,4,population_id,text,YES
msbf_m1,v_m1_15_latest_consumption,5,merchant_id,text,YES
msbf_m1,v_m1_15_latest_consumption,6,as_of_date,date,YES
msbf_m1,v_m1_15_latest_consumption,7,scenario_code,text,YES
msbf_m1,v_m1_15_latest_consumption,8,industry_code,text,YES
msbf_m1,v_m1_15_latest_consumption,9,merchant_size_tier,text,YES
msbf_m1,v_m1_15_latest_consumption,10,relationship_stage,text,YES
msbf_m1,v_m1_15_latest_consumption,11,partner_channel_id,text,YES
msbf_m1,v_m1_15_latest_consumption,12,channel_type,text,YES
msbf_m1,v_m1_15_latest_consumption,13,source_confidence_score,numeric,YES
msbf_m1,v_m1_15_latest_consumption,14,data_confidence_tier,text,YES
msbf_m1,v_m1_15_latest_consumption,15,verification_disposition,text,YES
msbf_m1,v_m1_15_latest_consumption,16,fraud_risk_tier,smallint,YES
msbf_m1,v_m1_15_latest_consumption,17,processor_continuity_status,text,YES
msbf_m1,v_m1_15_latest_consumption,18,feature_completeness_status,text,YES
msbf_m1,v_m1_15_latest_consumption,19,avg_daily_eligible_sales_30d,numeric,YES
msbf_m1,v_m1_15_latest_consumption,20,annualized_eligible_sales,numeric,YES
msbf_m1,v_m1_15_latest_consumption,21,average_available_balance_30d,numeric,YES
msbf_m1,v_m1_15_latest_consumption,22,negative_balance_day_rate_30d,numeric,YES
msbf_m1,v_m1_15_latest_consumption,23,nsf_count_30d,integer,YES
msbf_m1,v_m1_15_latest_consumption,24,capacity_tier,smallint,YES
msbf_m1,v_m1_15_latest_consumption,25,capacity_evidence_status,text,YES
msbf_m1,v_m1_15_latest_consumption,26,affordability_status,text,YES
msbf_m1,v_m1_15_latest_consumption,27,sales_linked_payment_coverage_ratio,numeric,YES
msbf_m1,v_m1_15_latest_consumption,28,residual_daily_operating_cash_flow,numeric,YES
msbf_m1,v_m1_15_latest_consumption,29,post_financing_liquidity_buffer_amount,numeric,YES
msbf_m1,v_m1_15_latest_consumption,30,archetype_code,text,YES
msbf_m1,v_m1_15_latest_consumption,31,operating_resilience_score,numeric,YES
msbf_m1,v_m1_15_latest_consumption,32,resilience_tier,smallint,YES
msbf_m1,v_m1_15_latest_consumption,33,resilience_status,text,YES
msbf_m1,v_m1_15_latest_consumption,34,operating_resilience_evidence_status,text,YES
msbf_m1,v_m1_15_latest_consumption,35,integrated_risk_score,numeric,YES
msbf_m1,v_m1_15_latest_consumption,36,synthetic_merchant_risk_proxy,numeric,YES
msbf_m1,v_m1_15_latest_consumption,37,integrated_risk_tier,smallint,YES
msbf_m1,v_m1_15_latest_consumption,38,integrated_risk_status,text,YES
msbf_m1,v_m1_15_latest_consumption,39,integrated_risk_evidence_status,text,YES
msbf_m1,v_m1_15_latest_consumption,40,path_weighted_ead_amount,numeric,YES
msbf_m1,v_m1_15_latest_consumption,41,expected_ead_rate,numeric,YES
msbf_m1,v_m1_15_latest_consumption,42,recovery_rate_assumption,numeric,YES
msbf_m1,v_m1_15_latest_consumption,43,lgd_input_rate,numeric,YES
msbf_m1,v_m1_15_latest_consumption,44,schedule_adjusted_comparative_expected_loss_amount,numeric,YES
msbf_m1,v_m1_15_latest_consumption,45,schedule_adjusted_comparative_loss_rate,numeric,YES
msbf_m1,v_m1_15_latest_consumption,46,loss_evidence_status,text,YES
msbf_m1,v_m1_15_latest_consumption,47,gross_finance_revenue_amount,numeric,YES
msbf_m1,v_m1_15_latest_consumption,48,total_non_loss_cost_amount,numeric,YES
msbf_m1,v_m1_15_latest_consumption,49,risk_adjusted_contribution_amount,numeric,YES
msbf_m1,v_m1_15_latest_consumption,50,annualized_risk_adjusted_return_rate,numeric,YES
msbf_m1,v_m1_15_latest_consumption,51,economic_surplus_amount,numeric,YES
msbf_m1,v_m1_15_latest_consumption,52,economic_tier,smallint,YES
msbf_m1,v_m1_15_latest_consumption,53,economic_status,text,YES
msbf_m1,v_m1_15_latest_consumption,54,unit_economics_evidence_status,text,YES
msbf_m1,v_m1_15_latest_consumption,55,hard_stop_recommended_flag,boolean,YES
msbf_m1,v_m1_15_latest_consumption,56,manual_review_recommended_flag,boolean,YES
msbf_m1,v_m1_15_latest_consumption,57,contract_evidence_status,text,YES
msbf_m1,v_m1_15_latest_consumption,58,fallback_path_code,text,YES
msbf_m1,v_m1_15_latest_consumption,59,primary_contract_reason_code,text,YES
msbf_m1,v_m1_15_latest_consumption,60,secondary_contract_reason_codes,ARRAY,YES
msbf_m1,v_m1_15_latest_consumption,61,m1_8_row_hash,text,YES
msbf_m1,v_m1_15_latest_consumption,62,m1_9_row_hash,text,YES
msbf_m1,v_m1_15_latest_consumption,63,m1_10_row_hash,text,YES
msbf_m1,v_m1_15_latest_consumption,64,m1_11_row_hash,text,YES
msbf_m1,v_m1_15_latest_consumption,65,m1_12_row_hash,text,YES
msbf_m1,v_m1_15_latest_consumption,66,m1_13_row_hash,text,YES
msbf_m1,v_m1_15_latest_consumption,67,m1_14_row_hash,text,YES
msbf_m1,v_m1_15_latest_consumption,68,source_payload,jsonb,YES
msbf_m1,v_m1_15_latest_consumption,69,lineage_payload,jsonb,YES
msbf_m1,v_m1_15_latest_consumption,70,contract_code,text,YES
msbf_m1,v_m1_15_latest_consumption,71,contract_version,integer,YES
msbf_m1,v_m1_15_latest_consumption,72,schema_version,text,YES
msbf_m1,v_m1_15_latest_consumption,73,contract_row_hash,text,YES
msbf_m1,v_m1_15_latest_consumption,74,created_by_run_id,bigint,YES
msbf_m1,v_m1_15_latest_consumption,75,created_at,timestamp with time zone,YES
msbf_m1,v_m1_16_acquisition_latest,1,module1_run_id,bigint,YES
msbf_m1,v_m1_16_acquisition_latest,2,merchant_application_id,text,YES
msbf_m1,v_m1_16_acquisition_latest,3,population_id,text,YES
msbf_m1,v_m1_16_acquisition_latest,4,merchant_id,text,YES
msbf_m1,v_m1_16_acquisition_latest,5,as_of_date,date,YES
msbf_m1,v_m1_16_acquisition_latest,6,accepted_partner_channel_id,text,YES
msbf_m1,v_m1_16_acquisition_latest,7,accepted_channel_type,text,YES
msbf_m1,v_m1_16_acquisition_latest,8,accepted_application_channel,text,YES
msbf_m1,v_m1_16_acquisition_latest,9,primary_source_code,text,YES
msbf_m1,v_m1_16_acquisition_latest,10,primary_campaign_id,text,YES
msbf_m1,v_m1_16_acquisition_latest,11,attribution_method_code,text,YES
msbf_m1,v_m1_16_acquisition_latest,12,attribution_method_version,integer,YES
msbf_m1,v_m1_16_acquisition_latest,13,attribution_confidence_score,numeric,YES
msbf_m1,v_m1_16_acquisition_latest,14,attribution_confidence_tier,text,YES
msbf_m1,v_m1_16_acquisition_latest,15,touchpoint_count,smallint,YES
msbf_m1,v_m1_16_acquisition_latest,16,assisted_touch_count,smallint,YES
msbf_m1,v_m1_16_acquisition_latest,17,attribution_evidence_status,text,YES
msbf_m1,v_m1_16_acquisition_latest,18,direct_attributable_incurred_cost_amount,numeric,YES
msbf_m1,v_m1_16_acquisition_latest,19,internally_allocated_acquisition_cost_amount,numeric,YES
msbf_m1,v_m1_16_acquisition_latest,20,total_incurred_pre_application_cost_amount,numeric,YES
msbf_m1,v_m1_16_acquisition_latest,21,detailed_conditional_partner_broker_cost_amount,numeric,YES
msbf_m1,v_m1_16_acquisition_latest,22,detailed_total_acquisition_cost_if_booked,numeric,YES
msbf_m1,v_m1_16_acquisition_latest,23,accepted_m1_14_acquisition_cost_rate,numeric,YES
msbf_m1,v_m1_16_acquisition_latest,24,accepted_m1_14_acquisition_cost_amount,numeric,YES
msbf_m1,v_m1_16_acquisition_latest,25,legacy_m1_14_cost_scope_code,text,YES
msbf_m1,v_m1_16_acquisition_latest,26,identified_legacy_overlap_amount,numeric,YES
msbf_m1,v_m1_16_acquisition_latest,27,unmapped_legacy_proxy_amount,numeric,YES
msbf_m1,v_m1_16_acquisition_latest,28,incremental_acquisition_cost_beyond_m1_14,numeric,YES
msbf_m1,v_m1_16_acquisition_latest,29,enhanced_total_acquisition_cost_if_booked,numeric,YES
msbf_m1,v_m1_16_acquisition_latest,30,cost_evidence_status,text,YES
msbf_m1,v_m1_16_acquisition_latest,31,overlap_evidence_status,text,YES
msbf_m1,v_m1_16_acquisition_latest,32,acquisition_contract_evidence_status,text,YES
msbf_m1,v_m1_16_acquisition_latest,33,fallback_path_code,text,YES
msbf_m1,v_m1_16_acquisition_latest,34,primary_reason_code,text,YES
msbf_m1,v_m1_16_acquisition_latest,35,secondary_reason_codes,ARRAY,YES
msbf_m1,v_m1_16_acquisition_latest,36,attribution_snapshot_hash,text,YES
msbf_m1,v_m1_16_acquisition_latest,37,cost_snapshot_hash,text,YES
msbf_m1,v_m1_16_acquisition_latest,38,m1_14_baseline_row_hash,text,YES
msbf_m1,v_m1_16_acquisition_latest,39,m1_14_stress_row_hash,text,YES
msbf_m1,v_m1_16_acquisition_latest,40,m1_15_baseline_contract_row_hash,text,YES
msbf_m1,v_m1_16_acquisition_latest,41,m1_15_stress_contract_row_hash,text,YES
msbf_m1,v_m1_16_acquisition_latest,42,contract_code,text,YES
msbf_m1,v_m1_16_acquisition_latest,43,contract_version,integer,YES
msbf_m1,v_m1_16_acquisition_latest,44,schema_version,text,YES
msbf_m1,v_m1_16_acquisition_latest,45,contract_row_hash,text,YES
msbf_m1,v_m1_16_campaign_funnel,1,module1_run_id,bigint,YES
msbf_m1,v_m1_16_campaign_funnel,2,acquisition_campaign_id,text,YES
msbf_m1,v_m1_16_campaign_funnel,3,acquisition_source_code,text,YES
msbf_m1,v_m1_16_campaign_funnel,4,accepted_partner_channel_id,text,YES
msbf_m1,v_m1_16_campaign_funnel,5,campaign_family_code,text,YES
msbf_m1,v_m1_16_campaign_funnel,6,campaign_type,text,YES
msbf_m1,v_m1_16_campaign_funnel,7,campaign_name_synthetic,text,YES
msbf_m1,v_m1_16_campaign_funnel,8,campaign_status,text,YES
msbf_m1,v_m1_16_campaign_funnel,9,approval_status,text,YES
msbf_m1,v_m1_16_campaign_funnel,10,effective_start_date,date,YES
msbf_m1,v_m1_16_campaign_funnel,11,effective_end_date,date,YES
msbf_m1,v_m1_16_campaign_funnel,12,budget_amount,numeric,YES
msbf_m1,v_m1_16_campaign_funnel,13,spend_amount,numeric,YES
msbf_m1,v_m1_16_campaign_funnel,14,campaign_evidence_status,text,YES
msbf_m1,v_m1_16_campaign_funnel,15,stage_code,text,YES
msbf_m1,v_m1_16_campaign_funnel,16,stage_order,smallint,YES
msbf_m1,v_m1_16_campaign_funnel,17,stage_count,bigint,YES
msbf_m1,v_m1_16_campaign_funnel,18,conversion_rate_from_prior,numeric,YES
msbf_m1,v_m1_16_campaign_funnel,19,funnel_evidence_status,text,YES
msbf_m1,v_module1_latest_accepted,1,module1_run_id,bigint,YES
msbf_m1,v_module1_latest_accepted,2,merchant_application_id,text,YES
msbf_m1,v_module1_latest_accepted,3,population_id,text,YES
msbf_m1,v_module1_latest_accepted,4,scenario_id,bigint,YES
msbf_m1,v_module1_latest_accepted,5,merchant_id,text,YES
msbf_m1,v_module1_latest_accepted,6,as_of_date,date,YES
msbf_m1,v_module1_latest_accepted,7,industry_code,text,YES
msbf_m1,v_module1_latest_accepted,8,partner_channel_id,text,YES
msbf_m1,v_module1_latest_accepted,9,data_confidence_tier,text,YES
msbf_m1,v_module1_latest_accepted,10,fraud_risk_tier,smallint,YES
msbf_m1,v_module1_latest_accepted,11,processor_continuity_status,text,YES
msbf_m1,v_module1_latest_accepted,12,cashflow_archetype_code,text,YES
msbf_m1,v_module1_latest_accepted,13,adjusted_eligible_daily_revenue,numeric,YES
msbf_m1,v_module1_latest_accepted,14,requested_funding_amount,numeric,YES
msbf_m1,v_module1_latest_accepted,15,requested_remittance_rate,numeric,YES
msbf_m1,v_module1_latest_accepted,16,requested_expected_payoff_days,smallint,YES
msbf_m1,v_module1_latest_accepted,17,requested_expected_daily_remittance,numeric,YES
msbf_m1,v_module1_latest_accepted,18,post_financing_coverage_ratio,numeric,YES
msbf_m1,v_module1_latest_accepted,19,base_credit_risk_proxy,numeric,YES
msbf_m1,v_module1_latest_accepted,20,requested_structure_risk_proxy,numeric,YES
msbf_m1,v_module1_latest_accepted,21,credit_risk_tier,smallint,YES
msbf_m1,v_module1_latest_accepted,22,expected_ead_amount,numeric,YES
msbf_m1,v_module1_latest_accepted,23,lgd_input_rate,numeric,YES
msbf_m1,v_module1_latest_accepted,24,schedule_adjusted_expected_loss_amount,numeric,YES
msbf_m1,v_module1_latest_accepted,25,expected_loss_rate,numeric,YES
msbf_m1,v_module1_latest_accepted,26,hard_stop_recommended_flag,boolean,YES
msbf_m1,v_module1_latest_accepted,27,manual_review_recommended_flag,boolean,YES
msbf_m1,v_module1_latest_accepted,28,primary_reason_code,text,YES
msbf_m1,v_module1_latest_accepted,29,contract_code,text,YES
msbf_m1,v_module1_latest_accepted,30,contract_version,integer,YES
msbf_m1,v_module1_latest_accepted,31,contract_row_hash,text,YES
msbf_m1,v_module1_latest_accepted,32,created_at,timestamp with time zone,YES
msbf_m2,application_eligibility_routing_archive,1,archive_id,bigint,NO
msbf_m2,application_eligibility_routing_archive,2,module1_run_id,bigint,NO
msbf_m2,application_eligibility_routing_archive,3,contract_code,text,NO
msbf_m2,application_eligibility_routing_archive,4,contract_version,integer,NO
msbf_m2,application_eligibility_routing_archive,5,schema_version,text,NO
msbf_m2,application_eligibility_routing_archive,6,strategy_campaign_code,text,NO
msbf_m2,application_eligibility_routing_archive,7,scenario_id,bigint,NO
msbf_m2,application_eligibility_routing_archive,8,merchant_application_id,text,NO
msbf_m2,application_eligibility_routing_archive,9,contract_payload,jsonb,NO
msbf_m2,application_eligibility_routing_archive,10,contract_row_hash,text,NO
msbf_m2,application_eligibility_routing_archive,11,source_latest_row_hash,text,NO
msbf_m2,application_eligibility_routing_archive,12,archive_row_hash,text,NO
msbf_m2,application_eligibility_routing_archive,13,archived_at,timestamp with time zone,NO
msbf_m2,application_eligibility_routing_archive,14,created_at,timestamp with time zone,NO
msbf_m2,application_eligibility_routing_latest,1,module1_run_id,bigint,NO
msbf_m2,application_eligibility_routing_latest,2,contract_code,text,NO
msbf_m2,application_eligibility_routing_latest,3,contract_version,integer,NO
msbf_m2,application_eligibility_routing_latest,4,schema_version,text,NO
msbf_m2,application_eligibility_routing_latest,5,methodology_version,text,NO
msbf_m2,application_eligibility_routing_latest,6,strategy_campaign_code,text,NO
msbf_m2,application_eligibility_routing_latest,7,strategy_campaign_version,integer,NO
msbf_m2,application_eligibility_routing_latest,8,scenario_id,bigint,NO
msbf_m2,application_eligibility_routing_latest,9,scenario_code,text,NO
msbf_m2,application_eligibility_routing_latest,10,merchant_application_id,text,NO
msbf_m2,application_eligibility_routing_latest,11,population_id,text,NO
msbf_m2,application_eligibility_routing_latest,12,merchant_id,text,NO
msbf_m2,application_eligibility_routing_latest,13,as_of_date,date,NO
msbf_m2,application_eligibility_routing_latest,14,final_route_code,text,NO
msbf_m2,application_eligibility_routing_latest,15,final_route_rank,integer,NO
msbf_m2,application_eligibility_routing_latest,16,independent_route_code,text,NO
msbf_m2,application_eligibility_routing_latest,17,independent_route_rank,integer,NO
msbf_m2,application_eligibility_routing_latest,18,baseline_route_code,text,NO
msbf_m2,application_eligibility_routing_latest,19,baseline_route_rank,integer,NO
msbf_m2,application_eligibility_routing_latest,20,eligible_for_offer_design_flag,boolean,NO
msbf_m2,application_eligibility_routing_latest,21,hard_stop_flag,boolean,NO
msbf_m2,application_eligibility_routing_latest,22,stress_floor_applied_flag,boolean,NO
msbf_m2,application_eligibility_routing_latest,23,stress_worsening_flag,boolean,NO
msbf_m2,application_eligibility_routing_latest,24,pass_gate_count,integer,NO
msbf_m2,application_eligibility_routing_latest,25,review_gate_count,integer,NO
msbf_m2,application_eligibility_routing_latest,26,blocked_gate_count,integer,NO
msbf_m2,application_eligibility_routing_latest,27,fail_gate_count,integer,NO
msbf_m2,application_eligibility_routing_latest,28,primary_reason_code,text,NO
msbf_m2,application_eligibility_routing_latest,29,secondary_reason_code,text,YES
msbf_m2,application_eligibility_routing_latest,30,tertiary_reason_code,text,YES
msbf_m2,application_eligibility_routing_latest,31,reason_codes,jsonb,NO
msbf_m2,application_eligibility_routing_latest,32,routing_evidence_status,text,NO
msbf_m2,application_eligibility_routing_latest,33,source_m1_15_contract_row_hash,text,NO
msbf_m2,application_eligibility_routing_latest,34,source_m1_16_contract_row_hash,text,NO
msbf_m2,application_eligibility_routing_latest,35,source_g2_combined_hash,text,NO
msbf_m2,application_eligibility_routing_latest,36,policy_configuration_hash,text,NO
msbf_m2,application_eligibility_routing_latest,37,contract_row_hash,text,NO
msbf_m2,application_eligibility_routing_latest,38,created_at,timestamp with time zone,NO
msbf_m2,application_eligibility_routing_snapshot,1,module1_run_id,bigint,NO
msbf_m2,application_eligibility_routing_snapshot,2,strategy_campaign_code,text,NO
msbf_m2,application_eligibility_routing_snapshot,3,strategy_campaign_version,integer,NO
msbf_m2,application_eligibility_routing_snapshot,4,scenario_id,bigint,NO
msbf_m2,application_eligibility_routing_snapshot,5,scenario_code,text,NO
msbf_m2,application_eligibility_routing_snapshot,6,merchant_application_id,text,NO
msbf_m2,application_eligibility_routing_snapshot,7,population_id,text,NO
msbf_m2,application_eligibility_routing_snapshot,8,merchant_id,text,NO
msbf_m2,application_eligibility_routing_snapshot,9,as_of_date,date,NO
msbf_m2,application_eligibility_routing_snapshot,10,industry_code,text,NO
msbf_m2,application_eligibility_routing_snapshot,11,merchant_size_tier,text,NO
msbf_m2,application_eligibility_routing_snapshot,12,relationship_stage,text,NO
msbf_m2,application_eligibility_routing_snapshot,13,data_confidence_tier,text,YES
msbf_m2,application_eligibility_routing_snapshot,14,verification_disposition,text,YES
msbf_m2,application_eligibility_routing_snapshot,15,fraud_risk_tier,integer,YES
msbf_m2,application_eligibility_routing_snapshot,16,processor_continuity_status,text,YES
msbf_m2,application_eligibility_routing_snapshot,17,capacity_tier,integer,YES
msbf_m2,application_eligibility_routing_snapshot,18,affordability_status,text,YES
msbf_m2,application_eligibility_routing_snapshot,19,resilience_tier,integer,YES
msbf_m2,application_eligibility_routing_snapshot,20,integrated_risk_tier,integer,YES
msbf_m2,application_eligibility_routing_snapshot,21,economic_tier,integer,YES
msbf_m2,application_eligibility_routing_snapshot,22,economic_status,text,YES
msbf_m2,application_eligibility_routing_snapshot,23,m1_15_contract_evidence_status,text,NO
msbf_m2,application_eligibility_routing_snapshot,24,acquisition_contract_evidence_status,text,NO
msbf_m2,application_eligibility_routing_snapshot,25,independent_route_code,text,NO
msbf_m2,application_eligibility_routing_snapshot,26,independent_route_rank,integer,NO
msbf_m2,application_eligibility_routing_snapshot,27,baseline_route_code,text,NO
msbf_m2,application_eligibility_routing_snapshot,28,baseline_route_rank,integer,NO
msbf_m2,application_eligibility_routing_snapshot,29,final_route_code,text,NO
msbf_m2,application_eligibility_routing_snapshot,30,final_route_rank,integer,NO
msbf_m2,application_eligibility_routing_snapshot,31,pass_gate_count,integer,NO
msbf_m2,application_eligibility_routing_snapshot,32,review_gate_count,integer,NO
msbf_m2,application_eligibility_routing_snapshot,33,blocked_gate_count,integer,NO
msbf_m2,application_eligibility_routing_snapshot,34,fail_gate_count,integer,NO
msbf_m2,application_eligibility_routing_snapshot,35,hard_stop_gate_count,integer,NO
msbf_m2,application_eligibility_routing_snapshot,36,hard_stop_flag,boolean,NO
msbf_m2,application_eligibility_routing_snapshot,37,eligible_for_offer_design_flag,boolean,NO
msbf_m2,application_eligibility_routing_snapshot,38,stress_floor_applied_flag,boolean,NO
msbf_m2,application_eligibility_routing_snapshot,39,stress_worsening_flag,boolean,NO
msbf_m2,application_eligibility_routing_snapshot,40,primary_reason_code,text,NO
msbf_m2,application_eligibility_routing_snapshot,41,secondary_reason_code,text,YES
msbf_m2,application_eligibility_routing_snapshot,42,tertiary_reason_code,text,YES
msbf_m2,application_eligibility_routing_snapshot,43,reason_codes,jsonb,NO
msbf_m2,application_eligibility_routing_snapshot,44,routing_evidence_status,text,NO
msbf_m2,application_eligibility_routing_snapshot,45,source_m1_15_contract_row_hash,text,NO
msbf_m2,application_eligibility_routing_snapshot,46,source_m1_16_contract_row_hash,text,NO
msbf_m2,application_eligibility_routing_snapshot,47,source_g2_combined_hash,text,NO
msbf_m2,application_eligibility_routing_snapshot,48,policy_configuration_hash,text,NO
msbf_m2,application_eligibility_routing_snapshot,49,row_hash,text,NO
msbf_m2,application_eligibility_routing_snapshot,50,created_at,timestamp with time zone,NO
msbf_m2,application_policy_gate_result,1,module1_run_id,bigint,NO
msbf_m2,application_policy_gate_result,2,strategy_campaign_code,text,NO
msbf_m2,application_policy_gate_result,3,strategy_campaign_version,integer,NO
msbf_m2,application_policy_gate_result,4,scenario_id,bigint,NO
msbf_m2,application_policy_gate_result,5,scenario_code,text,NO
msbf_m2,application_policy_gate_result,6,merchant_application_id,text,NO
msbf_m2,application_policy_gate_result,7,population_id,text,NO
msbf_m2,application_policy_gate_result,8,merchant_id,text,NO
msbf_m2,application_policy_gate_result,9,gate_code,text,NO
msbf_m2,application_policy_gate_result,10,gate_sequence,integer,NO
msbf_m2,application_policy_gate_result,11,gate_outcome,text,NO
msbf_m2,application_policy_gate_result,12,gate_outcome_rank,integer,NO
msbf_m2,application_policy_gate_result,13,hard_stop_flag,boolean,NO
msbf_m2,application_policy_gate_result,14,reason_code,text,YES
msbf_m2,application_policy_gate_result,15,observed_value_text,text,YES
msbf_m2,application_policy_gate_result,16,threshold_value_text,text,NO
msbf_m2,application_policy_gate_result,17,gate_evidence_status,text,NO
msbf_m2,application_policy_gate_result,18,source_m1_15_contract_row_hash,text,NO
msbf_m2,application_policy_gate_result,19,source_m1_16_contract_row_hash,text,NO
msbf_m2,application_policy_gate_result,20,source_g2_combined_hash,text,NO
msbf_m2,application_policy_gate_result,21,policy_configuration_hash,text,NO
msbf_m2,application_policy_gate_result,22,row_hash,text,NO
msbf_m2,application_policy_gate_result,23,created_at,timestamp with time zone,NO
msbf_m2,policy_gate_definition,1,module1_run_id,bigint,NO
msbf_m2,policy_gate_definition,2,strategy_campaign_code,text,NO
msbf_m2,policy_gate_definition,3,gate_code,text,NO
msbf_m2,policy_gate_definition,4,gate_sequence,integer,NO
msbf_m2,policy_gate_definition,5,gate_name,text,NO
msbf_m2,policy_gate_definition,6,gate_category,text,NO
msbf_m2,policy_gate_definition,7,decision_influence_code,text,NO
msbf_m2,policy_gate_definition,8,source_field_code,text,NO
msbf_m2,policy_gate_definition,9,pass_rule,text,NO
msbf_m2,policy_gate_definition,10,review_rule,text,NO
msbf_m2,policy_gate_definition,11,fail_rule,text,NO
msbf_m2,policy_gate_definition,12,blocked_rule,text,NO
msbf_m2,policy_gate_definition,13,hard_stop_capable_flag,boolean,NO
msbf_m2,policy_gate_definition,14,active_flag,boolean,NO
msbf_m2,policy_gate_definition,15,row_hash,text,NO
msbf_m2,policy_gate_definition,16,created_at,timestamp with time zone,NO
msbf_m2,reason_code_definition,1,module1_run_id,bigint,NO
msbf_m2,reason_code_definition,2,strategy_campaign_code,text,NO
msbf_m2,reason_code_definition,3,reason_code,text,NO
msbf_m2,reason_code_definition,4,reason_category,text,NO
msbf_m2,reason_code_definition,5,reason_priority,integer,NO
msbf_m2,reason_code_definition,6,source_gate_code,text,YES
msbf_m2,reason_code_definition,7,associated_route_code,text,NO
msbf_m2,reason_code_definition,8,display_text,text,NO
msbf_m2,reason_code_definition,9,production_adverse_action_flag,boolean,NO
msbf_m2,reason_code_definition,10,active_flag,boolean,NO
msbf_m2,reason_code_definition,11,row_hash,text,NO
msbf_m2,reason_code_definition,12,created_at,timestamp with time zone,NO
msbf_m2,routing_outcome_definition,1,module1_run_id,bigint,NO
msbf_m2,routing_outcome_definition,2,strategy_campaign_code,text,NO
msbf_m2,routing_outcome_definition,3,route_code,text,NO
msbf_m2,routing_outcome_definition,4,route_rank,integer,NO
msbf_m2,routing_outcome_definition,5,route_name,text,NO
msbf_m2,routing_outcome_definition,6,eligible_for_offer_design_flag,boolean,NO
msbf_m2,routing_outcome_definition,7,terminal_flag,boolean,NO
msbf_m2,routing_outcome_definition,8,description,text,NO
msbf_m2,routing_outcome_definition,9,active_flag,boolean,NO
msbf_m2,routing_outcome_definition,10,row_hash,text,NO
msbf_m2,routing_outcome_definition,11,created_at,timestamp with time zone,NO
msbf_m2,strategy_campaign,1,module1_run_id,bigint,NO
msbf_m2,strategy_campaign,2,strategy_campaign_code,text,NO
msbf_m2,strategy_campaign,3,strategy_campaign_version,integer,NO
msbf_m2,strategy_campaign,4,strategy_campaign_name,text,NO
msbf_m2,strategy_campaign,5,strategy_type,text,NO
msbf_m2,strategy_campaign,6,policy_code,text,NO
msbf_m2,strategy_campaign,7,baseline_flag,boolean,NO
msbf_m2,strategy_campaign,8,campaign_status,text,NO
msbf_m2,strategy_campaign,9,effective_start_date,date,NO
msbf_m2,strategy_campaign,10,effective_end_date,date,YES
msbf_m2,strategy_campaign,11,description,text,NO
msbf_m2,strategy_campaign,12,source_g2_combined_hash,text,NO
msbf_m2,strategy_campaign,13,policy_configuration_hash,text,NO
msbf_m2,strategy_campaign,14,row_hash,text,NO
msbf_m2,strategy_campaign,15,created_at,timestamp with time zone,NO
msbf_m2,v_m2_1_eligibility_latest,1,module1_run_id,bigint,YES
msbf_m2,v_m2_1_eligibility_latest,2,contract_code,text,YES
msbf_m2,v_m2_1_eligibility_latest,3,contract_version,integer,YES
msbf_m2,v_m2_1_eligibility_latest,4,schema_version,text,YES
msbf_m2,v_m2_1_eligibility_latest,5,methodology_version,text,YES
msbf_m2,v_m2_1_eligibility_latest,6,strategy_campaign_code,text,YES
msbf_m2,v_m2_1_eligibility_latest,7,strategy_campaign_version,integer,YES
msbf_m2,v_m2_1_eligibility_latest,8,scenario_id,bigint,YES
msbf_m2,v_m2_1_eligibility_latest,9,scenario_code,text,YES
msbf_m2,v_m2_1_eligibility_latest,10,merchant_application_id,text,YES
msbf_m2,v_m2_1_eligibility_latest,11,population_id,text,YES
msbf_m2,v_m2_1_eligibility_latest,12,merchant_id,text,YES
msbf_m2,v_m2_1_eligibility_latest,13,as_of_date,date,YES
msbf_m2,v_m2_1_eligibility_latest,14,final_route_code,text,YES
msbf_m2,v_m2_1_eligibility_latest,15,final_route_rank,integer,YES
msbf_m2,v_m2_1_eligibility_latest,16,independent_route_code,text,YES
msbf_m2,v_m2_1_eligibility_latest,17,independent_route_rank,integer,YES
msbf_m2,v_m2_1_eligibility_latest,18,baseline_route_code,text,YES
msbf_m2,v_m2_1_eligibility_latest,19,baseline_route_rank,integer,YES
msbf_m2,v_m2_1_eligibility_latest,20,eligible_for_offer_design_flag,boolean,YES
msbf_m2,v_m2_1_eligibility_latest,21,hard_stop_flag,boolean,YES
msbf_m2,v_m2_1_eligibility_latest,22,stress_floor_applied_flag,boolean,YES
msbf_m2,v_m2_1_eligibility_latest,23,stress_worsening_flag,boolean,YES
msbf_m2,v_m2_1_eligibility_latest,24,pass_gate_count,integer,YES
msbf_m2,v_m2_1_eligibility_latest,25,review_gate_count,integer,YES
msbf_m2,v_m2_1_eligibility_latest,26,blocked_gate_count,integer,YES
msbf_m2,v_m2_1_eligibility_latest,27,fail_gate_count,integer,YES
msbf_m2,v_m2_1_eligibility_latest,28,primary_reason_code,text,YES
msbf_m2,v_m2_1_eligibility_latest,29,secondary_reason_code,text,YES
msbf_m2,v_m2_1_eligibility_latest,30,tertiary_reason_code,text,YES
msbf_m2,v_m2_1_eligibility_latest,31,reason_codes,jsonb,YES
msbf_m2,v_m2_1_eligibility_latest,32,routing_evidence_status,text,YES
msbf_m2,v_m2_1_eligibility_latest,33,source_m1_15_contract_row_hash,text,YES
msbf_m2,v_m2_1_eligibility_latest,34,source_m1_16_contract_row_hash,text,YES
msbf_m2,v_m2_1_eligibility_latest,35,source_g2_combined_hash,text,YES
msbf_m2,v_m2_1_eligibility_latest,36,policy_configuration_hash,text,YES
msbf_m2,v_m2_1_eligibility_latest,37,contract_row_hash,text,YES
msbf_m2,v_m2_1_eligibility_latest,38,created_at,timestamp with time zone,YES
msbf_m2,v_m2_1_gate_results,1,module1_run_id,bigint,YES
msbf_m2,v_m2_1_gate_results,2,strategy_campaign_code,text,YES
msbf_m2,v_m2_1_gate_results,3,strategy_campaign_version,integer,YES
msbf_m2,v_m2_1_gate_results,4,scenario_id,bigint,YES
msbf_m2,v_m2_1_gate_results,5,scenario_code,text,YES
msbf_m2,v_m2_1_gate_results,6,merchant_application_id,text,YES
msbf_m2,v_m2_1_gate_results,7,population_id,text,YES
msbf_m2,v_m2_1_gate_results,8,merchant_id,text,YES
msbf_m2,v_m2_1_gate_results,9,gate_code,text,YES
msbf_m2,v_m2_1_gate_results,10,gate_name,text,YES
msbf_m2,v_m2_1_gate_results,11,gate_category,text,YES
msbf_m2,v_m2_1_gate_results,12,decision_influence_code,text,YES
msbf_m2,v_m2_1_gate_results,13,gate_sequence,integer,YES
msbf_m2,v_m2_1_gate_results,14,gate_outcome,text,YES
msbf_m2,v_m2_1_gate_results,15,gate_outcome_rank,integer,YES
msbf_m2,v_m2_1_gate_results,16,hard_stop_flag,boolean,YES
msbf_m2,v_m2_1_gate_results,17,reason_code,text,YES
msbf_m2,v_m2_1_gate_results,18,observed_value_text,text,YES
msbf_m2,v_m2_1_gate_results,19,threshold_value_text,text,YES
msbf_m2,v_m2_1_gate_results,20,gate_evidence_status,text,YES
msbf_m2,v_m2_1_gate_results,21,row_hash,text,YES
msbf_m2,v_m2_1_matched_scenario_comparison,1,module1_run_id,bigint,YES
msbf_m2,v_m2_1_matched_scenario_comparison,2,strategy_campaign_code,text,YES
msbf_m2,v_m2_1_matched_scenario_comparison,3,merchant_application_id,text,YES
msbf_m2,v_m2_1_matched_scenario_comparison,4,population_id,text,YES
msbf_m2,v_m2_1_matched_scenario_comparison,5,merchant_id,text,YES
msbf_m2,v_m2_1_matched_scenario_comparison,6,baseline_scenario_id,bigint,YES
msbf_m2,v_m2_1_matched_scenario_comparison,7,baseline_route_code,text,YES
msbf_m2,v_m2_1_matched_scenario_comparison,8,baseline_route_rank,integer,YES
msbf_m2,v_m2_1_matched_scenario_comparison,9,baseline_primary_reason_code,text,YES
msbf_m2,v_m2_1_matched_scenario_comparison,10,stress_scenario_id,bigint,YES
msbf_m2,v_m2_1_matched_scenario_comparison,11,stress_route_code,text,YES
msbf_m2,v_m2_1_matched_scenario_comparison,12,stress_route_rank,integer,YES
msbf_m2,v_m2_1_matched_scenario_comparison,13,stress_primary_reason_code,text,YES
msbf_m2,v_m2_1_matched_scenario_comparison,14,route_rank_delta,integer,YES
msbf_m2,v_m2_1_matched_scenario_comparison,15,stress_floor_applied_flag,boolean,YES
msbf_m2,v_m2_1_matched_scenario_comparison,16,stress_worsening_flag,boolean,YES
msbf_m2,v_m2_1_matched_scenario_comparison,17,baseline_contract_row_hash,text,YES
msbf_m2,v_m2_1_matched_scenario_comparison,18,stress_contract_row_hash,text,YES
msbf_m2,v_m2_1_power_bi_routing,1,module1_run_id,bigint,YES
msbf_m2,v_m2_1_power_bi_routing,2,strategy_campaign_code,text,YES
msbf_m2,v_m2_1_power_bi_routing,3,scenario_id,bigint,YES
msbf_m2,v_m2_1_power_bi_routing,4,scenario_code,text,YES
msbf_m2,v_m2_1_power_bi_routing,5,merchant_application_id,text,YES
msbf_m2,v_m2_1_power_bi_routing,6,population_id,text,YES
msbf_m2,v_m2_1_power_bi_routing,7,merchant_id,text,YES
msbf_m2,v_m2_1_power_bi_routing,8,as_of_date,date,YES
msbf_m2,v_m2_1_power_bi_routing,9,final_route_code,text,YES
msbf_m2,v_m2_1_power_bi_routing,10,final_route_rank,integer,YES
msbf_m2,v_m2_1_power_bi_routing,11,eligible_for_offer_design_flag,boolean,YES
msbf_m2,v_m2_1_power_bi_routing,12,hard_stop_flag,boolean,YES
msbf_m2,v_m2_1_power_bi_routing,13,stress_floor_applied_flag,boolean,YES
msbf_m2,v_m2_1_power_bi_routing,14,stress_worsening_flag,boolean,YES
msbf_m2,v_m2_1_power_bi_routing,15,pass_gate_count,integer,YES
msbf_m2,v_m2_1_power_bi_routing,16,review_gate_count,integer,YES
msbf_m2,v_m2_1_power_bi_routing,17,blocked_gate_count,integer,YES
msbf_m2,v_m2_1_power_bi_routing,18,fail_gate_count,integer,YES
msbf_m2,v_m2_1_power_bi_routing,19,primary_reason_code,text,YES
msbf_m2,v_m2_1_power_bi_routing,20,secondary_reason_code,text,YES
msbf_m2,v_m2_1_power_bi_routing,21,tertiary_reason_code,text,YES
msbf_m2,v_m2_1_power_bi_routing,22,routing_evidence_status,text,YES
msbf_m2,v_m2_1_power_bi_routing,23,contract_row_hash,text,YES
msbf_ref,acceptance_gate_catalog,1,gate_id,text,NO
msbf_ref,acceptance_gate_catalog,2,gate_name,text,NO
msbf_ref,acceptance_gate_catalog,3,module_code,text,NO
msbf_ref,acceptance_gate_catalog,4,severity,text,NO
msbf_ref,acceptance_gate_catalog,5,active_flag,boolean,NO
msbf_ref,acceptance_gate_catalog,6,description,text,YES
