campaign_sequence,module_code,module_name,accepted_package_revision,program_order_within_module,program_code,program_type,source_path,source_sha256,required_predecessor_state,transaction_class,stop_on_error,normal_execution_flag,recovery_auto_invoke,required_checkpoint,checkpoint_query_status,evidence_export_class,rerun_policy,automation_status,campaign_rebase_status
1,G0,Physical Data Foundation,v0.2,1,00,PHYSICAL_SCHEMA,02_G0/sql/00_msbf_physical_schema_v0_2.sql,0b831b1f8d46fde7adc88965e84117f7ab22207f43938360efc25fc4d8b51366,EMPTY_DATABASE,SELF_MANAGED_TRANSACTION,YES,YES,NO,Schema completes without error; commit,CHECKPOINT_QUERY_TO_BE_COMPILED,CAPTURE_CHECKPOINT,Do not rerun against a populated accepted database,REUSED_V0_3_DEFINITION_OR_PLAN,REUSED_V0_3_DEFINITION_OR_PLAN
2,G0,Physical Data Foundation,v0.2,2,01,REFERENCE_SEED,02_G0/sql/01_msbf_reference_parameter_seed_v0_2.sql,2a911a455d6515f6ce1d02638d5e63aeb33af607fe1a2a9ea6ed3d98ca5608ca,EMPTY_DATABASE,SELF_MANAGED_TRANSACTION,YES,YES,NO,Accepted structural and seed counts; idempotent repeatability,CHECKPOINT_QUERY_TO_BE_COMPILED,CAPTURE_CHECKPOINT,May rerun only to verify idempotent seed counts before downstream population,REUSED_V0_3_DEFINITION_OR_PLAN,REUSED_V0_3_DEFINITION_OR_PLAN
3,G0,Physical Data Foundation,v0.2,3,G0V,FOUNDATION_VALIDATION,02_G0/tests/MSBF_Physical_Foundation_Live_Execution_Validation_Report_v0_2.sql,4d51306b3bed93b73c10cb55c479fdda55b8bb30506bbec8b2b6039190130362,EMPTY_DATABASE,READ_ONLY_OR_REPORTING,YES,YES,NO,Single-row validation matches accepted G0 structural values,CHECKPOINT_QUERY_TO_BE_COMPILED,ALWAYS_EXPORT,Safe read-only rerun,REUSED_V0_3_DEFINITION_OR_PLAN,REUSED_V0_3_DEFINITION_OR_PLAN
4,G1,Governed Run Control,v0.2,1,00,PREFLIGHT,03_G1/tests/00_msbf_g1_preflight_validation_v0_2.sql,db9e46946a1f4f003a7b2fd5700222e0f0afc0475ab8569e77410dbd9d3e8400,G0_ACCEPTED,READ_ONLY_OR_REPORTING,YES,YES,NO,preflight_status=PASS,CHECKPOINT_QUERY_TO_BE_COMPILED,ALWAYS_CAPTURE_CHECKPOINT,Safe before G1 bootstrap only,REUSED_V0_3_DEFINITION_OR_PLAN,REUSED_V0_3_DEFINITION_OR_PLAN
5,G1,Governed Run Control,v0.2,2,02,RUN_BOOTSTRAP,03_G1/sql/02_msbf_g1_run_configuration_bootstrap_v0_2.sql,e2638e11729f733c0bcc80a31bdd02ffd091bf0698614050da463c797d0de74a,G0_ACCEPTED,SELF_MANAGED_TRANSACTION,YES,YES,NO,run_status=READY_FOR_G1_VALIDATION; planned_merchant_count=750,CHECKPOINT_QUERY_TO_BE_COMPILED,CAPTURE_CHECKPOINT,Do not rerun after accepted G1 unless new run version,REUSED_V0_3_DEFINITION_OR_PLAN,REUSED_V0_3_DEFINITION_OR_PLAN
6,G1,Governed Run Control,v0.2,3,03,PARAMETER_PROFILE_SNAPSHOT,03_G1/sql/03_msbf_g1_parameter_resolution_and_profile_snapshot_v0_2.sql,2f277f45efa96a34fe6a8d53c4784fa314cf988aa273bea3071a6a51e42154e3,G0_ACCEPTED,SELF_MANAGED_TRANSACTION,YES,YES,NO,401 parameter rows; 18 profile rows; zero blocking errors,CHECKPOINT_QUERY_TO_BE_COMPILED,CAPTURE_HASH_CHECKPOINT,Rerun once before acceptance for repeatability only,REUSED_V0_3_DEFINITION_OR_PLAN,REUSED_V0_3_DEFINITION_OR_PLAN
7,G1,Governed Run Control,v0.2,4,04,SOURCE_CONTRACT_SNAPSHOT,03_G1/sql/04_msbf_g1_source_contract_snapshot_v0_2.sql,5d33b84bf999ddd97c285112dc41e58c4a2642ddc23aafc0c71a58cf266c5570,G0_ACCEPTED,SELF_MANAGED_TRANSACTION,YES,YES,NO,7 source snapshots; all CONTRACT_READY_PRE_GENERATION,CHECKPOINT_QUERY_TO_BE_COMPILED,CAPTURE_HASH_CHECKPOINT,Rerun once before acceptance for repeatability only,REUSED_V0_3_DEFINITION_OR_PLAN,REUSED_V0_3_DEFINITION_OR_PLAN
8,G1,Governed Run Control,v0.2,5,05,POSITIVE_VALIDATION,03_G1/sql/05_msbf_g1_readiness_validation_v0_2.sql,e8c811f37d9cd690bafbbf2d5d6416d3e8d13a211c80c0dee930c3dcb3475792,G0_ACCEPTED,SELF_MANAGED_TRANSACTION,YES,YES,NO,20/20 PASS; run_status=G1_VALIDATED,CHECKPOINT_QUERY_TO_BE_COMPILED,ALWAYS_EXPORT_SUMMARY_AND_FAILURES,May rerun before acceptance after governed correction,REUSED_V0_3_DEFINITION_OR_PLAN,REUSED_V0_3_DEFINITION_OR_PLAN
9,G1,Governed Run Control,v0.2,6,06,NEGATIVE_CONTROLS,03_G1/sql/06_msbf_g1_negative_control_tests_v0_2.sql,819f798d7b67360e586eb067efc5b288c2d2c53ee86303ff115173e9fd263dd7,G0_ACCEPTED,SELF_MANAGED_TRANSACTION,YES,YES,NO,3/3 PASS; run remains G1_VALIDATED,CHECKPOINT_QUERY_TO_BE_COMPILED,ALWAYS_EXPORT,May rerun before acceptance,REUSED_V0_3_DEFINITION_OR_PLAN,REUSED_V0_3_DEFINITION_OR_PLAN
10,G1,Governed Run Control,v0.2,7,07,ACCEPTANCE_FINALIZER,03_G1/sql/07_msbf_g1_acceptance_finalize_v0_2.sql,a3cf0d1abb655b068105b5c51227718c14cad5634acede543cd55f2ca597a814,G0_ACCEPTED,SELF_MANAGED_TRANSACTION,YES,YES,NO,G1_READY; READY_FOR_GENERATION; gate PASS,CHECKPOINT_QUERY_TO_BE_COMPILED,ALWAYS_EXPORT,No routine rerun,REUSED_V0_3_DEFINITION_OR_PLAN,REUSED_V0_3_DEFINITION_OR_PLAN
11,G1,Governed Run Control,v0.2,8,08,MASTER_REPORT,03_G1/tests/08_MSBF_G1_Governed_Run_Readiness_Master_Report_v0_2.sql,fe04271fef26d1cf49b30bcc77398f95893d2ae9997c54ca27ed6ac9ffcb805a,G0_ACCEPTED,READ_ONLY_OR_REPORTING,YES,YES,NO,overall_g1_status=PASS,REPORT_EXPORT_QUERY_REQUIRED,ALWAYS_EXPORT,Safe read-only rerun,REUSED_V0_3_DEFINITION_OR_PLAN,REUSED_V0_3_DEFINITION_OR_PLAN
12,G1,Governed Run Control,v0.2,9,09,DETAIL_REPORT,03_G1/tests/09_MSBF_G1_Governed_Run_Readiness_Detail_Report_v0_2.sql,c2ca144ae6e64596370cba05130787421646e5e666d160cd269dd2158ffc0c0a,G0_ACCEPTED,READ_ONLY_OR_REPORTING,YES,YES,NO,7 result sets; resolution errors empty,REPORT_EXPORT_QUERY_REQUIRED,ON_DEMAND_AFTER_SUMMARY_EXPORT,Safe read-only rerun,REUSED_V0_3_DEFINITION_OR_PLAN,REUSED_V0_3_DEFINITION_OR_PLAN
13,M1.2,Deterministic Merchant Population,v0.2R2,1,10,PREFLIGHT,04_M1_2/tests/10_msbf_m1_2_preflight_validation_v0_2.sql,977ff2a2a516dcb4ba2864225341bdff8aaa9626071d5e3c1b8ac5f7d23dec20,G1_READY,READ_ONLY_OR_REPORTING,YES,YES,NO,preflight_status=PASS,CHECKPOINT_QUERY_TO_BE_COMPILED,ALWAYS_CAPTURE_CHECKPOINT,May rerun before generation only,REUSED_V0_3_DEFINITION_OR_PLAN,REUSED_V0_3_DEFINITION_OR_PLAN
14,M1.2,Deterministic Merchant Population,v0.2R2,2,11,GENERATION,04_M1_2/sql/11_msbf_m1_2_deterministic_merchant_population_v0_2.sql,1e716816cb264915c510a4acc7bcb9eb59979a15883e6a74729ba4c6b69b0546,G1_READY,SELF_MANAGED_TRANSACTION,YES,YES,NO,run_status=M1_2_GENERATED; canonical mismatches=0,CHECKPOINT_QUERY_TO_BE_COMPILED,ALWAYS_CAPTURE_CHECKPOINT,Do not rerun after successful commit,REUSED_V0_3_DEFINITION_OR_PLAN,REUSED_V0_3_DEFINITION_OR_PLAN
15,M1.2,Deterministic Merchant Population,v0.2R2,3,12,POSITIVE_VALIDATION,04_M1_2/sql/12_msbf_m1_2_population_validation_v0_2.sql,17a4a41022fcd9867f299e228788b8a6c05d7a67e3da188b6c772be9a282028f,G1_READY,SELF_MANAGED_TRANSACTION,YES,YES,NO,36/36 PASS; run_status=M1_2_VALIDATED,CHECKPOINT_QUERY_TO_BE_COMPILED,ALWAYS_EXPORT_SUMMARY_AND_FAILURES,May rerun before formal acceptance,REUSED_V0_3_DEFINITION_OR_PLAN,REUSED_V0_3_DEFINITION_OR_PLAN
16,M1.2,Deterministic Merchant Population,v0.2R2,4,13,NEGATIVE_CONTROLS,04_M1_2/sql/13_msbf_m1_2_negative_control_tests_v0_2.sql,b20272de972702f0e972c1a488f05a61ecbcbae7bb91b48476f2b863f93d33e9,G1_READY,SELF_MANAGED_TRANSACTION,YES,YES,NO,3/3 PASS,CHECKPOINT_QUERY_TO_BE_COMPILED,ALWAYS_EXPORT,May rerun before formal acceptance,REUSED_V0_3_DEFINITION_OR_PLAN,REUSED_V0_3_DEFINITION_OR_PLAN
17,M1.2,Deterministic Merchant Population,v0.2R2,5,14,ACCEPTANCE_FINALIZER,04_M1_2/sql/14_msbf_m1_2_acceptance_finalize_v0_2.sql,5b3e2075e6a72c395af4c2823613a885cd209d30e7666dcc418e2eeea8a5c2ed,G1_READY,SELF_MANAGED_TRANSACTION,YES,YES,NO,run_status and population_status=M1_2_ACCEPTED; gate PASS,CHECKPOINT_QUERY_TO_BE_COMPILED,ALWAYS_EXPORT,No routine rerun required,REUSED_V0_3_DEFINITION_OR_PLAN,REUSED_V0_3_DEFINITION_OR_PLAN
18,M1.2,Deterministic Merchant Population,v0.2R2,6,15,MASTER_REPORT,04_M1_2/tests/15_MSBF_M1_2_Deterministic_Merchant_Population_Master_Report_v0_2.sql,44bb5d35769165afe6b949c055ade72314d6ac65b3c7fffd3f53b5df5520fc83,G1_READY,READ_ONLY_OR_REPORTING,YES,YES,NO,overall_m1_2_status=PASS,REPORT_EXPORT_QUERY_REQUIRED,ALWAYS_EXPORT,Safe read-only rerun,REUSED_V0_3_DEFINITION_OR_PLAN,REUSED_V0_3_DEFINITION_OR_PLAN
19,M1.2,Deterministic Merchant Population,v0.2R2,7,16,DETAIL_REPORT,04_M1_2/tests/16_MSBF_M1_2_Deterministic_Merchant_Population_Detail_Report_v0_2.sql,4529de57d9a164a44cbd255a58118639a48d2818bda15aa43d891e808766e79f,G1_READY,READ_ONLY_OR_REPORTING,YES,YES,NO,mismatch and blocking-error sets contain zero rows,REPORT_EXPORT_QUERY_REQUIRED,ON_DEMAND_AFTER_SUMMARY_EXPORT,Safe read-only rerun,REUSED_V0_3_DEFINITION_OR_PLAN,REUSED_V0_3_DEFINITION_OR_PLAN
20,M1.3,Application & Requested Sales-Linked Structure,v0.2R1,1,17,PREFLIGHT,05_M1_3/tests/17_msbf_m1_3_preflight_validation_v0_2.sql,6cae7e96dff46ab4146a391c91438dd331e5a6bd76a0b273cc412d9d5af634d9,M1_2_ACCEPTED,READ_ONLY_OR_REPORTING,YES,YES,NO,preflight_status=PASS,CHECKPOINT_QUERY_TO_BE_COMPILED,ALWAYS_CAPTURE_CHECKPOINT,YES before generation,REUSED_V0_3_DEFINITION_OR_PLAN,REUSED_V0_3_DEFINITION_OR_PLAN
21,M1.3,Application & Requested Sales-Linked Structure,v0.2R1,2,18,GENERATION,05_M1_3/sql/18_msbf_m1_3_application_request_generation_v0_2.sql,c2d04031ceed5d3474118b12b6859fdfecfc66fe36d6edbb40417aee4865637a,M1_2_ACCEPTED,SELF_MANAGED_TRANSACTION,YES,YES,NO,750 applications; 0 mismatches,CHECKPOINT_QUERY_TO_BE_COMPILED,ALWAYS_CAPTURE_CHECKPOINT,NO,REUSED_V0_3_DEFINITION_OR_PLAN,REUSED_V0_3_DEFINITION_OR_PLAN
22,M1.3,Application & Requested Sales-Linked Structure,v0.2R1,3,19,POSITIVE_VALIDATION,05_M1_3/sql/19_msbf_m1_3_application_validation_v0_2.sql,8d77f2c24e3b85f7ebe406b5ce9ca6b8a1106a3914de5b7de6779aa24231a957,M1_2_ACCEPTED,SELF_MANAGED_TRANSACTION,YES,YES,NO,42/42 PASS,CHECKPOINT_QUERY_TO_BE_COMPILED,ALWAYS_EXPORT_SUMMARY_AND_FAILURES,YES before acceptance,REUSED_V0_3_DEFINITION_OR_PLAN,REUSED_V0_3_DEFINITION_OR_PLAN
23,M1.3,Application & Requested Sales-Linked Structure,v0.2R1,4,20,NEGATIVE_CONTROLS,05_M1_3/sql/20_msbf_m1_3_negative_control_tests_v0_2.sql,705aac2d767d755fbaec28bb1227e2328b3791da0d5015133314a9be4f16afc0,M1_2_ACCEPTED,SELF_MANAGED_TRANSACTION,YES,YES,NO,3/3 PASS,CHECKPOINT_QUERY_TO_BE_COMPILED,ALWAYS_EXPORT,YES before acceptance,REUSED_V0_3_DEFINITION_OR_PLAN,REUSED_V0_3_DEFINITION_OR_PLAN
24,M1.3,Application & Requested Sales-Linked Structure,v0.2R1,5,21,ACCEPTANCE_FINALIZER,05_M1_3/sql/21_msbf_m1_3_acceptance_finalize_v0_2.sql,fdf6148395dc408108f612a535226d5abc49ca897f400dad53053e02f302f8d8,M1_2_ACCEPTED,SELF_MANAGED_TRANSACTION,YES,YES,NO,M1_3_ACCEPTED; gate PASS,CHECKPOINT_QUERY_TO_BE_COMPILED,ALWAYS_EXPORT,NO,REUSED_V0_3_DEFINITION_OR_PLAN,REUSED_V0_3_DEFINITION_OR_PLAN
25,M1.3,Application & Requested Sales-Linked Structure,v0.2R1,6,22,MASTER_REPORT,05_M1_3/tests/22_MSBF_M1_3_Application_Request_Master_Report_v0_2.sql,a207aa4a74fb4a165361f2479296c7734bc8b3655eb3f8ba390559124c0b460e,M1_2_ACCEPTED,READ_ONLY_OR_REPORTING,YES,YES,NO,overall_m1_3_status=PASS,REPORT_EXPORT_QUERY_REQUIRED,ALWAYS_EXPORT,YES,REUSED_V0_3_DEFINITION_OR_PLAN,REUSED_V0_3_DEFINITION_OR_PLAN
26,M1.3,Application & Requested Sales-Linked Structure,v0.2R1,7,23,DETAIL_REPORT,05_M1_3/tests/23_MSBF_M1_3_Application_Request_Detail_Report_v0_2.sql,51c84c5010307c3d1fba187bf97f24303da70d07460fe21bb641e99509fd94c8,M1_2_ACCEPTED,READ_ONLY_OR_REPORTING,YES,YES,NO,mismatch/error sets empty,REPORT_EXPORT_QUERY_REQUIRED,ON_DEMAND_AFTER_SUMMARY_EXPORT,YES,REUSED_V0_3_DEFINITION_OR_PLAN,REUSED_V0_3_DEFINITION_OR_PLAN
27,M1.4,"Daily POS, Settlement & Merchant Ecosystem",v0.2,1,24,PREFLIGHT,06_M1_4/tests/24_msbf_m1_4_preflight_validation_v0_2.sql,f30dc64a842854b23c3676ca5d1d878b5b0774b26179aecb6f98ed383a6889ad,M1_3_ACCEPTED,READ_ONLY_OR_REPORTING,YES,YES,NO,preflight_status = PASS,CHECKPOINT_QUERY_TO_BE_COMPILED,ALWAYS_CAPTURE_CHECKPOINT,REQUIRES_EXPLICIT_CATALOGING,REUSED_V0_3_DEFINITION_OR_PLAN,REUSED_V0_3_DEFINITION_OR_PLAN
28,M1.4,"Daily POS, Settlement & Merchant Ecosystem",v0.2,2,25,GENERATION,06_M1_4/sql/25_msbf_m1_4_enterprise_merchant_ecosystem_generation_v0_2.sql,29e2ae3477ca24ab982c11ce9f6e9027c2e3f09ee49f8a843721e418e1bbbc85,M1_3_ACCEPTED,SELF_MANAGED_TRANSACTION,YES,YES,NO,135000 rows; 750 merchants; 180 dates; zero canonical mismatches,CHECKPOINT_QUERY_TO_BE_COMPILED,ALWAYS_CAPTURE_CHECKPOINT,REQUIRES_EXPLICIT_CATALOGING,REUSED_V0_3_DEFINITION_OR_PLAN,REUSED_V0_3_DEFINITION_OR_PLAN
29,M1.4,"Daily POS, Settlement & Merchant Ecosystem",v0.2,3,26,POSITIVE_VALIDATION,06_M1_4/sql/26_msbf_m1_4_enterprise_merchant_ecosystem_validation_v0_2.sql,ac8cc4bc431f33455507b63a36ee92b0d4c3aa16cdf99927a8b0ba40d241edb8,M1_3_ACCEPTED,SELF_MANAGED_TRANSACTION,YES,YES,NO,52 of 52 PASS; run_status = M1_4_VALIDATED,CHECKPOINT_QUERY_TO_BE_COMPILED,ALWAYS_EXPORT_SUMMARY_AND_FAILURES,REQUIRES_EXPLICIT_CATALOGING,REUSED_V0_3_DEFINITION_OR_PLAN,REUSED_V0_3_DEFINITION_OR_PLAN
30,M1.4,"Daily POS, Settlement & Merchant Ecosystem",v0.2,4,27,NEGATIVE_CONTROLS,06_M1_4/sql/27_msbf_m1_4_negative_control_tests_v0_2.sql,f8a435aa8541b07394064e8af4f2d40bf05e3c2c06f7fdac7bb3855f1cba3fd5,M1_3_ACCEPTED,SELF_MANAGED_TRANSACTION,YES,YES,NO,4 of 4 PASS,CHECKPOINT_QUERY_TO_BE_COMPILED,ALWAYS_EXPORT,REQUIRES_EXPLICIT_CATALOGING,REUSED_V0_3_DEFINITION_OR_PLAN,REUSED_V0_3_DEFINITION_OR_PLAN
31,M1.4,"Daily POS, Settlement & Merchant Ecosystem",v0.2,5,28,ACCEPTANCE_FINALIZER,06_M1_4/sql/28_msbf_m1_4_acceptance_finalize_v0_2.sql,ba9e8d8a455493965894fb141804cd55f033366f183977e61c0e15536fe87d9c,M1_3_ACCEPTED,SELF_MANAGED_TRANSACTION,YES,YES,NO,M1_4 gate PASS; run_status = M1_4_ACCEPTED,CHECKPOINT_QUERY_TO_BE_COMPILED,ALWAYS_EXPORT,REQUIRES_EXPLICIT_CATALOGING,REUSED_V0_3_DEFINITION_OR_PLAN,REUSED_V0_3_DEFINITION_OR_PLAN
32,M1.4,"Daily POS, Settlement & Merchant Ecosystem",v0.2,6,29,MASTER_REPORT,06_M1_4/tests/29_MSBF_M1_4_Enterprise_Merchant_Ecosystem_Master_Report_v0_2.sql,7548bac2cd8a90c2cf6497e59bacc62853f636169a0d3f86195768a2f604f434,M1_3_ACCEPTED,READ_ONLY_OR_REPORTING,YES,YES,NO,overall_m1_4_status = PASS,REPORT_EXPORT_QUERY_REQUIRED,ALWAYS_EXPORT,Safe read-only rerun,REUSED_V0_3_DEFINITION_OR_PLAN,REUSED_V0_3_DEFINITION_OR_PLAN
33,M1.4,"Daily POS, Settlement & Merchant Ecosystem",v0.2,7,30,DETAIL_REPORT,06_M1_4/tests/30_MSBF_M1_4_Enterprise_Merchant_Ecosystem_Detail_Report_v0_2.sql,dcfde13f00dcd363337c5d8afce45566aa98839ede4040d6faba36d83263db21,M1_3_ACCEPTED,SELF_MANAGED_TRANSACTION,YES,YES,NO,mismatch and blocking-error sets contain zero rows,REPORT_EXPORT_QUERY_REQUIRED,ON_DEMAND_AFTER_SUMMARY_EXPORT,Safe read-only rerun,REUSED_V0_3_DEFINITION_OR_PLAN,REUSED_V0_3_DEFINITION_OR_PLAN
34,M1.5,Daily Deposit & Liquidity History,v0.2R2,1,31,PREFLIGHT,07_M1_5/tests/31_msbf_m1_5_preflight_validation_v0_2.sql,1e6341bb7b52ad1106bd0d447dc46ce04a8d42840cbb390082872472bbbf57ff,M1_4_ACCEPTED,READ_ONLY_OR_REPORTING,YES,YES,NO,preflight_status = PASS,CHECKPOINT_QUERY_TO_BE_COMPILED,ALWAYS_CAPTURE_CHECKPOINT,REQUIRES_EXPLICIT_CATALOGING,REUSED_V0_3_DEFINITION_OR_PLAN,REUSED_V0_3_DEFINITION_OR_PLAN
35,M1.5,Daily Deposit & Liquidity History,v0.2R2,2,32,GENERATION,07_M1_5/sql/32_msbf_m1_5_daily_deposit_liquidity_generation_v0_2.sql,14e371316859a5ebd5529fff56028e28ef5bdb9d77cb3419879a8d76f59a5a86,M1_4_ACCEPTED,SELF_MANAGED_TRANSACTION,YES,YES,NO,"135,000 rows; 750 merchants; 180 dates; zero mismatches",CHECKPOINT_QUERY_TO_BE_COMPILED,ALWAYS_CAPTURE_CHECKPOINT,REQUIRES_EXPLICIT_CATALOGING,REUSED_V0_3_DEFINITION_OR_PLAN,REUSED_V0_3_DEFINITION_OR_PLAN
36,M1.5,Daily Deposit & Liquidity History,v0.2R2,3,33,POSITIVE_VALIDATION,07_M1_5/sql/33_msbf_m1_5_daily_deposit_liquidity_validation_v0_2.sql,88c5a9fedde91d8405e9682b22b3e268d0017f0f1ca7d24c3335193b2b37efa4,M1_4_ACCEPTED,SELF_MANAGED_TRANSACTION,YES,YES,NO,56 of 56 PASS; run_status = M1_5_VALIDATED,CHECKPOINT_QUERY_TO_BE_COMPILED,ALWAYS_EXPORT_SUMMARY_AND_FAILURES,REQUIRES_EXPLICIT_CATALOGING,REUSED_V0_3_DEFINITION_OR_PLAN,REUSED_V0_3_DEFINITION_OR_PLAN
37,M1.5,Daily Deposit & Liquidity History,v0.2R2,4,34,NEGATIVE_CONTROLS,07_M1_5/sql/34_msbf_m1_5_negative_control_tests_v0_2.sql,79e789dba896c446cddab4ad54da6a87460bc69dd055143532272e7dda4bcfaf,M1_4_ACCEPTED,SELF_MANAGED_TRANSACTION,YES,YES,NO,4 of 4 PASS,CHECKPOINT_QUERY_TO_BE_COMPILED,ALWAYS_EXPORT,REQUIRES_EXPLICIT_CATALOGING,REUSED_V0_3_DEFINITION_OR_PLAN,REUSED_V0_3_DEFINITION_OR_PLAN
38,M1.5,Daily Deposit & Liquidity History,v0.2R2,5,35,ACCEPTANCE_FINALIZER,07_M1_5/sql/35_msbf_m1_5_acceptance_finalize_v0_2.sql,00bdf7e90ea2bdb987817302cac5045643236fbfdd23a9fd374b57ff18d5c79b,M1_4_ACCEPTED,SELF_MANAGED_TRANSACTION,YES,YES,NO,gate PASS; run_status = M1_5_ACCEPTED,CHECKPOINT_QUERY_TO_BE_COMPILED,ALWAYS_EXPORT,REQUIRES_EXPLICIT_CATALOGING,REUSED_V0_3_DEFINITION_OR_PLAN,REUSED_V0_3_DEFINITION_OR_PLAN
39,M1.5,Daily Deposit & Liquidity History,v0.2R2,6,36,MASTER_REPORT,07_M1_5/tests/36_MSBF_M1_5_Daily_Deposit_Liquidity_Master_Report_v0_2.sql,7ebe8ac21ffed4e8a677cb771c064ed555dd37d86bf21c9668c82f379bb10284,M1_4_ACCEPTED,READ_ONLY_OR_REPORTING,YES,YES,NO,overall_m1_5_status = PASS,REPORT_EXPORT_QUERY_REQUIRED,ALWAYS_EXPORT,Safe read-only rerun,REUSED_V0_3_DEFINITION_OR_PLAN,REUSED_V0_3_DEFINITION_OR_PLAN
40,M1.5,Daily Deposit & Liquidity History,v0.2R2,7,37,DETAIL_REPORT,07_M1_5/tests/37_MSBF_M1_5_Daily_Deposit_Liquidity_Detail_Report_v0_2.sql,d273d9a3c014169ade50efbadf9ee6c775827b99ec15db854a4affef21bac347,M1_4_ACCEPTED,SELF_MANAGED_TRANSACTION,YES,YES,NO,14 result sets; mismatch/error sets empty,REPORT_EXPORT_QUERY_REQUIRED,ON_DEMAND_AFTER_SUMMARY_EXPORT,Safe read-only rerun,REUSED_V0_3_DEFINITION_OR_PLAN,REUSED_V0_3_DEFINITION_OR_PLAN
41,M1.6,Matched POS & Deposit Scenario Overlays,v0.2R3,1,38,PREFLIGHT,08_M1_6/tests/38_msbf_m1_6_preflight_validation_v0_2.sql,40317134371f86d2a918b6d3c52ecaa97d7a9ebd0f18267afcdf09bf80810a11,M1_5_ACCEPTED,READ_ONLY_OR_REPORTING,YES,YES,NO,preflight_status = PASS,CHECKPOINT_QUERY_TO_BE_COMPILED,ALWAYS_CAPTURE_CHECKPOINT,REQUIRES_EXPLICIT_CATALOGING,REUSED_V0_3_DEFINITION_OR_PLAN,REUSED_V0_3_DEFINITION_OR_PLAN
42,M1.6,Matched POS & Deposit Scenario Overlays,v0.2R3,2,39,GENERATION,08_M1_6/sql/39_msbf_m1_6_matched_scenario_overlay_generation_v0_2.sql,508d8e39e17d74499661cc2761dcbaf7cb7acc4a1df25eede78185693a751b3c,M1_5_ACCEPTED,SELF_MANAGED_TRANSACTION,YES,YES,NO,270000 POS + 270000 deposit rows; generation_status = PASS,CHECKPOINT_QUERY_TO_BE_COMPILED,ALWAYS_CAPTURE_CHECKPOINT,REQUIRES_EXPLICIT_CATALOGING,REUSED_V0_3_DEFINITION_OR_PLAN,REUSED_V0_3_DEFINITION_OR_PLAN
43,M1.6,Matched POS & Deposit Scenario Overlays,v0.2R3,3,40,POSITIVE_VALIDATION,08_M1_6/sql/40_msbf_m1_6_matched_scenario_overlay_validation_v0_2.sql,cfcbaae40d292843e6b5144a2b1eadc5b499dac37705d4a519406ab590cd0dd0,M1_5_ACCEPTED,SELF_MANAGED_TRANSACTION,YES,YES,NO,62 / 62 positive checks PASS,CHECKPOINT_QUERY_TO_BE_COMPILED,ALWAYS_EXPORT_SUMMARY_AND_FAILURES,REQUIRES_EXPLICIT_CATALOGING,REUSED_V0_3_DEFINITION_OR_PLAN,REUSED_V0_3_DEFINITION_OR_PLAN
44,M1.6,Matched POS & Deposit Scenario Overlays,v0.2R3,4,41,NEGATIVE_CONTROLS,08_M1_6/sql/41_msbf_m1_6_negative_control_tests_v0_2.sql,59af29ba30eb28a7abc23896d3675c3dee63b1649bdca1bb49ddb710806414b3,M1_5_ACCEPTED,SELF_MANAGED_TRANSACTION,YES,YES,NO,5 / 5 negative controls PASS,CHECKPOINT_QUERY_TO_BE_COMPILED,ALWAYS_EXPORT,REQUIRES_EXPLICIT_CATALOGING,REUSED_V0_3_DEFINITION_OR_PLAN,REUSED_V0_3_DEFINITION_OR_PLAN
45,M1.6,Matched POS & Deposit Scenario Overlays,v0.2R3,5,42,ACCEPTANCE_FINALIZER,08_M1_6/sql/42_msbf_m1_6_acceptance_finalize_v0_2.sql,5d0255bfe34b3f7659e7c146b75b3a4184957e774e04e7542b7e1c3c9f13278d,M1_5_ACCEPTED,SELF_MANAGED_TRANSACTION,YES,YES,NO,Gate PASS; run_status = M1_6_ACCEPTED,CHECKPOINT_QUERY_TO_BE_COMPILED,ALWAYS_EXPORT,REQUIRES_EXPLICIT_CATALOGING,REUSED_V0_3_DEFINITION_OR_PLAN,REUSED_V0_3_DEFINITION_OR_PLAN
46,M1.6,Matched POS & Deposit Scenario Overlays,v0.2R3,6,43,MASTER_REPORT,08_M1_6/tests/43_MSBF_M1_6_Matched_Scenario_Overlay_Master_Report_v0_2.sql,e7ad805f5e908e4795b62db7d5de0144623ad5eaaef2c358415001b037ac4357,M1_5_ACCEPTED,READ_ONLY_OR_REPORTING,YES,YES,NO,overall_m1_6_status = PASS,REPORT_EXPORT_QUERY_REQUIRED,ALWAYS_EXPORT,Safe read-only rerun,REUSED_V0_3_DEFINITION_OR_PLAN,REUSED_V0_3_DEFINITION_OR_PLAN
47,M1.6,Matched POS & Deposit Scenario Overlays,v0.2R3,7,44,DETAIL_REPORT,08_M1_6/tests/44_MSBF_M1_6_Matched_Scenario_Overlay_Detail_Report_v0_2.sql,1d4966a414bf00c74ac91fe517b4f71db3e078198ed1f4c2a108846dc80bf7e2,M1_5_ACCEPTED,SELF_MANAGED_TRANSACTION,YES,YES,NO,16 result sets; mismatch/error sets empty,REPORT_EXPORT_QUERY_REQUIRED,ON_DEMAND_AFTER_SUMMARY_EXPORT,Safe read-only rerun,REUSED_V0_3_DEFINITION_OR_PLAN,REUSED_V0_3_DEFINITION_OR_PLAN
48,M1.7,Source Quality & Data Confidence,v0.2,1,45,PREFLIGHT,09_M1_7/tests/45_msbf_m1_7_preflight_validation_v0_2.sql,dcf620e4c0e9fb181cd83d0644ad21613b09d3fd32742b5348fb6cd4f5454cf3,M1_6_ACCEPTED,READ_ONLY_OR_REPORTING,YES,YES,NO,preflight_status = PASS,CHECKPOINT_QUERY_TO_BE_COMPILED,ALWAYS_CAPTURE_CHECKPOINT,REQUIRES_EXPLICIT_CATALOGING,REUSED_V0_3_DEFINITION_OR_PLAN,REUSED_V0_3_DEFINITION_OR_PLAN
49,M1.7,Source Quality & Data Confidence,v0.2,2,46,GENERATION,09_M1_7/sql/46_msbf_m1_7_source_quality_data_confidence_generation_v0_2.sql,f7e00a8617f767cd1d522bab25dc76a83e403271f14a50f710726262a634a3c4,M1_6_ACCEPTED,SELF_MANAGED_TRANSACTION,YES,YES,NO,"5,250 rows; generation_status = PASS",CHECKPOINT_QUERY_TO_BE_COMPILED,ALWAYS_CAPTURE_CHECKPOINT,REQUIRES_EXPLICIT_CATALOGING,REUSED_V0_3_DEFINITION_OR_PLAN,REUSED_V0_3_DEFINITION_OR_PLAN
50,M1.7,Source Quality & Data Confidence,v0.2,3,47,POSITIVE_VALIDATION,09_M1_7/sql/47_msbf_m1_7_source_quality_data_confidence_validation_v0_2.sql,c93b813dbb68cb290c85a7a4d00879750632f823fd1a161e06a83dff1e30eba3,M1_6_ACCEPTED,SELF_MANAGED_TRANSACTION,YES,YES,NO,55 / 55 PASS,CHECKPOINT_QUERY_TO_BE_COMPILED,ALWAYS_EXPORT_SUMMARY_AND_FAILURES,REQUIRES_EXPLICIT_CATALOGING,REUSED_V0_3_DEFINITION_OR_PLAN,REUSED_V0_3_DEFINITION_OR_PLAN
51,M1.7,Source Quality & Data Confidence,v0.2,4,48,NEGATIVE_CONTROLS,09_M1_7/sql/48_msbf_m1_7_negative_control_tests_v0_2.sql,7795e84a540bf51fb3ce4aac8fde79685c7d4ce255e1e53c4a388f33dfe07466,M1_6_ACCEPTED,SELF_MANAGED_TRANSACTION,YES,YES,NO,5 / 5 PASS,CHECKPOINT_QUERY_TO_BE_COMPILED,ALWAYS_EXPORT,REQUIRES_EXPLICIT_CATALOGING,REUSED_V0_3_DEFINITION_OR_PLAN,REUSED_V0_3_DEFINITION_OR_PLAN
52,M1.7,Source Quality & Data Confidence,v0.2,5,49,ACCEPTANCE_FINALIZER,09_M1_7/sql/49_msbf_m1_7_acceptance_finalize_v0_2.sql,2d48a477e95d372be37bb0ef4bcdc8287160735c604a881a1448cab0fe2b2141,M1_6_ACCEPTED,SELF_MANAGED_TRANSACTION,YES,YES,NO,Gate PASS; M1_7_ACCEPTED,CHECKPOINT_QUERY_TO_BE_COMPILED,ALWAYS_EXPORT,REQUIRES_EXPLICIT_CATALOGING,REUSED_V0_3_DEFINITION_OR_PLAN,REUSED_V0_3_DEFINITION_OR_PLAN
53,M1.7,Source Quality & Data Confidence,v0.2,6,50,MASTER_REPORT,09_M1_7/tests/50_MSBF_M1_7_Source_Quality_Data_Confidence_Master_Report_v0_2.sql,73207597a9066dc09fb02fe6296a8ee2a0c6ee49d3d85d6d7d5c77a2157a2f95,M1_6_ACCEPTED,READ_ONLY_OR_REPORTING,YES,YES,NO,overall_m1_7_status = PASS,REPORT_EXPORT_QUERY_REQUIRED,ALWAYS_EXPORT,Safe read-only rerun,REUSED_V0_3_DEFINITION_OR_PLAN,REUSED_V0_3_DEFINITION_OR_PLAN
54,M1.7,Source Quality & Data Confidence,v0.2,7,51,DETAIL_REPORT,09_M1_7/tests/51_MSBF_M1_7_Source_Quality_Data_Confidence_Detail_Report_v0_2.sql,b7781a096e682c0649ad06522e84af82872915f52ad72361bb83b6ba22fe3094,M1_6_ACCEPTED,SELF_MANAGED_TRANSACTION,YES,YES,NO,15 result sets; sets 13 and 15 empty,REPORT_EXPORT_QUERY_REQUIRED,ON_DEMAND_AFTER_SUMMARY_EXPORT,Safe read-only rerun,REUSED_V0_3_DEFINITION_OR_PLAN,REUSED_V0_3_DEFINITION_OR_PLAN
55,M1.8,"Verification, Fraud & Processor Continuity",v0.2R1,1,52,SCHEMA_POLICY_EXTENSION,10_M1_8/sql/52_msbf_m1_8_schema_policy_extension_v0_2R1.sql,73e9b3c5274a5c66054036966089208077af902a7a4a8f6e6956ca73c49f782b,M1_7_ACCEPTED,SELF_MANAGED_TRANSACTION,YES,YES,NO,Extension PASS; M1_8_METHOD_V1_1; stress floor enabled,CHECKPOINT_QUERY_TO_BE_COMPILED,ALWAYS_CAPTURE_CHECKPOINT,REQUIRES_EXPLICIT_CATALOGING,REUSED_V0_3_DEFINITION_OR_PLAN,REUSED_V0_3_DEFINITION_OR_PLAN
56,M1.8,"Verification, Fraud & Processor Continuity",v0.2R1,2,53,PREFLIGHT,10_M1_8/tests/53_msbf_m1_8_preflight_validation_v0_2R1.sql,56ab37e40ef983efb01519419396190dabdbc96841ebeb1f2c9038d8c25e8596,M1_7_ACCEPTED,READ_ONLY_OR_REPORTING,YES,YES,NO,preflight_status = PASS,CHECKPOINT_QUERY_TO_BE_COMPILED,ALWAYS_CAPTURE_CHECKPOINT,REQUIRES_EXPLICIT_CATALOGING,REUSED_V0_3_DEFINITION_OR_PLAN,REUSED_V0_3_DEFINITION_OR_PLAN
57,M1.8,"Verification, Fraud & Processor Continuity",v0.2R1,3,54,GENERATION,10_M1_8/sql/54_msbf_m1_8_verification_fraud_continuity_generation_v0_2R1.sql,e4aeedd36f3f745541afa4bb1697496fd6b5b341f79d5073ef80d55503aecac6,M1_7_ACCEPTED,SELF_MANAGED_TRANSACTION,YES,YES,NO,"4,500 checks; 750 summaries; 0 mismatches",CHECKPOINT_QUERY_TO_BE_COMPILED,ALWAYS_CAPTURE_CHECKPOINT,REQUIRES_EXPLICIT_CATALOGING,REUSED_V0_3_DEFINITION_OR_PLAN,REUSED_V0_3_DEFINITION_OR_PLAN
58,M1.8,"Verification, Fraud & Processor Continuity",v0.2R1,4,55,POSITIVE_VALIDATION,10_M1_8/sql/55_msbf_m1_8_verification_fraud_continuity_validation_v0_2R1.sql,f4c6062837107af4a59bb1c046e6b965d1e5f35ae7c0607ea12154bb426e45c2,M1_7_ACCEPTED,SELF_MANAGED_TRANSACTION,YES,YES,NO,60 / 60 PASS,CHECKPOINT_QUERY_TO_BE_COMPILED,ALWAYS_EXPORT_SUMMARY_AND_FAILURES,REQUIRES_EXPLICIT_CATALOGING,REUSED_V0_3_DEFINITION_OR_PLAN,REUSED_V0_3_DEFINITION_OR_PLAN
59,M1.8,"Verification, Fraud & Processor Continuity",v0.2R1,5,56,NEGATIVE_CONTROLS,10_M1_8/sql/56_msbf_m1_8_negative_control_tests_v0_2R1.sql,20fb26ee21a4cc5dcbc8c07d44b0f1a59cf760d04d9aca4029a85d9937374560,M1_7_ACCEPTED,SELF_MANAGED_TRANSACTION,YES,YES,NO,6 / 6 PASS,CHECKPOINT_QUERY_TO_BE_COMPILED,ALWAYS_EXPORT,REQUIRES_EXPLICIT_CATALOGING,REUSED_V0_3_DEFINITION_OR_PLAN,REUSED_V0_3_DEFINITION_OR_PLAN
60,M1.8,"Verification, Fraud & Processor Continuity",v0.2R1,6,57,ACCEPTANCE_FINALIZER,10_M1_8/sql/57_msbf_m1_8_acceptance_finalize_v0_2R1.sql,104e906cf6ef65864333791e1e493b1d336e241e491328970720daa26b2084d4,M1_7_ACCEPTED,SELF_MANAGED_TRANSACTION,YES,YES,NO,M1_8_ACCEPTED; gate PASS,CHECKPOINT_QUERY_TO_BE_COMPILED,ALWAYS_EXPORT,REQUIRES_EXPLICIT_CATALOGING,REUSED_V0_3_DEFINITION_OR_PLAN,REUSED_V0_3_DEFINITION_OR_PLAN
61,M1.8,"Verification, Fraud & Processor Continuity",v0.2R1,7,58,MASTER_REPORT,10_M1_8/tests/58_MSBF_M1_8_Verification_Fraud_Processor_Continuity_Master_Report_v0_2R1.sql,58dfa5fbd9d7f0d3f9b948f2a7dc4c7da5c97c180ef5d51215fc6698cd365207,M1_7_ACCEPTED,READ_ONLY_OR_REPORTING,YES,YES,NO,overall_m1_8_status = PASS,REPORT_EXPORT_QUERY_REQUIRED,ALWAYS_EXPORT,Safe read-only rerun,REUSED_V0_3_DEFINITION_OR_PLAN,REUSED_V0_3_DEFINITION_OR_PLAN
62,M1.8,"Verification, Fraud & Processor Continuity",v0.2R1,8,59,DETAIL_REPORT,10_M1_8/tests/59_MSBF_M1_8_Verification_Fraud_Processor_Continuity_Detail_Report_v0_2R1.sql,1c31d7aa21f226924faf70b9ad2496e29a7c5f9f80ed587ea4e133deebd7f53f,M1_7_ACCEPTED,SELF_MANAGED_TRANSACTION,YES,YES,NO,Mismatch and blocking-error sets empty,REPORT_EXPORT_QUERY_REQUIRED,ON_DEMAND_AFTER_SUMMARY_EXPORT,Safe read-only rerun,REUSED_V0_3_DEFINITION_OR_PLAN,REUSED_V0_3_DEFINITION_OR_PLAN
63,M1.9,As-of Cash-Flow Feature Engineering,v0.2R5,1,60,SCHEMA_POLICY_EXTENSION,11_M1_9/sql/60_msbf_m1_9_schema_policy_extension_v0_2R5.sql,369d31cd4a28152de82e6e882120cbd13c5e786408c770ddc39e32366ba6ef99,M1_8_ACCEPTED,SELF_MANAGED_TRANSACTION,YES,YES,NO,,CHECKPOINT_QUERY_TO_BE_COMPILED,ALWAYS_CAPTURE_CHECKPOINT,Required,REUSED_V0_3_DEFINITION_OR_PLAN,REUSED_V0_3_DEFINITION_OR_PLAN
64,M1.9,As-of Cash-Flow Feature Engineering,v0.2R5,2,61,PREFLIGHT,11_M1_9/tests/61_msbf_m1_9_preflight_validation_v0_2R5.sql,c2bb23f75c306d51e80a75265b700468104748481a08da41e0d0a0e1f1e02da0,M1_8_ACCEPTED,READ_ONLY_OR_REPORTING,YES,YES,NO,,CHECKPOINT_QUERY_TO_BE_COMPILED,ALWAYS_CAPTURE_CHECKPOINT,Required,REUSED_V0_3_DEFINITION_OR_PLAN,REUSED_V0_3_DEFINITION_OR_PLAN
65,M1.9,As-of Cash-Flow Feature Engineering,v0.2R5,3,62,GENERATION,11_M1_9/sql/62_msbf_m1_9_asof_cashflow_feature_generation_v0_2R5.sql,5c8ccf11f61e5398a90ab8f764fc19ef1adc12ee76a2eb9882e80cf25b06691e,M1_8_ACCEPTED,SELF_MANAGED_TRANSACTION,YES,YES,NO,,CHECKPOINT_QUERY_TO_BE_COMPILED,ALWAYS_CAPTURE_CHECKPOINT,Required; do not rerun after commit,REUSED_V0_3_DEFINITION_OR_PLAN,REUSED_V0_3_DEFINITION_OR_PLAN
66,M1.9,As-of Cash-Flow Feature Engineering,v0.2R5,4,63,POSITIVE_VALIDATION,11_M1_9/sql/63_msbf_m1_9_asof_cashflow_feature_validation_v0_2R5.sql,82b15804d5e276a98f6b5b9c6b986a525abebad99fae3db3d9ca1d70d58f0880,M1_8_ACCEPTED,SELF_MANAGED_TRANSACTION,YES,YES,NO,,CHECKPOINT_QUERY_TO_BE_COMPILED,ALWAYS_EXPORT_SUMMARY_AND_FAILURES,Required,REUSED_V0_3_DEFINITION_OR_PLAN,REUSED_V0_3_DEFINITION_OR_PLAN
67,M1.9,As-of Cash-Flow Feature Engineering,v0.2R5,5,64,NEGATIVE_CONTROLS,11_M1_9/sql/64_msbf_m1_9_negative_control_tests_v0_2R5.sql,8cb3f711c4e3b7013373f0be592f41f2cd3f2fa0038b420ac0178b14319f16f7,M1_8_ACCEPTED,SELF_MANAGED_TRANSACTION,YES,YES,NO,,CHECKPOINT_QUERY_TO_BE_COMPILED,ALWAYS_EXPORT,Required,REUSED_V0_3_DEFINITION_OR_PLAN,REUSED_V0_3_DEFINITION_OR_PLAN
68,M1.9,As-of Cash-Flow Feature Engineering,v0.2R5,6,65,ACCEPTANCE_FINALIZER,11_M1_9/sql/65_msbf_m1_9_acceptance_finalize_v0_2R5.sql,75a104bf8b9806277e385a92e985ee01b488e82eeb1ea3dec74f2a067171ade7,M1_8_ACCEPTED,SELF_MANAGED_TRANSACTION,YES,YES,NO,,CHECKPOINT_QUERY_TO_BE_COMPILED,ALWAYS_EXPORT,Required,REUSED_V0_3_DEFINITION_OR_PLAN,REUSED_V0_3_DEFINITION_OR_PLAN
69,M1.9,As-of Cash-Flow Feature Engineering,v0.2R5,7,66,MASTER_REPORT,11_M1_9/tests/66_MSBF_M1_9_As_Of_Cash_Flow_Feature_Master_Report_v0_2R5.sql,587b0cdbe428c9fc17ac8dc9bae9c63a3dedb4c04b66f90839763396d2f98cb3,M1_8_ACCEPTED,READ_ONLY_OR_REPORTING,YES,YES,NO,,REPORT_EXPORT_QUERY_REQUIRED,ALWAYS_EXPORT,Required,REUSED_V0_3_DEFINITION_OR_PLAN,REUSED_V0_3_DEFINITION_OR_PLAN
70,M1.9,As-of Cash-Flow Feature Engineering,v0.2R5,8,67,DETAIL_REPORT,11_M1_9/tests/67_MSBF_M1_9_As_Of_Cash_Flow_Feature_Detail_Report_v0_2R5.sql,98769d550da4716bf27997094de27fa487bbff83852d42dca4e7d9dc74d43d3b,M1_8_ACCEPTED,SELF_MANAGED_TRANSACTION,YES,YES,NO,,REPORT_EXPORT_QUERY_REQUIRED,ON_DEMAND_AFTER_SUMMARY_EXPORT,Required,REUSED_V0_3_DEFINITION_OR_PLAN,REUSED_V0_3_DEFINITION_OR_PLAN
71,M1.10,"Obligations, Liquidity & Residual Cash Flow",v0.2R2,1,68,SCHEMA_POLICY_EXTENSION,12_M1_10/sql/68_msbf_m1_10_schema_policy_extension_v0_2R2.sql,fbdb780bc1ba44e87b3581f0ce659b7217cac9779ae70f0168bca3c77153589b,M1_9_ACCEPTED,SELF_MANAGED_TRANSACTION,YES,YES,NO,,CHECKPOINT_QUERY_TO_BE_COMPILED,ALWAYS_CAPTURE_CHECKPOINT,Required,REUSED_V0_3_DEFINITION_OR_PLAN,REUSED_V0_3_DEFINITION_OR_PLAN
72,M1.10,"Obligations, Liquidity & Residual Cash Flow",v0.2R2,2,69,PREFLIGHT,12_M1_10/tests/69_msbf_m1_10_preflight_validation_v0_2R2.sql,512df3d9bc0c8d9a219db644145c017d89b131b38fb3bd44cc504ba0a6bc1dde,M1_9_ACCEPTED,READ_ONLY_OR_REPORTING,YES,YES,NO,,CHECKPOINT_QUERY_TO_BE_COMPILED,ALWAYS_CAPTURE_CHECKPOINT,Required,REUSED_V0_3_DEFINITION_OR_PLAN,REUSED_V0_3_DEFINITION_OR_PLAN
73,M1.10,"Obligations, Liquidity & Residual Cash Flow",v0.2R2,3,70,GENERATION,12_M1_10/sql/70_msbf_m1_10_obligations_liquidity_capacity_generation_v0_2R2.sql,8081e8d648ef9d739d83e7903ce5fae441269d16117f5338d238305fd138f829,M1_9_ACCEPTED,SELF_MANAGED_TRANSACTION,YES,YES,NO,,CHECKPOINT_QUERY_TO_BE_COMPILED,ALWAYS_CAPTURE_CHECKPOINT,Required; do not rerun after commit,REUSED_V0_3_DEFINITION_OR_PLAN,REUSED_V0_3_DEFINITION_OR_PLAN
74,M1.10,"Obligations, Liquidity & Residual Cash Flow",v0.2R2,4,71,POSITIVE_VALIDATION,12_M1_10/sql/71_msbf_m1_10_obligations_liquidity_capacity_validation_v0_2R2.sql,45cfdb032e61175f62d2c2f7690df41a251fc80cd0468c28c6cad70d5d55a0fd,M1_9_ACCEPTED,SELF_MANAGED_TRANSACTION,YES,YES,NO,,CHECKPOINT_QUERY_TO_BE_COMPILED,ALWAYS_EXPORT_SUMMARY_AND_FAILURES,Required,REUSED_V0_3_DEFINITION_OR_PLAN,REUSED_V0_3_DEFINITION_OR_PLAN
75,M1.10,"Obligations, Liquidity & Residual Cash Flow",v0.2R2,5,72,NEGATIVE_CONTROLS,12_M1_10/sql/72_msbf_m1_10_negative_control_tests_v0_2R2.sql,323475b4d31e61c351038fa0f126eed38a1683da8343cbc69bc962e0dd41d24f,M1_9_ACCEPTED,SELF_MANAGED_TRANSACTION,YES,YES,NO,,CHECKPOINT_QUERY_TO_BE_COMPILED,ALWAYS_EXPORT,Required,REUSED_V0_3_DEFINITION_OR_PLAN,REUSED_V0_3_DEFINITION_OR_PLAN
76,M1.10,"Obligations, Liquidity & Residual Cash Flow",v0.2R2,6,73,ACCEPTANCE_FINALIZER,12_M1_10/sql/73_msbf_m1_10_acceptance_finalize_v0_2R2.sql,df60ccb03139d96fc2c5a69fe4c1b08d52d935032a36c96e30a0df6ff36d2b1f,M1_9_ACCEPTED,SELF_MANAGED_TRANSACTION,YES,YES,NO,,CHECKPOINT_QUERY_TO_BE_COMPILED,ALWAYS_EXPORT,Required,REUSED_V0_3_DEFINITION_OR_PLAN,REUSED_V0_3_DEFINITION_OR_PLAN
77,M1.10,"Obligations, Liquidity & Residual Cash Flow",v0.2R2,7,74,MASTER_REPORT,12_M1_10/tests/74_MSBF_M1_10_Obligations_Liquidity_Capacity_Master_Report_v0_2R2.sql,4e36592fde3bc11e6f30ce3c7cee5935c86ea24022cd2f739da734f7377db270,M1_9_ACCEPTED,READ_ONLY_OR_REPORTING,YES,YES,NO,,REPORT_EXPORT_QUERY_REQUIRED,ALWAYS_EXPORT,Required,REUSED_V0_3_DEFINITION_OR_PLAN,REUSED_V0_3_DEFINITION_OR_PLAN
78,M1.10,"Obligations, Liquidity & Residual Cash Flow",v0.2R2,8,75,DETAIL_REPORT,12_M1_10/tests/75_MSBF_M1_10_Obligations_Liquidity_Capacity_Detail_Report_v0_2R2.sql,d92cd76f5cdca6575d3a01cb2275637dd2b21b882f9e500e525fd21d18b499ea,M1_9_ACCEPTED,SELF_MANAGED_TRANSACTION,YES,YES,NO,,REPORT_EXPORT_QUERY_REQUIRED,ON_DEMAND_AFTER_SUMMARY_EXPORT,Required,REUSED_V0_3_DEFINITION_OR_PLAN,REUSED_V0_3_DEFINITION_OR_PLAN
79,M1.11,Cash-Flow Archetypes & Operating Resilience,v0.2R2,1,76,SCHEMA_POLICY_EXTENSION,13_M1_11/sql/76_msbf_m1_11_schema_policy_extension_v0_2R2.sql,b12e3bc93462da2dcfc5f9010dab26e7c05aa1c0dd5825e6b67b77503d3afbd6,M1_10_ACCEPTED,SELF_MANAGED_TRANSACTION,YES,YES,NO,PASS,CHECKPOINT_QUERY_TO_BE_COMPILED,ALWAYS_CAPTURE_CHECKPOINT,REQUIRES_EXPLICIT_CATALOGING,REUSED_V0_3_DEFINITION_OR_PLAN,REUSED_V0_3_DEFINITION_OR_PLAN
80,M1.11,Cash-Flow Archetypes & Operating Resilience,v0.2R2,2,77,PREFLIGHT,13_M1_11/tests/77_msbf_m1_11_preflight_validation_v0_2R2.sql,4c21b04a600b5650adf08fe3a09c1ee52fb3e0c3e8bee445a0995cd973ca2607,M1_10_ACCEPTED,READ_ONLY_OR_REPORTING,YES,YES,NO,PASS,CHECKPOINT_QUERY_TO_BE_COMPILED,ALWAYS_CAPTURE_CHECKPOINT,REQUIRES_EXPLICIT_CATALOGING,REUSED_V0_3_DEFINITION_OR_PLAN,REUSED_V0_3_DEFINITION_OR_PLAN
81,M1.11,Cash-Flow Archetypes & Operating Resilience,v0.2R2,3,78,GENERATION,13_M1_11/sql/78_msbf_m1_11_cashflow_archetype_resilience_generation_v0_2R2.sql,8d589fe3a34b06ef5589dc89667666b9f06dd0876153c8e178647145cbe76f4a,M1_10_ACCEPTED,SELF_MANAGED_TRANSACTION,YES,YES,NO,"1,500 snapshots; 7,500 components; zero mismatches",CHECKPOINT_QUERY_TO_BE_COMPILED,ALWAYS_CAPTURE_CHECKPOINT,REQUIRES_EXPLICIT_CATALOGING,REUSED_V0_3_DEFINITION_OR_PLAN,REUSED_V0_3_DEFINITION_OR_PLAN
82,M1.11,Cash-Flow Archetypes & Operating Resilience,v0.2R2,4,79,POSITIVE_VALIDATION,13_M1_11/sql/79_msbf_m1_11_cashflow_archetype_resilience_validation_v0_2R2.sql,f3988843eae437681e806c357c9bfcd7ce2629ad70053fad2a06a787e77f84af,M1_10_ACCEPTED,SELF_MANAGED_TRANSACTION,YES,YES,NO,72 / 72 PASS,CHECKPOINT_QUERY_TO_BE_COMPILED,ALWAYS_EXPORT_SUMMARY_AND_FAILURES,REQUIRES_EXPLICIT_CATALOGING,REUSED_V0_3_DEFINITION_OR_PLAN,REUSED_V0_3_DEFINITION_OR_PLAN
83,M1.11,Cash-Flow Archetypes & Operating Resilience,v0.2R2,5,80,NEGATIVE_CONTROLS,13_M1_11/sql/80_msbf_m1_11_negative_control_tests_v0_2R2.sql,f07de96ca22eb26f294fce7b0c3419c47fe95ec8f19aed6a6b99df225fada37a,M1_10_ACCEPTED,SELF_MANAGED_TRANSACTION,YES,YES,NO,6 / 6 PASS,CHECKPOINT_QUERY_TO_BE_COMPILED,ALWAYS_EXPORT,REQUIRES_EXPLICIT_CATALOGING,REUSED_V0_3_DEFINITION_OR_PLAN,REUSED_V0_3_DEFINITION_OR_PLAN
84,M1.11,Cash-Flow Archetypes & Operating Resilience,v0.2R2,6,81,ACCEPTANCE_FINALIZER,13_M1_11/sql/81_msbf_m1_11_acceptance_finalize_v0_2R2.sql,0afafd1b71916ee23defa5ebed2b12c77747b97b668c1eb7b757183c71c43712,M1_10_ACCEPTED,SELF_MANAGED_TRANSACTION,YES,YES,NO,Gate PASS; M1_11_ACCEPTED,CHECKPOINT_QUERY_TO_BE_COMPILED,ALWAYS_EXPORT,REQUIRES_EXPLICIT_CATALOGING,REUSED_V0_3_DEFINITION_OR_PLAN,REUSED_V0_3_DEFINITION_OR_PLAN
85,M1.11,Cash-Flow Archetypes & Operating Resilience,v0.2R2,7,82,MASTER_REPORT,13_M1_11/tests/82_MSBF_M1_11_Cash_Flow_Archetypes_Operating_Resilience_Master_Report_v0_2R2.sql,9c2ef3f1e1392c8ff28bce4f9d49114c0ac9c1ffcffe0a5193c262c00a159ad9,M1_10_ACCEPTED,READ_ONLY_OR_REPORTING,YES,YES,NO,overall_m1_11_status = PASS,REPORT_EXPORT_QUERY_REQUIRED,ALWAYS_EXPORT,Safe read-only rerun,REUSED_V0_3_DEFINITION_OR_PLAN,REUSED_V0_3_DEFINITION_OR_PLAN
86,M1.11,Cash-Flow Archetypes & Operating Resilience,v0.2R2,8,83,DETAIL_REPORT,13_M1_11/tests/83_MSBF_M1_11_Cash_Flow_Archetypes_Operating_Resilience_Detail_Report_v0_2R2.sql,f0f137b69a5a904a4283de2c1ac1601d12c16fa13af9aaed4944da4e5bda6888,M1_10_ACCEPTED,SELF_MANAGED_TRANSACTION,YES,YES,NO,19 result sets; mismatch/error sets empty,REPORT_EXPORT_QUERY_REQUIRED,ON_DEMAND_AFTER_SUMMARY_EXPORT,Safe read-only rerun,REUSED_V0_3_DEFINITION_OR_PLAN,REUSED_V0_3_DEFINITION_OR_PLAN
87,M1.12,Merchant Risk Components & Integrated Risk Proxy,v0.2R1,1,84,SCHEMA_POLICY_EXTENSION,14_M1_12/sql/84_msbf_m1_12_schema_policy_extension_v0_2.sql,1e6983354dea24246b254ff9614bf20bebfb00c8da8b1c18be926475b188e594,M1_11_ACCEPTED,SELF_MANAGED_TRANSACTION,YES,YES,NO,PASS,CHECKPOINT_QUERY_TO_BE_COMPILED,ALWAYS_CAPTURE_CHECKPOINT,REQUIRES_EXPLICIT_CATALOGING,REUSED_V0_3_DEFINITION_OR_PLAN,REUSED_V0_3_DEFINITION_OR_PLAN
88,M1.12,Merchant Risk Components & Integrated Risk Proxy,v0.2R1,2,85,PREFLIGHT,14_M1_12/tests/85_msbf_m1_12_preflight_validation_v0_2.sql,383ed7427bd1b53f2eacdc57e8e3abbd99869565c53cc0724b568c6420b5fdbc,M1_11_ACCEPTED,READ_ONLY_OR_REPORTING,YES,YES,NO,PASS,CHECKPOINT_QUERY_TO_BE_COMPILED,ALWAYS_CAPTURE_CHECKPOINT,REQUIRES_EXPLICIT_CATALOGING,REUSED_V0_3_DEFINITION_OR_PLAN,REUSED_V0_3_DEFINITION_OR_PLAN
89,M1.12,Merchant Risk Components & Integrated Risk Proxy,v0.2R1,3,86,GENERATION,14_M1_12/sql/86_msbf_m1_12_integrated_risk_proxy_generation_v0_2.sql,28b1ee4feb2bd770b963e848d428aa37fa7990c40e1f0755c99152e8a40c8c7a,M1_11_ACCEPTED,SELF_MANAGED_TRANSACTION,YES,YES,NO,PASS,CHECKPOINT_QUERY_TO_BE_COMPILED,ALWAYS_CAPTURE_CHECKPOINT,REQUIRES_EXPLICIT_CATALOGING,REUSED_V0_3_DEFINITION_OR_PLAN,REUSED_V0_3_DEFINITION_OR_PLAN
90,M1.12,Merchant Risk Components & Integrated Risk Proxy,v0.2R1,4,87,POSITIVE_VALIDATION,14_M1_12/sql/87_msbf_m1_12_integrated_risk_proxy_validation_v0_2.sql,4ced250ec706a52d14f870889b22dc838eff5e281d2d4a056a8c97fbe9707b6e,M1_11_ACCEPTED,SELF_MANAGED_TRANSACTION,YES,YES,NO,80/80 PASS,CHECKPOINT_QUERY_TO_BE_COMPILED,ALWAYS_EXPORT_SUMMARY_AND_FAILURES,REQUIRES_EXPLICIT_CATALOGING,REUSED_V0_3_DEFINITION_OR_PLAN,REUSED_V0_3_DEFINITION_OR_PLAN
91,M1.12,Merchant Risk Components & Integrated Risk Proxy,v0.2R1,5,88,NEGATIVE_CONTROLS,14_M1_12/sql/88_msbf_m1_12_negative_control_tests_v0_2.sql,e9cf2567e91d6231ccaeabb947e4ee2a3d2eca989186f6cab98c974a47fa9585,M1_11_ACCEPTED,SELF_MANAGED_TRANSACTION,YES,YES,NO,7/7 PASS,CHECKPOINT_QUERY_TO_BE_COMPILED,ALWAYS_EXPORT,REQUIRES_EXPLICIT_CATALOGING,REUSED_V0_3_DEFINITION_OR_PLAN,REUSED_V0_3_DEFINITION_OR_PLAN
92,M1.12,Merchant Risk Components & Integrated Risk Proxy,v0.2R1,6,89,ACCEPTANCE_FINALIZER,14_M1_12/sql/89_msbf_m1_12_acceptance_finalize_v0_2.sql,804cbfa0ba33ad6540129954638292dda762389ae030fc6c3b6bbe68a573bca3,M1_11_ACCEPTED,SELF_MANAGED_TRANSACTION,YES,YES,NO,PASS,CHECKPOINT_QUERY_TO_BE_COMPILED,ALWAYS_EXPORT,REQUIRES_EXPLICIT_CATALOGING,REUSED_V0_3_DEFINITION_OR_PLAN,REUSED_V0_3_DEFINITION_OR_PLAN
93,M1.12,Merchant Risk Components & Integrated Risk Proxy,v0.2R1,7,90,MASTER_REPORT,14_M1_12/tests/90_MSBF_M1_12_Merchant_Risk_Proxy_Master_Report_v0_2.sql,458bd23890471bac4fe798c4537340e5b9ea9985c62214ae3b0c506348a2c90c,M1_11_ACCEPTED,READ_ONLY_OR_REPORTING,YES,YES,NO,PASS,REPORT_EXPORT_QUERY_REQUIRED,ALWAYS_EXPORT,Safe read-only rerun,REUSED_V0_3_DEFINITION_OR_PLAN,REUSED_V0_3_DEFINITION_OR_PLAN
94,M1.12,Merchant Risk Components & Integrated Risk Proxy,v0.2R1,8,91,DETAIL_REPORT,14_M1_12/tests/91_MSBF_M1_12_Merchant_Risk_Proxy_Detail_Report_v0_2R1.sql,a0892f6600342ccdcac999b87120f952fe89dc1f74bf7b36462817e835eef46b,M1_11_ACCEPTED,SELF_MANAGED_TRANSACTION,YES,YES,NO,20 RESULT SETS,REPORT_EXPORT_QUERY_REQUIRED,ON_DEMAND_AFTER_SUMMARY_EXPORT,Safe read-only rerun,REUSED_V0_3_DEFINITION_OR_PLAN,REUSED_V0_3_DEFINITION_OR_PLAN
95,M1.13,"Exposure, Recovery & Expected Loss Foundations",v0.2R1,1,92,SCHEMA_POLICY_EXTENSION,15_M1_13/sql/92_msbf_m1_13_schema_policy_extension_v0_2.sql,a6529d898a8e5c2e434e271b1b005f6be589813f3cf589b0251dc75cf670cc4e,M1_12_ACCEPTED,SELF_MANAGED_TRANSACTION,YES,YES,NO,PASS,CHECKPOINT_QUERY_TO_BE_COMPILED,ALWAYS_CAPTURE_CHECKPOINT,REQUIRES_EXPLICIT_CATALOGING,REUSED_V0_3_DEFINITION_OR_PLAN,REUSED_V0_3_DEFINITION_OR_PLAN
96,M1.13,"Exposure, Recovery & Expected Loss Foundations",v0.2R1,2,93,PREFLIGHT,15_M1_13/tests/93_msbf_m1_13_preflight_validation_v0_2R1.sql,fe0a3d6f5089c9f5629a521d3a00c490e7299996a20efb6fbc5d81378c5d43dc,M1_12_ACCEPTED,READ_ONLY_OR_REPORTING,YES,YES,NO,PASS,CHECKPOINT_QUERY_TO_BE_COMPILED,ALWAYS_CAPTURE_CHECKPOINT,REQUIRES_EXPLICIT_CATALOGING,REUSED_V0_3_DEFINITION_OR_PLAN,REUSED_V0_3_DEFINITION_OR_PLAN
97,M1.13,"Exposure, Recovery & Expected Loss Foundations",v0.2R1,3,94,GENERATION,15_M1_13/sql/94_msbf_m1_13_exposure_recovery_loss_generation_v0_2R1.sql,d8da87701081424894cc69662b144197bab29a0ce3bb1eb445b11247c9f3a462,M1_12_ACCEPTED,SELF_MANAGED_TRANSACTION,YES,YES,NO,PASS; 93720 PATHS; 1500 SNAPSHOTS,CHECKPOINT_QUERY_TO_BE_COMPILED,ALWAYS_CAPTURE_CHECKPOINT,REQUIRES_EXPLICIT_CATALOGING,REUSED_V0_3_DEFINITION_OR_PLAN,REUSED_V0_3_DEFINITION_OR_PLAN
98,M1.13,"Exposure, Recovery & Expected Loss Foundations",v0.2R1,4,95,POSITIVE_VALIDATION,15_M1_13/sql/95_msbf_m1_13_exposure_recovery_loss_validation_v0_2R1.sql,466286cc14cf83dc1a2456933cf8561a2a461dbcddc7cbb6e354163120318050,M1_12_ACCEPTED,SELF_MANAGED_TRANSACTION,YES,YES,NO,82/82 PASS,CHECKPOINT_QUERY_TO_BE_COMPILED,ALWAYS_EXPORT_SUMMARY_AND_FAILURES,REQUIRES_EXPLICIT_CATALOGING,REUSED_V0_3_DEFINITION_OR_PLAN,REUSED_V0_3_DEFINITION_OR_PLAN
99,M1.13,"Exposure, Recovery & Expected Loss Foundations",v0.2R1,5,96,NEGATIVE_CONTROLS,15_M1_13/sql/96_msbf_m1_13_negative_control_tests_v0_2R1.sql,2a461715369902012b2bd5764fa744dc20c8d00baf91d0535e399111de9aa7f2,M1_12_ACCEPTED,SELF_MANAGED_TRANSACTION,YES,YES,NO,7/7 PASS,CHECKPOINT_QUERY_TO_BE_COMPILED,ALWAYS_EXPORT,REQUIRES_EXPLICIT_CATALOGING,REUSED_V0_3_DEFINITION_OR_PLAN,REUSED_V0_3_DEFINITION_OR_PLAN
100,M1.13,"Exposure, Recovery & Expected Loss Foundations",v0.2R1,6,97,ACCEPTANCE_FINALIZER,15_M1_13/sql/97_msbf_m1_13_acceptance_finalize_v0_2R1.sql,0775a90cb32d41c86c45dabe8d8d6bb4bfe7894de850de00e701278b3c368086,M1_12_ACCEPTED,SELF_MANAGED_TRANSACTION,YES,YES,NO,PASS; M1_13_ACCEPTED,CHECKPOINT_QUERY_TO_BE_COMPILED,ALWAYS_EXPORT,REQUIRES_EXPLICIT_CATALOGING,REUSED_V0_3_DEFINITION_OR_PLAN,REUSED_V0_3_DEFINITION_OR_PLAN
101,M1.13,"Exposure, Recovery & Expected Loss Foundations",v0.2R1,7,98,MASTER_REPORT,15_M1_13/tests/98_MSBF_M1_13_Exposure_Recovery_Loss_Master_Report_v0_2R1.sql,34fddfc0c3684885d68402120e65e525fc93a9bdac27d8c45372fce02ee09a94,M1_12_ACCEPTED,READ_ONLY_OR_REPORTING,YES,YES,NO,PASS,REPORT_EXPORT_QUERY_REQUIRED,ALWAYS_EXPORT,Safe read-only rerun,REUSED_V0_3_DEFINITION_OR_PLAN,REUSED_V0_3_DEFINITION_OR_PLAN
102,M1.13,"Exposure, Recovery & Expected Loss Foundations",v0.2R1,8,99,DETAIL_REPORT,15_M1_13/tests/99_MSBF_M1_13_Exposure_Recovery_Loss_Detail_Report_v0_2R1.sql,1fcb92c15a59f47959087ee00b924282225ee48f3a04dc0788b167b7fefa369f,M1_12_ACCEPTED,SELF_MANAGED_TRANSACTION,YES,YES,NO,20 RESULT SETS,REPORT_EXPORT_QUERY_REQUIRED,ON_DEMAND_AFTER_SUMMARY_EXPORT,Safe read-only rerun,REUSED_V0_3_DEFINITION_OR_PLAN,REUSED_V0_3_DEFINITION_OR_PLAN
103,M1.14,Unit Economics & Risk-Adjusted Contribution,v0.2R4,1,100,SCHEMA_POLICY_EXTENSION,16_M1_14/sql/100_msbf_m1_14_schema_policy_extension_v0_2R3.sql,e24ad1741a8a20e8d2780dd3d90527669b8682086b839e1aaea30cb0a664710e,M1_13_ACCEPTED,SELF_MANAGED_TRANSACTION,YES,YES,NO,schema_policy_extension_status=PASS,CHECKPOINT_QUERY_TO_BE_COMPILED,ALWAYS_CAPTURE_CHECKPOINT,REQUIRES_EXPLICIT_CATALOGING,REUSED_V0_3_DEFINITION_OR_PLAN,REUSED_V0_3_DEFINITION_OR_PLAN
104,M1.14,Unit Economics & Risk-Adjusted Contribution,v0.2R4,2,101,PREFLIGHT,16_M1_14/tests/101_msbf_m1_14_preflight_validation_v0_2R3.sql,c77b3347f30dad8cc5140ef774746e3b7cf28a4bc917f0acf0886308d387c8bb,M1_13_ACCEPTED,SELF_MANAGED_TRANSACTION,YES,YES,NO,preflight_status=PASS,CHECKPOINT_QUERY_TO_BE_COMPILED,ALWAYS_CAPTURE_CHECKPOINT,REQUIRES_EXPLICIT_CATALOGING,REUSED_V0_3_DEFINITION_OR_PLAN,REUSED_V0_3_DEFINITION_OR_PLAN
105,M1.14,Unit Economics & Risk-Adjusted Contribution,v0.2R4,3,102,GENERATION,16_M1_14/sql/102_msbf_m1_14_unit_economics_generation_v0_2R3.sql,ee20be35755092083c88c6f1891b6df820e17cce9d01700f0add65a225537fce,M1_13_ACCEPTED,SELF_MANAGED_TRANSACTION,YES,YES,NO,generation_status=PASS,CHECKPOINT_QUERY_TO_BE_COMPILED,ALWAYS_CAPTURE_CHECKPOINT,REQUIRES_EXPLICIT_CATALOGING,REUSED_V0_3_DEFINITION_OR_PLAN,REUSED_V0_3_DEFINITION_OR_PLAN
106,M1.14,Unit Economics & Risk-Adjusted Contribution,v0.2R4,4,103,POSITIVE_VALIDATION,16_M1_14/sql/103_msbf_m1_14_unit_economics_validation_v0_2R4.sql,4f684d6efa349d7d59178b3e71afaac970d636df3d93416487ee4185cf6fd4ce,M1_13_ACCEPTED,SELF_MANAGED_TRANSACTION,YES,YES,NO,82/82 PASS,CHECKPOINT_QUERY_TO_BE_COMPILED,ALWAYS_EXPORT_SUMMARY_AND_FAILURES,REQUIRES_EXPLICIT_CATALOGING,REUSED_V0_3_DEFINITION_OR_PLAN,REUSED_V0_3_DEFINITION_OR_PLAN
107,M1.14,Unit Economics & Risk-Adjusted Contribution,v0.2R4,5,104,NEGATIVE_CONTROLS,16_M1_14/sql/104_msbf_m1_14_negative_control_tests_v0_2R4.sql,91283029ab75e4affce96e96e7ead45dad35aaa5ab83bdd031efd2893420e9c2,M1_13_ACCEPTED,SELF_MANAGED_TRANSACTION,YES,YES,NO,7/7 PASS,CHECKPOINT_QUERY_TO_BE_COMPILED,ALWAYS_EXPORT,REQUIRES_EXPLICIT_CATALOGING,REUSED_V0_3_DEFINITION_OR_PLAN,REUSED_V0_3_DEFINITION_OR_PLAN
108,M1.14,Unit Economics & Risk-Adjusted Contribution,v0.2R4,6,105,ACCEPTANCE_FINALIZER,16_M1_14/sql/105_msbf_m1_14_acceptance_finalize_v0_2R4.sql,a43f7f70c10de0bf17eb4d9290706a602db05eda149a11ed070a487d06e67f28,M1_13_ACCEPTED,SELF_MANAGED_TRANSACTION,YES,YES,NO,gate PASS; M1_14_ACCEPTED,CHECKPOINT_QUERY_TO_BE_COMPILED,ALWAYS_EXPORT,REQUIRES_EXPLICIT_CATALOGING,REUSED_V0_3_DEFINITION_OR_PLAN,REUSED_V0_3_DEFINITION_OR_PLAN
109,M1.14,Unit Economics & Risk-Adjusted Contribution,v0.2R4,7,106,MASTER_REPORT,16_M1_14/tests/106_MSBF_M1_14_Unit_Economics_Master_Report_v0_2R4.sql,03ccf8a20bc99e0ce3754df6936f9ad430d7509263f04372e1eb56a9fb46f884,M1_13_ACCEPTED,READ_ONLY_OR_REPORTING,YES,YES,NO,overall_m1_14_status=PASS,REPORT_EXPORT_QUERY_REQUIRED,ALWAYS_EXPORT,Safe read-only rerun,REUSED_V0_3_DEFINITION_OR_PLAN,REUSED_V0_3_DEFINITION_OR_PLAN
110,M1.14,Unit Economics & Risk-Adjusted Contribution,v0.2R4,8,107,DETAIL_REPORT,16_M1_14/tests/107_MSBF_M1_14_Unit_Economics_Detail_Report_v0_2R4.sql,86fe2e3fafb6cea79d68b3fe4dddf3e601c5b1fe6add8c5331e30fb9529e4624,M1_13_ACCEPTED,SELF_MANAGED_TRANSACTION,YES,YES,NO,20 result sets,REPORT_EXPORT_QUERY_REQUIRED,ON_DEMAND_AFTER_SUMMARY_EXPORT,Safe read-only rerun,REUSED_V0_3_DEFINITION_OR_PLAN,REUSED_V0_3_DEFINITION_OR_PLAN
111,M1.15,"Latest, Archive, Comparison & Consumption Contract",v0.2R3,1,108,SCHEMA_POLICY_EXTENSION,17_M1_15/sql/108_msbf_m1_15_schema_policy_contract_extension_v0_2R3.sql,9ebafc4494c7b54c0524f4c8bf2770815c4d106d6f40cd1f3f8bec576a89c7aa,M1_14_ACCEPTED,SELF_MANAGED_TRANSACTION,YES,YES,NO,schema_policy_extension_status=PASS,CHECKPOINT_QUERY_TO_BE_COMPILED,ALWAYS_CAPTURE_CHECKPOINT,REQUIRES_EXPLICIT_CATALOGING,REUSED_V0_3_DEFINITION_OR_PLAN,REUSED_V0_3_DEFINITION_OR_PLAN
112,M1.15,"Latest, Archive, Comparison & Consumption Contract",v0.2R3,2,109,PREFLIGHT,17_M1_15/tests/109_msbf_m1_15_preflight_validation_v0_2R3.sql,e15e3f3050da0633ba8d115da6ac10462934aea4fb175f5fd77b21dc9364ed58,M1_14_ACCEPTED,AUTOCOMMIT_OR_CALLER_TRANSACTION,YES,YES,NO,preflight_status=PASS,CHECKPOINT_QUERY_TO_BE_COMPILED,ALWAYS_CAPTURE_CHECKPOINT,REQUIRES_EXPLICIT_CATALOGING,REUSED_V0_3_DEFINITION_OR_PLAN,REUSED_V0_3_DEFINITION_OR_PLAN
113,M1.15,"Latest, Archive, Comparison & Consumption Contract",v0.2R3,3,110,GENERATION,17_M1_15/sql/110_msbf_m1_15_latest_archive_comparison_generation_v0_2R3.sql,801f5ebe28c1238323d0f403314f865f4d92a78aa9cdeae25ac7338e46910dc1,M1_14_ACCEPTED,SELF_MANAGED_TRANSACTION,YES,YES,NO,generation_status=PASS,CHECKPOINT_QUERY_TO_BE_COMPILED,ALWAYS_CAPTURE_CHECKPOINT,REQUIRES_EXPLICIT_CATALOGING,REUSED_V0_3_DEFINITION_OR_PLAN,REUSED_V0_3_DEFINITION_OR_PLAN
114,M1.15,"Latest, Archive, Comparison & Consumption Contract",v0.2R3,4,111,POSITIVE_VALIDATION,17_M1_15/sql/111_msbf_m1_15_consumption_contract_validation_v0_2R3.sql,12f53cae0f139838f20d51c2266d4baf952b4076affe163783b4d59566b8fcbd,M1_14_ACCEPTED,SELF_MANAGED_TRANSACTION,YES,YES,NO,84/84 PASS,CHECKPOINT_QUERY_TO_BE_COMPILED,ALWAYS_EXPORT_SUMMARY_AND_FAILURES,REQUIRES_EXPLICIT_CATALOGING,REUSED_V0_3_DEFINITION_OR_PLAN,REUSED_V0_3_DEFINITION_OR_PLAN
115,M1.15,"Latest, Archive, Comparison & Consumption Contract",v0.2R3,5,112,NEGATIVE_CONTROLS,17_M1_15/sql/112_msbf_m1_15_negative_control_tests_v0_2R3.sql,cf8b93be92c961c62fa7fb2194d805c7b0cf857f8d930e37e4cdf287a0393a68,M1_14_ACCEPTED,SELF_MANAGED_TRANSACTION,YES,YES,NO,7/7 PASS,CHECKPOINT_QUERY_TO_BE_COMPILED,ALWAYS_EXPORT,REQUIRES_EXPLICIT_CATALOGING,REUSED_V0_3_DEFINITION_OR_PLAN,REUSED_V0_3_DEFINITION_OR_PLAN
116,M1.15,"Latest, Archive, Comparison & Consumption Contract",v0.2R3,6,113,ACCEPTANCE_FINALIZER,17_M1_15/sql/113_msbf_m1_15_acceptance_finalize_v0_2R3.sql,ced1173821c584a0d4817671d9f118a3bbd29ff7a3fbf0af9ddc87a924798406,M1_14_ACCEPTED,SELF_MANAGED_TRANSACTION,YES,YES,NO,M1_15_ACCEPTED,CHECKPOINT_QUERY_TO_BE_COMPILED,ALWAYS_EXPORT,REQUIRES_EXPLICIT_CATALOGING,REUSED_V0_3_DEFINITION_OR_PLAN,REUSED_V0_3_DEFINITION_OR_PLAN
117,M1.15,"Latest, Archive, Comparison & Consumption Contract",v0.2R3,7,114,MASTER_REPORT,17_M1_15/tests/114_MSBF_M1_15_Consumption_Contract_Master_Report_v0_2R3.sql,5e811653b0988c66e12ff4d3846e6d47fe549a5e86364148d0ef361ed13531b8,M1_14_ACCEPTED,READ_ONLY_OR_REPORTING,YES,YES,NO,overall_m1_15_status=PASS,REPORT_EXPORT_QUERY_REQUIRED,ALWAYS_EXPORT,Safe read-only rerun,REUSED_V0_3_DEFINITION_OR_PLAN,REUSED_V0_3_DEFINITION_OR_PLAN
118,M1.15,"Latest, Archive, Comparison & Consumption Contract",v0.2R3,8,115,DETAIL_REPORT,17_M1_15/tests/115_MSBF_M1_15_Consumption_Contract_Detail_Report_v0_2R3.sql,ccc7c7207614fa777bdce41e77d59b317e60231e01ac77efcfe8221c8f986e73,M1_14_ACCEPTED,SELF_MANAGED_TRANSACTION,YES,YES,NO,sets 19 and 20 empty,REPORT_EXPORT_QUERY_REQUIRED,ON_DEMAND_AFTER_SUMMARY_EXPORT,Safe read-only rerun,REUSED_V0_3_DEFINITION_OR_PLAN,REUSED_V0_3_DEFINITION_OR_PLAN
119,M1.16,"Acquisition Source, Marketing Attribution & Merchant CAC",v0.2R3,1,116,SCHEMA_POLICY_EXTENSION,18_M1_16/sql/116_msbf_m1_16_acquisition_foundations_schema_policy_extension_v0_2R3.sql,01a43d83bdacb5fb34b757cef5d7a051af02f5beca52c638d6e7de7c6c70a12b,M1_15_ACCEPTED,SELF_MANAGED_TRANSACTION,YES,YES,NO,,CHECKPOINT_QUERY_TO_BE_COMPILED,ALWAYS_CAPTURE_CHECKPOINT,REQUIRES_EXPLICIT_CATALOGING,REUSED_V0_3_DEFINITION_OR_PLAN,REUSED_V0_3_DEFINITION_OR_PLAN
120,M1.16,"Acquisition Source, Marketing Attribution & Merchant CAC",v0.2R3,2,117,PREFLIGHT,18_M1_16/tests/117_msbf_m1_16_preflight_validation_v0_2R3.sql,78e0ef41523f81dc54fd39f3b0e1b112dce80ab6f84aa9432d8653515d2c4c4a,M1_15_ACCEPTED,SELF_MANAGED_TRANSACTION,YES,YES,NO,,CHECKPOINT_QUERY_TO_BE_COMPILED,ALWAYS_CAPTURE_CHECKPOINT,REQUIRES_EXPLICIT_CATALOGING,REUSED_V0_3_DEFINITION_OR_PLAN,REUSED_V0_3_DEFINITION_OR_PLAN
121,M1.16,"Acquisition Source, Marketing Attribution & Merchant CAC",v0.2R3,3,118,GENERATION,18_M1_16/sql/118_msbf_m1_16_acquisition_attribution_cost_generation_v0_2R3.sql,4aaad30b50986f74361f6ff80778392cfdf5b55279488d40baca53837d9289e2,M1_15_ACCEPTED,SELF_MANAGED_TRANSACTION,YES,YES,NO,,CHECKPOINT_QUERY_TO_BE_COMPILED,ALWAYS_CAPTURE_CHECKPOINT,REQUIRES_EXPLICIT_CATALOGING,REUSED_V0_3_DEFINITION_OR_PLAN,REUSED_V0_3_DEFINITION_OR_PLAN
122,M1.16,"Acquisition Source, Marketing Attribution & Merchant CAC",v0.2R3,4,119,POSITIVE_VALIDATION,18_M1_16/sql/119_msbf_m1_16_acquisition_foundations_validation_v0_2R3.sql,f60af5821ab3ba91847510fb0b0826e6afc1deed639538b6dac3ba64406c8bc7,M1_15_ACCEPTED,SELF_MANAGED_TRANSACTION,YES,YES,NO,,CHECKPOINT_QUERY_TO_BE_COMPILED,ALWAYS_EXPORT_SUMMARY_AND_FAILURES,REQUIRES_EXPLICIT_CATALOGING,REUSED_V0_3_DEFINITION_OR_PLAN,REUSED_V0_3_DEFINITION_OR_PLAN
123,M1.16,"Acquisition Source, Marketing Attribution & Merchant CAC",v0.2R3,5,120,NEGATIVE_CONTROLS,18_M1_16/sql/120_msbf_m1_16_negative_control_tests_v0_2R3.sql,38d733a32b52250e72e1c252e61f8dc74c869434a61d9e5b07c3bc2663599b6f,M1_15_ACCEPTED,SELF_MANAGED_TRANSACTION,YES,YES,NO,,CHECKPOINT_QUERY_TO_BE_COMPILED,ALWAYS_EXPORT,REQUIRES_EXPLICIT_CATALOGING,REUSED_V0_3_DEFINITION_OR_PLAN,REUSED_V0_3_DEFINITION_OR_PLAN
124,M1.16,"Acquisition Source, Marketing Attribution & Merchant CAC",v0.2R3,6,121,ACCEPTANCE_FINALIZER,18_M1_16/sql/121_msbf_m1_16_acceptance_finalize_v0_2R3.sql,3c8ab07b1b0f60881f2b0d7f0fe33589fed86c6e238a5d369d49532678709f46,M1_15_ACCEPTED,SELF_MANAGED_TRANSACTION,YES,YES,NO,,CHECKPOINT_QUERY_TO_BE_COMPILED,ALWAYS_EXPORT,REQUIRES_EXPLICIT_CATALOGING,REUSED_V0_3_DEFINITION_OR_PLAN,REUSED_V0_3_DEFINITION_OR_PLAN
125,M1.16,"Acquisition Source, Marketing Attribution & Merchant CAC",v0.2R3,7,122,MASTER_REPORT,18_M1_16/tests/122_MSBF_M1_16_Acquisition_Foundations_Master_Report_v0_2R3.sql,68828261ad6e56bb5a80fcb0dfa19e43313a4e8bcefbd4233ce874d717d3cccf,M1_15_ACCEPTED,READ_ONLY_OR_REPORTING,YES,YES,NO,,REPORT_EXPORT_QUERY_REQUIRED,ALWAYS_EXPORT,Safe read-only rerun,REUSED_V0_3_DEFINITION_OR_PLAN,REUSED_V0_3_DEFINITION_OR_PLAN
126,M1.16,"Acquisition Source, Marketing Attribution & Merchant CAC",v0.2R3,8,123,DETAIL_REPORT,18_M1_16/tests/123_MSBF_M1_16_Acquisition_Foundations_Detail_Report_v0_2R3.sql,14b8127df788b5decd25b68dbf93a418858fa8c146dfbc191124048a01c8b0d5,M1_15_ACCEPTED,SELF_MANAGED_TRANSACTION,YES,YES,NO,,REPORT_EXPORT_QUERY_REQUIRED,ON_DEMAND_AFTER_SUMMARY_EXPORT,Safe read-only rerun,REUSED_V0_3_DEFINITION_OR_PLAN,REUSED_V0_3_DEFINITION_OR_PLAN
127,M1.17,"End-to-End QA, Evidence & G2 Contract Acceptance",v0.2R8,1,124,SCHEMA_POLICY_EXTENSION,19_M1_17/accepted_execution/sql/124_schema_policy_v0_2.sql,6026551c0ff6ae8a897b79520e1fe583649e7b8689b905fb22d0e87090ea9e23,M1_16_ACCEPTED,SELF_MANAGED_TRANSACTION,YES,YES,NO,schema_policy_extension_status=PASS,BLOCKED_SOURCE_PROVENANCE,ALWAYS_CAPTURE_CHECKPOINT,REQUIRES_EXPLICIT_CATALOGING,BLOCKED_M1_17_GOVERNED_CLEAN_BUILD_SET_REQUIRED,BLOCKED_M1_17_GOVERNED_CLEAN_BUILD_SET_REQUIRED
128,M1.17,"End-to-End QA, Evidence & G2 Contract Acceptance",v0.2R8,2,125,PREFLIGHT,19_M1_17/source_history/original_v0_2/MSBF_M1_17_End_To_End_QA_Evidence_G2_Contract_Acceptance_v0_2/tests/125_msbf_m1_17_preflight_validation_v0_2.sql,57f60448bc27bb3efab2849aa7bebeef160901f3092d6ab248827f0c10e59d24,M1_16_ACCEPTED,SELF_MANAGED_TRANSACTION,YES,YES,NO,preflight_status=PASS,BLOCKED_SOURCE_PROVENANCE,ALWAYS_CAPTURE_CHECKPOINT,REQUIRES_EXPLICIT_CATALOGING,BLOCKED_M1_17_GOVERNED_CLEAN_BUILD_SET_REQUIRED,BLOCKED_M1_17_GOVERNED_CLEAN_BUILD_SET_REQUIRED
129,M1.17,"End-to-End QA, Evidence & G2 Contract Acceptance",v0.2R8,3,126,GENERATION,19_M1_17/source_history/original_v0_2/MSBF_M1_17_End_To_End_QA_Evidence_G2_Contract_Acceptance_v0_2/sql/126_msbf_m1_17_end_to_end_evidence_generation_v0_2.sql,c1a51d97aead83530f83c2abaf86417855809ef89f979add06676b055bb4b503,M1_16_ACCEPTED,SELF_MANAGED_TRANSACTION,YES,YES,NO,generation_status=PASS; run_status=M1_17_GENERATED,BLOCKED_SOURCE_PROVENANCE,ALWAYS_CAPTURE_CHECKPOINT,REQUIRES_EXPLICIT_CATALOGING,BLOCKED_M1_17_GOVERNED_CLEAN_BUILD_SET_REQUIRED,BLOCKED_M1_17_GOVERNED_CLEAN_BUILD_SET_REQUIRED
130,M1.17,"End-to-End QA, Evidence & G2 Contract Acceptance",v0.2R8,4,127,POSITIVE_VALIDATION,,,M1_16_ACCEPTED,UNKNOWN_SOURCE_UNAVAILABLE,YES,YES,NO,128/128 PASS; run_status=M1_17_VALIDATED,BLOCKED_SOURCE_PROVENANCE,ALWAYS_EXPORT_SUMMARY_AND_FAILURES,REQUIRES_EXPLICIT_CATALOGING,BLOCKED_M1_17_GOVERNED_CLEAN_BUILD_SET_REQUIRED,BLOCKED_M1_17_GOVERNED_CLEAN_BUILD_SET_REQUIRED
131,M1.17,"End-to-End QA, Evidence & G2 Contract Acceptance",v0.2R8,5,128,NEGATIVE_CONTROLS,19_M1_17/source_history/original_v0_2/MSBF_M1_17_End_To_End_QA_Evidence_G2_Contract_Acceptance_v0_2/sql/128_msbf_m1_17_negative_control_tests_v0_2.sql,eb2cc40c4fca5c55c8d9410cb17175d3e4e3423c687eb801ab0cbe7438f07c83,M1_16_ACCEPTED,SELF_MANAGED_TRANSACTION,YES,YES,NO,20/20 PASS,BLOCKED_SOURCE_PROVENANCE,ALWAYS_EXPORT,REQUIRES_EXPLICIT_CATALOGING,BLOCKED_M1_17_GOVERNED_CLEAN_BUILD_SET_REQUIRED,BLOCKED_M1_17_GOVERNED_CLEAN_BUILD_SET_REQUIRED
132,M1.17,"End-to-End QA, Evidence & G2 Contract Acceptance",v0.2R8,6,129,ACCEPTANCE_FINALIZER,19_M1_17/accepted_execution/sql/129_acceptance_finalize_R6.sql,c5b77232daa1a80728d3982cfce1701c693e12e050ea4f86c29e21f47bdc0c0d,M1_16_ACCEPTED,SELF_MANAGED_TRANSACTION,YES,YES,NO,G2_M1_CONTRACT=PASS; run_status=M1_17_ACCEPTED,BLOCKED_SOURCE_PROVENANCE,ALWAYS_EXPORT,REQUIRES_EXPLICIT_CATALOGING,BLOCKED_M1_17_GOVERNED_CLEAN_BUILD_SET_REQUIRED,BLOCKED_M1_17_GOVERNED_CLEAN_BUILD_SET_REQUIRED
133,M1.17,"End-to-End QA, Evidence & G2 Contract Acceptance",v0.2R8,7,130,MASTER_REPORT,19_M1_17/accepted_execution/tests/130_master_report_R6.sql,9761bc547d613ae5627f8c412c234de8975cc30dcfc5c2be699be2c499c93175,M1_16_ACCEPTED,READ_ONLY_OR_REPORTING,YES,YES,NO,overall_m1_17_status=PASS,BLOCKED_SOURCE_PROVENANCE,ALWAYS_EXPORT,Safe read-only rerun,BLOCKED_M1_17_GOVERNED_CLEAN_BUILD_SET_REQUIRED,BLOCKED_M1_17_GOVERNED_CLEAN_BUILD_SET_REQUIRED
134,M1.17,"End-to-End QA, Evidence & G2 Contract Acceptance",v0.2R8,8,131,DETAIL_REPORT,19_M1_17/accepted_execution/tests/131_detail_report_R8.sql,435525e2579eea716a87e0ab426b40a6cd542c1b95db3cc56ee196ff2723b703,M1_16_ACCEPTED,READ_ONLY_OR_REPORTING,YES,YES,NO,Result sets 23/24 headers with zero rows,BLOCKED_SOURCE_PROVENANCE,ON_DEMAND_AFTER_SUMMARY_EXPORT,Safe read-only rerun,BLOCKED_M1_17_GOVERNED_CLEAN_BUILD_SET_REQUIRED,BLOCKED_M1_17_GOVERNED_CLEAN_BUILD_SET_REQUIRED
135,M2.1,"Eligibility, Policy Gates & Decision Routing Foundations",v0.2R7,1,132,SCHEMA_POLICY_EXTENSION,20_M2_1/sql/132_msbf_m2_1_schema_policy_extension_v0_2R7.sql,02ef9fe47a252aa8bce6b2eb587914ba329a752815d6b4d5b9724846f41e6f1b,M1_17_ACCEPTED,SELF_MANAGED_TRANSACTION,YES,YES,NO,PASS; no M2.1 business rows,CHECKPOINT_QUERY_TO_BE_COMPILED,ALWAYS_CAPTURE_CHECKPOINT,REQUIRES_EXPLICIT_CATALOGING,REUSED_V0_3_DEFINITION_OR_PLAN,REUSED_V0_3_DEFINITION_OR_PLAN
136,M2.1,"Eligibility, Policy Gates & Decision Routing Foundations",v0.2R7,2,133,PREFLIGHT,20_M2_1/tests/133_msbf_m2_1_preflight_validation_v0_2R7.sql,35fd290f935432abf901925bc8fe720d41d45728287644152e847a5e6969f806,M1_17_ACCEPTED,SELF_MANAGED_TRANSACTION,YES,YES,NO,preflight_status=PASS,CHECKPOINT_QUERY_TO_BE_COMPILED,ALWAYS_CAPTURE_CHECKPOINT,REQUIRES_EXPLICIT_CATALOGING,REUSED_V0_3_DEFINITION_OR_PLAN,REUSED_V0_3_DEFINITION_OR_PLAN
137,M2.1,"Eligibility, Policy Gates & Decision Routing Foundations",v0.2R7,3,134,GENERATION,20_M2_1/sql/134_msbf_m2_1_eligibility_policy_routing_generation_v0_2R7.sql,2725a6bf2244104e565d87df8943ea796ff2793cf65cbad1a1ed053f03a4930a,M1_17_ACCEPTED,SELF_MANAGED_TRANSACTION,YES,YES,NO,"22,541 entities; zero mismatches",CHECKPOINT_QUERY_TO_BE_COMPILED,ALWAYS_CAPTURE_CHECKPOINT,REQUIRES_EXPLICIT_CATALOGING,REUSED_V0_3_DEFINITION_OR_PLAN,REUSED_V0_3_DEFINITION_OR_PLAN
138,M2.1,"Eligibility, Policy Gates & Decision Routing Foundations",v0.2R7,4,135,POSITIVE_VALIDATION,20_M2_1/sql/135_msbf_m2_1_eligibility_policy_routing_validation_v0_2R7.sql,c81e0cb94f39c3fc3af775f6182044fcee1a9cd40f82fa38c6ea1a57ce344429,M1_17_ACCEPTED,SELF_MANAGED_TRANSACTION,YES,YES,NO,112/112 PASS,CHECKPOINT_QUERY_TO_BE_COMPILED,ALWAYS_EXPORT_SUMMARY_AND_FAILURES,REQUIRES_EXPLICIT_CATALOGING,REUSED_V0_3_DEFINITION_OR_PLAN,REUSED_V0_3_DEFINITION_OR_PLAN
139,M2.1,"Eligibility, Policy Gates & Decision Routing Foundations",v0.2R7,5,136,NEGATIVE_CONTROLS,20_M2_1/sql/136_msbf_m2_1_negative_control_tests_v0_2R7.sql,c5567f88f9183d6cafe802b2c4164b9c2ca0b123840cff154f6e8ef9fe904352,M1_17_ACCEPTED,SELF_MANAGED_TRANSACTION,YES,YES,NO,20/20 PASS,CHECKPOINT_QUERY_TO_BE_COMPILED,ALWAYS_EXPORT,REQUIRES_EXPLICIT_CATALOGING,REUSED_V0_3_DEFINITION_OR_PLAN,REUSED_V0_3_DEFINITION_OR_PLAN
140,M2.1,"Eligibility, Policy Gates & Decision Routing Foundations",v0.2R7,6,137,ACCEPTANCE_FINALIZER,20_M2_1/sql/137_msbf_m2_1_acceptance_finalize_v0_2R7.sql,12aa63168a757933672c10f6e997e1bb0812ee4c40adeaf8e02b91f9c6f50927,M1_17_ACCEPTED,SELF_MANAGED_TRANSACTION,YES,YES,NO,M2_1_ACCEPTED; gate PASS,CHECKPOINT_QUERY_TO_BE_COMPILED,ALWAYS_EXPORT,REQUIRES_EXPLICIT_CATALOGING,REUSED_V0_3_DEFINITION_OR_PLAN,REUSED_V0_3_DEFINITION_OR_PLAN
141,M2.1,"Eligibility, Policy Gates & Decision Routing Foundations",v0.2R7,7,138,MASTER_REPORT,20_M2_1/tests/138_MSBF_M2_1_Master_Report_v0_2R7.sql,0fd3532ee323bef4bdef33f75e88142f0d847c96ccaf14c78fc272d080411175,M1_17_ACCEPTED,READ_ONLY_OR_REPORTING,YES,YES,NO,overall_m2_1_status=PASS,REPORT_EXPORT_QUERY_REQUIRED,ALWAYS_EXPORT,Safe read-only rerun,REUSED_V0_3_DEFINITION_OR_PLAN,REUSED_V0_3_DEFINITION_OR_PLAN
142,M2.1,"Eligibility, Policy Gates & Decision Routing Foundations",v0.2R7,8,139,DETAIL_REPORT,20_M2_1/tests/139_MSBF_M2_1_Detail_Report_v0_2R7.sql,c1e906ce311eced1f4d6a5d44a82e803b0b04782f5b63eb918aee559e6c1d938,M1_17_ACCEPTED,READ_ONLY_OR_REPORTING,YES,YES,NO,24 result sets; 23/24 empty,REPORT_EXPORT_QUERY_REQUIRED,ON_DEMAND_AFTER_SUMMARY_EXPORT,Safe read-only rerun,REUSED_V0_3_DEFINITION_OR_PLAN,REUSED_V0_3_DEFINITION_OR_PLAN
143,M2.2,"Pricing, Structure & Counteroffer Foundations",v0.2R2,1,140,SCHEMA_POLICY_EXTENSION,21_M2_2/sql/140_msbf_m2_2_schema_policy_structure_contract_extension_v0_2R2.sql,82056eadcbbd977ec3ef4c15667a77c32970d7618e00183f6837b94e591c89d8,M2_1_ACCEPTED,SELF_MANAGED_TRANSACTION,YES,YES,NO,PASS,CHECKPOINT_QUERY_TO_BE_COMPILED,ALWAYS_CAPTURE_CHECKPOINT,REQUIRES_EXPLICIT_CATALOGING,REUSED_V0_3_DEFINITION_OR_PLAN,REUSED_V0_3_DEFINITION_OR_PLAN
144,M2.2,"Pricing, Structure & Counteroffer Foundations",v0.2R2,2,141,PREFLIGHT,21_M2_2/tests/141_msbf_m2_2_preflight_validation_v0_2R2.sql,151409a6e52dec2f801db85edecad90ca2770984b704f883eed4283066ffa8ae,M2_1_ACCEPTED,AUTOCOMMIT_OR_CALLER_TRANSACTION,YES,YES,NO,preflight_status=PASS,CHECKPOINT_QUERY_TO_BE_COMPILED,ALWAYS_CAPTURE_CHECKPOINT,REQUIRES_EXPLICIT_CATALOGING,REUSED_V0_3_DEFINITION_OR_PLAN,REUSED_V0_3_DEFINITION_OR_PLAN
145,M2.2,"Pricing, Structure & Counteroffer Foundations",v0.2R2,3,142,GENERATION,21_M2_2/sql/142_msbf_m2_2_pricing_structure_generation_v0_2R2.sql,1dc60e0884d1b49d7e417557602bb410734d7f3273e768a1e4eed0e2fbbfafc8,M2_1_ACCEPTED,SELF_MANAGED_TRANSACTION,YES,YES,NO,7336 entities; 0 mismatch,CHECKPOINT_QUERY_TO_BE_COMPILED,ALWAYS_CAPTURE_CHECKPOINT,REQUIRES_EXPLICIT_CATALOGING,REUSED_V0_3_DEFINITION_OR_PLAN,REUSED_V0_3_DEFINITION_OR_PLAN
146,M2.2,"Pricing, Structure & Counteroffer Foundations",v0.2R2,4,143,POSITIVE_VALIDATION,21_M2_2/sql/143_msbf_m2_2_pricing_structure_validation_v0_2R2.sql,105d3e3e48115ef30a04b6d26d5c9cb4645325c6abf932218337810f26d95afe,M2_1_ACCEPTED,SELF_MANAGED_TRANSACTION,YES,YES,NO,120/120 PASS,CHECKPOINT_QUERY_TO_BE_COMPILED,ALWAYS_EXPORT_SUMMARY_AND_FAILURES,REQUIRES_EXPLICIT_CATALOGING,REUSED_V0_3_DEFINITION_OR_PLAN,REUSED_V0_3_DEFINITION_OR_PLAN
147,M2.2,"Pricing, Structure & Counteroffer Foundations",v0.2R2,5,144,NEGATIVE_CONTROLS,21_M2_2/sql/144_msbf_m2_2_negative_control_tests_v0_2R2.sql,b00e549e6894e062a66942989f1943e71b1c9a18ab3b67f2a576982270c2d33b,M2_1_ACCEPTED,SELF_MANAGED_TRANSACTION,YES,YES,NO,20/20 PASS,CHECKPOINT_QUERY_TO_BE_COMPILED,ALWAYS_EXPORT,REQUIRES_EXPLICIT_CATALOGING,REUSED_V0_3_DEFINITION_OR_PLAN,REUSED_V0_3_DEFINITION_OR_PLAN
148,M2.2,"Pricing, Structure & Counteroffer Foundations",v0.2R2,6,145,ACCEPTANCE_FINALIZER,21_M2_2/sql/145_msbf_m2_2_acceptance_finalize_v0_2R2.sql,3969bd79d3bea027a14dd63fcd804023555f93b52224673d2ea7d717b45f04ef,M2_1_ACCEPTED,SELF_MANAGED_TRANSACTION,YES,YES,NO,M2_2_ACCEPTED,CHECKPOINT_QUERY_TO_BE_COMPILED,ALWAYS_EXPORT,REQUIRES_EXPLICIT_CATALOGING,REUSED_V0_3_DEFINITION_OR_PLAN,REUSED_V0_3_DEFINITION_OR_PLAN
149,M2.2,"Pricing, Structure & Counteroffer Foundations",v0.2R2,7,146,MASTER_REPORT,21_M2_2/tests/146_MSBF_M2_2_Master_Report_v0_2R2.sql,1b2ed622c5f7d831cbf295474e0a93d75368d4cb47259fb17ab561e59708112d,M2_1_ACCEPTED,READ_ONLY_OR_REPORTING,YES,YES,NO,overall_m2_2_status=PASS,REPORT_EXPORT_QUERY_REQUIRED,ALWAYS_EXPORT,Safe read-only rerun,REUSED_V0_3_DEFINITION_OR_PLAN,REUSED_V0_3_DEFINITION_OR_PLAN
150,M2.2,"Pricing, Structure & Counteroffer Foundations",v0.2R2,8,147,DETAIL_REPORT,21_M2_2/tests/147_MSBF_M2_2_Detail_Report_v0_2R2.sql,e731cf138201a2d3e760527faf99b4b750e2cc035ac68b9379efab47c84f0bc6,M2_1_ACCEPTED,READ_ONLY_OR_REPORTING,YES,YES,NO,24 result sets,REPORT_EXPORT_QUERY_REQUIRED,ON_DEMAND_AFTER_SUMMARY_EXPORT,Safe read-only rerun,REUSED_V0_3_DEFINITION_OR_PLAN,REUSED_V0_3_DEFINITION_OR_PLAN
151,M2.3,Final Offer & Decision Authorization,v0.2R2,1,148,SCHEMA_POLICY_EXTENSION,22_M2_3/sql/148_msbf_m2_3_schema_policy_decision_contract_extension_v0_2R2.sql,d637ffbe76dde7307b198ee902e383f37b26fbe70e30f329f1d06c1e01bd895a,M2_2_ACCEPTED,SELF_MANAGED_TRANSACTION,YES,YES,NO,schema_policy_status = PASS,CHECKPOINT_QUERY_TO_BE_COMPILED,ALWAYS_CAPTURE_CHECKPOINT,REQUIRES_EXPLICIT_CATALOGING,REUSED_V0_3_DEFINITION_OR_PLAN,REUSED_V0_3_DEFINITION_OR_PLAN
152,M2.3,Final Offer & Decision Authorization,v0.2R2,2,149,PREFLIGHT,22_M2_3/tests/149_msbf_m2_3_preflight_validation_v0_2R2.sql,451db1ffd6b2f232bee5545727abba934db07e1c6613a6dedab2bb69a52394e1,M2_2_ACCEPTED,AUTOCOMMIT_OR_CALLER_TRANSACTION,YES,YES,NO,preflight_status = PASS,CHECKPOINT_QUERY_TO_BE_COMPILED,ALWAYS_CAPTURE_CHECKPOINT,REQUIRES_EXPLICIT_CATALOGING,REUSED_V0_3_DEFINITION_OR_PLAN,REUSED_V0_3_DEFINITION_OR_PLAN
153,M2.3,Final Offer & Decision Authorization,v0.2R2,3,150,GENERATION,22_M2_3/sql/150_msbf_m2_3_final_offer_decision_generation_v0_2R2.sql,685a3173abc7fd0ace801d7c4523ec18b95837937b1923fccd9dfa0b6c782efb,M2_2_ACCEPTED,SELF_MANAGED_TRANSACTION,YES,YES,NO,generation_status = PASS,CHECKPOINT_QUERY_TO_BE_COMPILED,ALWAYS_CAPTURE_CHECKPOINT,REQUIRES_EXPLICIT_CATALOGING,REUSED_V0_3_DEFINITION_OR_PLAN,REUSED_V0_3_DEFINITION_OR_PLAN
154,M2.3,Final Offer & Decision Authorization,v0.2R2,4,151,POSITIVE_VALIDATION,22_M2_3/sql/151_msbf_m2_3_final_offer_decision_validation_v0_2R2.sql,9eb2f42eacbc50b92fcfa8389b8f831d5f2aa509461757da2282d62a5bf018e5,M2_2_ACCEPTED,SELF_MANAGED_TRANSACTION,YES,YES,NO,120 / 120 PASS,CHECKPOINT_QUERY_TO_BE_COMPILED,ALWAYS_EXPORT_SUMMARY_AND_FAILURES,REQUIRES_EXPLICIT_CATALOGING,REUSED_V0_3_DEFINITION_OR_PLAN,REUSED_V0_3_DEFINITION_OR_PLAN
155,M2.3,Final Offer & Decision Authorization,v0.2R2,5,152,NEGATIVE_CONTROLS,22_M2_3/sql/152_msbf_m2_3_negative_control_tests_v0_2R2.sql,d1ce1785f9bf536473429b66634c76baf15e494d67aa95cee90779edd85250d8,M2_2_ACCEPTED,SELF_MANAGED_TRANSACTION,YES,YES,NO,20 / 20 PASS,CHECKPOINT_QUERY_TO_BE_COMPILED,ALWAYS_EXPORT,REQUIRES_EXPLICIT_CATALOGING,REUSED_V0_3_DEFINITION_OR_PLAN,REUSED_V0_3_DEFINITION_OR_PLAN
156,M2.3,Final Offer & Decision Authorization,v0.2R2,6,153,ACCEPTANCE_FINALIZER,22_M2_3/sql/153_msbf_m2_3_acceptance_finalize_v0_2R2.sql,8b5087924380bf8f315ccba6fc7a8b6415d9c16bb5aa2e0ad53273b3f3b2555f,M2_2_ACCEPTED,SELF_MANAGED_TRANSACTION,YES,YES,NO,M2_3_ACCEPTED and gate PASS,CHECKPOINT_QUERY_TO_BE_COMPILED,ALWAYS_EXPORT,REQUIRES_EXPLICIT_CATALOGING,REUSED_V0_3_DEFINITION_OR_PLAN,REUSED_V0_3_DEFINITION_OR_PLAN
157,M2.3,Final Offer & Decision Authorization,v0.2R2,7,154,MASTER_REPORT,22_M2_3/tests/154_MSBF_M2_3_Master_Report_v0_2R2.sql,b08a2dedeae752a99f6f51766268bc53ca2d37859f799c04c6a8c31124b66674,M2_2_ACCEPTED,READ_ONLY_OR_REPORTING,YES,YES,NO,overall_m2_3_status = PASS,REPORT_EXPORT_QUERY_REQUIRED,ALWAYS_EXPORT,Safe read-only rerun,REUSED_V0_3_DEFINITION_OR_PLAN,REUSED_V0_3_DEFINITION_OR_PLAN
158,M2.3,Final Offer & Decision Authorization,v0.2R2,8,155,DETAIL_REPORT,22_M2_3/tests/155_MSBF_M2_3_Detail_Report_v0_2R2.sql,b5e35c53c9182600a1789d7b8dc28fcbe365567cb69af13af22fbc23f65051c8,M2_2_ACCEPTED,READ_ONLY_OR_REPORTING,YES,YES,NO,24 result sets,REPORT_EXPORT_QUERY_REQUIRED,ON_DEMAND_AFTER_SUMMARY_EXPORT,Safe read-only rerun,REUSED_V0_3_DEFINITION_OR_PLAN,REUSED_V0_3_DEFINITION_OR_PLAN
159,M2.4,"Booking, Funding & Portfolio Activation",v0.2,1,156,SCHEMA_POLICY_EXTENSION,23_M2_4/sql/156_msbf_m2_4_schema_policy_activation_contract_extension_v0_2.sql,eb673af9966986614a67a203bf7d1807c72aa809d71f512b4c2d0928f617745a,M2_3_ACCEPTED,SELF_MANAGED_TRANSACTION,YES,YES,NO,schema_policy_status = PASS,CHECKPOINT_QUERY_TO_BE_COMPILED,ALWAYS_CAPTURE_CHECKPOINT,REQUIRES_EXPLICIT_CATALOGING,REUSED_V0_3_DEFINITION_OR_PLAN,REUSED_V0_3_DEFINITION_OR_PLAN
160,M2.4,"Booking, Funding & Portfolio Activation",v0.2,2,157,PREFLIGHT,23_M2_4/tests/157_msbf_m2_4_preflight_validation_v0_2.sql,b8d2176a8defc1948f63c53cd1410efe567fc429fe5ce35cec77730daa711fe2,M2_3_ACCEPTED,AUTOCOMMIT_OR_CALLER_TRANSACTION,YES,YES,NO,preflight_status = PASS,CHECKPOINT_QUERY_TO_BE_COMPILED,ALWAYS_CAPTURE_CHECKPOINT,REQUIRES_EXPLICIT_CATALOGING,REUSED_V0_3_DEFINITION_OR_PLAN,REUSED_V0_3_DEFINITION_OR_PLAN
161,M2.4,"Booking, Funding & Portfolio Activation",v0.2,3,158,GENERATION,23_M2_4/sql/158_msbf_m2_4_booking_funding_activation_generation_v0_2.sql,60a3880304cd83b0d42f22cfa2d5f870f2d281bf0698e2ba6be20899d3650747,M2_3_ACCEPTED,SELF_MANAGED_TRANSACTION,YES,YES,NO,generation_status = PASS,CHECKPOINT_QUERY_TO_BE_COMPILED,ALWAYS_CAPTURE_CHECKPOINT,REQUIRES_EXPLICIT_CATALOGING,REUSED_V0_3_DEFINITION_OR_PLAN,REUSED_V0_3_DEFINITION_OR_PLAN
162,M2.4,"Booking, Funding & Portfolio Activation",v0.2,4,159,POSITIVE_VALIDATION,23_M2_4/sql/159_msbf_m2_4_booking_funding_activation_validation_v0_2.sql,21c1d825f1049205c4d0fb9914ee32ee7c07f521bcb36548e10fe1109715d0e9,M2_3_ACCEPTED,SELF_MANAGED_TRANSACTION,YES,YES,NO,120 / 120 PASS,CHECKPOINT_QUERY_TO_BE_COMPILED,ALWAYS_EXPORT_SUMMARY_AND_FAILURES,REQUIRES_EXPLICIT_CATALOGING,REUSED_V0_3_DEFINITION_OR_PLAN,REUSED_V0_3_DEFINITION_OR_PLAN
163,M2.4,"Booking, Funding & Portfolio Activation",v0.2,5,160,NEGATIVE_CONTROLS,23_M2_4/sql/160_msbf_m2_4_negative_control_tests_v0_2.sql,d0fc73a8e12245300c38cac9d88122887401a6f3a685a09e8d448a53bedb54f3,M2_3_ACCEPTED,SELF_MANAGED_TRANSACTION,YES,YES,NO,20 / 20 PASS,CHECKPOINT_QUERY_TO_BE_COMPILED,ALWAYS_EXPORT,REQUIRES_EXPLICIT_CATALOGING,REUSED_V0_3_DEFINITION_OR_PLAN,REUSED_V0_3_DEFINITION_OR_PLAN
164,M2.4,"Booking, Funding & Portfolio Activation",v0.2,6,161,ACCEPTANCE_FINALIZER,23_M2_4/sql/161_msbf_m2_4_acceptance_finalize_v0_2.sql,a24ef1aae7e64cfa768eaaffc356c4856b325a176c1dea7404f8de597e28de16,M2_3_ACCEPTED,SELF_MANAGED_TRANSACTION,YES,YES,NO,M2_4_ACCEPTED and gate PASS,CHECKPOINT_QUERY_TO_BE_COMPILED,ALWAYS_EXPORT,REQUIRES_EXPLICIT_CATALOGING,REUSED_V0_3_DEFINITION_OR_PLAN,REUSED_V0_3_DEFINITION_OR_PLAN
165,M2.4,"Booking, Funding & Portfolio Activation",v0.2,7,162,MASTER_REPORT,23_M2_4/tests/162_MSBF_M2_4_Master_Report_v0_2.sql,6f6a68d7d559a55d84d5ec6ade9e50de519dfc140e5b827d7a4fec1095edbb69,M2_3_ACCEPTED,READ_ONLY_OR_REPORTING,YES,YES,NO,overall_m2_4_status = PASS,REPORT_EXPORT_QUERY_REQUIRED,ALWAYS_EXPORT,Safe read-only rerun,REUSED_V0_3_DEFINITION_OR_PLAN,REUSED_V0_3_DEFINITION_OR_PLAN
166,M2.4,"Booking, Funding & Portfolio Activation",v0.2,8,163,DETAIL_REPORT,23_M2_4/tests/163_MSBF_M2_4_Detail_Report_v0_2.sql,ab2f47a240cb4bd9adba9f6b07124733ad7658cbdc87af4ed51a782ef1aca47f,M2_3_ACCEPTED,READ_ONLY_OR_REPORTING,YES,YES,NO,24 result sets,REPORT_EXPORT_QUERY_REQUIRED,ON_DEMAND_AFTER_SUMMARY_EXPORT,Safe read-only rerun,REUSED_V0_3_DEFINITION_OR_PLAN,REUSED_V0_3_DEFINITION_OR_PLAN
167,M2.5,"Daily Remittance, Exposure & Portfolio Monitoring",v0.2R5,1,164,SCHEMA_POLICY_EXTENSION,24_M2_5/sql/164_msbf_m2_5_schema_policy_monitoring_contract_extension_v0_2.sql,4e26ba3ef2d1893ed79f0e9689bea0f3790f644918712a8edf3e04a7cc71e06b,M2_4_ACCEPTED,SELF_MANAGED_TRANSACTION,YES,YES,NO,schema_policy_status = PASS,CHECKPOINT_QUERY_TO_BE_COMPILED,ALWAYS_CAPTURE_CHECKPOINT,REQUIRES_EXPLICIT_CATALOGING,REUSED_V0_3_DEFINITION_OR_PLAN,REUSED_V0_3_DEFINITION_OR_PLAN
168,M2.5,"Daily Remittance, Exposure & Portfolio Monitoring",v0.2R5,2,165,PREFLIGHT,24_M2_5/tests/165_msbf_m2_5_preflight_validation_v0_2R1.sql,8142a40edc70caf912bc0faaf497b465ed6cd21643d8f30639df9b1e7f3735a6,M2_4_ACCEPTED,AUTOCOMMIT_OR_CALLER_TRANSACTION,YES,YES,NO,preflight_status = PASS,CHECKPOINT_QUERY_TO_BE_COMPILED,ALWAYS_CAPTURE_CHECKPOINT,REQUIRES_EXPLICIT_CATALOGING,REUSED_V0_3_DEFINITION_OR_PLAN,REUSED_V0_3_DEFINITION_OR_PLAN
169,M2.5,"Daily Remittance, Exposure & Portfolio Monitoring",v0.2R5,3,166,GENERATION,24_M2_5/sql/166_msbf_m2_5_daily_remittance_exposure_generation_v0_2.sql,f1eee9785687b49e776c54bfe146dd03f40df5b2ddc28ef862efe6e79e7d0f71,M2_4_ACCEPTED,SELF_MANAGED_TRANSACTION,YES,YES,NO,generation_status = PASS,CHECKPOINT_QUERY_TO_BE_COMPILED,ALWAYS_CAPTURE_CHECKPOINT,REQUIRES_EXPLICIT_CATALOGING,REUSED_V0_3_DEFINITION_OR_PLAN,REUSED_V0_3_DEFINITION_OR_PLAN
170,M2.5,"Daily Remittance, Exposure & Portfolio Monitoring",v0.2R5,4,167,POSITIVE_VALIDATION,24_M2_5/sql/167_msbf_m2_5_daily_remittance_exposure_validation_v0_2R5.sql,acf62c8cc3aade5a561434da8b350eb32507dff2ec4c7e67876b7c769e16fcf3,M2_4_ACCEPTED,SELF_MANAGED_TRANSACTION,YES,YES,NO,120 / 120 PASS,CHECKPOINT_QUERY_TO_BE_COMPILED,ALWAYS_EXPORT_SUMMARY_AND_FAILURES,REQUIRES_EXPLICIT_CATALOGING,REUSED_V0_3_DEFINITION_OR_PLAN,REUSED_V0_3_DEFINITION_OR_PLAN
171,M2.5,"Daily Remittance, Exposure & Portfolio Monitoring",v0.2R5,5,168,NEGATIVE_CONTROLS,24_M2_5/sql/168_msbf_m2_5_negative_control_tests_v0_2R4.sql,935ec8220fb6683c3e7ff2968378dafc1cfa43dc19cb78fe302a4def03a99e52,M2_4_ACCEPTED,SELF_MANAGED_TRANSACTION,YES,YES,NO,20 / 20 PASS,CHECKPOINT_QUERY_TO_BE_COMPILED,ALWAYS_EXPORT,REQUIRES_EXPLICIT_CATALOGING,REUSED_V0_3_DEFINITION_OR_PLAN,REUSED_V0_3_DEFINITION_OR_PLAN
172,M2.5,"Daily Remittance, Exposure & Portfolio Monitoring",v0.2R5,6,169,ACCEPTANCE_FINALIZER,24_M2_5/sql/169_msbf_m2_5_acceptance_finalize_v0_2R5.sql,bbde79b07518127a235ddaf5e184c8f4dd39ad76e332b60039b880025f492ea1,M2_4_ACCEPTED,SELF_MANAGED_TRANSACTION,YES,YES,NO,M2_5_ACCEPTED and gate PASS,CHECKPOINT_QUERY_TO_BE_COMPILED,ALWAYS_EXPORT,REQUIRES_EXPLICIT_CATALOGING,REUSED_V0_3_DEFINITION_OR_PLAN,REUSED_V0_3_DEFINITION_OR_PLAN
173,M2.5,"Daily Remittance, Exposure & Portfolio Monitoring",v0.2R5,7,170,MASTER_REPORT,24_M2_5/tests/170_MSBF_M2_5_Master_Report_v0_2.sql,43459978177d82dbc28134e8770dc373e84ef9e256eb5e88e01d028cbfffd57e,M2_4_ACCEPTED,READ_ONLY_OR_REPORTING,YES,YES,NO,overall_m2_5_status = PASS,REPORT_EXPORT_QUERY_REQUIRED,ALWAYS_EXPORT,Safe read-only rerun,REUSED_V0_3_DEFINITION_OR_PLAN,REUSED_V0_3_DEFINITION_OR_PLAN
174,M2.5,"Daily Remittance, Exposure & Portfolio Monitoring",v0.2R5,8,171,DETAIL_REPORT,24_M2_5/tests/171_MSBF_M2_5_Detail_Report_v0_2.sql,31a8446a85c3f8516a5b0a322f6606517b7c88892e9cf80f0efc3c6364e537c1,M2_4_ACCEPTED,READ_ONLY_OR_REPORTING,YES,YES,NO,24 result sets,REPORT_EXPORT_QUERY_REQUIRED,ON_DEMAND_AFTER_SUMMARY_EXPORT,Safe read-only rerun,REUSED_V0_3_DEFINITION_OR_PLAN,REUSED_V0_3_DEFINITION_OR_PLAN
175,M2.6,"Early Warning, Intervention & Servicing Strategy",v0.2R1,1,172,SCHEMA_POLICY_EXTENSION,25_M2_6/sql/172_msbf_m2_6_schema_policy_strategy_contract_extension_v0_2.sql,e90525e58f089cc84f9a518d61216e16bf96aba76cb09581f8ce7d363a36cf83,M2_5_ACCEPTED,SELF_MANAGED_TRANSACTION,YES,YES,NO,schema_policy_status = PASS,CHECKPOINT_QUERY_TO_BE_COMPILED,ALWAYS_CAPTURE_CHECKPOINT,REQUIRES_EXPLICIT_CATALOGING,REUSED_V0_3_DEFINITION_OR_PLAN,REUSED_V0_3_DEFINITION_OR_PLAN
176,M2.6,"Early Warning, Intervention & Servicing Strategy",v0.2R1,2,173,PREFLIGHT,25_M2_6/tests/173_msbf_m2_6_preflight_validation_v0_2.sql,6f2f4f9dff66ad5da183cc88e4400a823967305153fde142ae5124d968a612b5,M2_5_ACCEPTED,AUTOCOMMIT_OR_CALLER_TRANSACTION,YES,YES,NO,preflight_status = PASS,CHECKPOINT_QUERY_TO_BE_COMPILED,ALWAYS_CAPTURE_CHECKPOINT,REQUIRES_EXPLICIT_CATALOGING,REUSED_V0_3_DEFINITION_OR_PLAN,REUSED_V0_3_DEFINITION_OR_PLAN
177,M2.6,"Early Warning, Intervention & Servicing Strategy",v0.2R1,3,174,GENERATION,25_M2_6/sql/174_msbf_m2_6_intervention_strategy_generation_v0_2.sql,967ba6d8d12485c2dd887807a41c9ddebb029575c4f4162f10009fbfed4f1c29,M2_5_ACCEPTED,SELF_MANAGED_TRANSACTION,YES,YES,NO,284 canonical entities and zero mismatches,CHECKPOINT_QUERY_TO_BE_COMPILED,ALWAYS_CAPTURE_CHECKPOINT,REQUIRES_EXPLICIT_CATALOGING,REUSED_V0_3_DEFINITION_OR_PLAN,REUSED_V0_3_DEFINITION_OR_PLAN
178,M2.6,"Early Warning, Intervention & Servicing Strategy",v0.2R1,4,175,POSITIVE_VALIDATION,25_M2_6/sql/175_msbf_m2_6_intervention_strategy_validation_v0_2.sql,089fcab6962f3bda4d5e2029546ab7d5e8d1abc8f565574d625f72c1fce2e739,M2_5_ACCEPTED,SELF_MANAGED_TRANSACTION,YES,YES,NO,120 / 120 PASS,CHECKPOINT_QUERY_TO_BE_COMPILED,ALWAYS_EXPORT_SUMMARY_AND_FAILURES,REQUIRES_EXPLICIT_CATALOGING,REUSED_V0_3_DEFINITION_OR_PLAN,REUSED_V0_3_DEFINITION_OR_PLAN
179,M2.6,"Early Warning, Intervention & Servicing Strategy",v0.2R1,5,176,NEGATIVE_CONTROLS,25_M2_6/sql/176_msbf_m2_6_negative_control_tests_v0_2.sql,c28fb91dddc0788a6f79190abe3fe96bb88d3b51dae1bb3b24e03afb03148428,M2_5_ACCEPTED,SELF_MANAGED_TRANSACTION,YES,YES,NO,20 / 20 PASS,CHECKPOINT_QUERY_TO_BE_COMPILED,ALWAYS_EXPORT,REQUIRES_EXPLICIT_CATALOGING,REUSED_V0_3_DEFINITION_OR_PLAN,REUSED_V0_3_DEFINITION_OR_PLAN
180,M2.6,"Early Warning, Intervention & Servicing Strategy",v0.2R1,6,177,ACCEPTANCE_FINALIZER,25_M2_6/sql/177_msbf_m2_6_acceptance_finalize_v0_2.sql,793f869122cc187d28e1c066c0125fa5980ac086846ae12c12be09104d072d3e,M2_5_ACCEPTED,SELF_MANAGED_TRANSACTION,YES,YES,NO,M2_6_ACCEPTED and gate PASS,CHECKPOINT_QUERY_TO_BE_COMPILED,ALWAYS_EXPORT,REQUIRES_EXPLICIT_CATALOGING,REUSED_V0_3_DEFINITION_OR_PLAN,REUSED_V0_3_DEFINITION_OR_PLAN
181,M2.6,"Early Warning, Intervention & Servicing Strategy",v0.2R1,7,178,MASTER_REPORT,25_M2_6/tests/178_MSBF_M2_6_Master_Report_v0_2R1.sql,07df5d1b0a0031849764178787aa520153712535624355706875d04e5be4bbeb,M2_5_ACCEPTED,READ_ONLY_OR_REPORTING,YES,YES,NO,overall_m2_6_status = PASS,REPORT_EXPORT_QUERY_REQUIRED,ALWAYS_EXPORT,Safe read-only rerun,REUSED_V0_3_DEFINITION_OR_PLAN,REUSED_V0_3_DEFINITION_OR_PLAN
182,M2.6,"Early Warning, Intervention & Servicing Strategy",v0.2R1,8,179,DETAIL_REPORT,25_M2_6/tests/179_MSBF_M2_6_Detail_Report_v0_2.sql,53982a04b7fdc90ae5b235ae1b5cce6cd80d127e7230275e4376609b75c43f29,M2_5_ACCEPTED,READ_ONLY_OR_REPORTING,YES,YES,NO,24 result sets,REPORT_EXPORT_QUERY_REQUIRED,ON_DEMAND_AFTER_SUMMARY_EXPORT,Safe read-only rerun,REUSED_V0_3_DEFINITION_OR_PLAN,REUSED_V0_3_DEFINITION_OR_PLAN
183,M2.7,Operational Activation & Account Setup,v0.2R1,1,180,SCHEMA_POLICY_EXTENSION,26_M2_7/sql/180_msbf_m2_7_schema_policy_operational_setup_extension_v0_2.sql,4ece293aa09cac3b52134112e001cbc378cff773f208f347fb046fdbc945338a,M2_6_ACCEPTED,SELF_MANAGED_TRANSACTION,YES,YES,NO,schema_policy_status = PASS,CHECKPOINT_QUERY_TO_BE_COMPILED,ALWAYS_CAPTURE_CHECKPOINT,REQUIRES_EXPLICIT_CATALOGING,REUSED_V0_3_DEFINITION_OR_PLAN,REUSED_V0_3_DEFINITION_OR_PLAN
184,M2.7,Operational Activation & Account Setup,v0.2R1,2,181,PREFLIGHT,26_M2_7/tests/181_msbf_m2_7_preflight_validation_v0_2.sql,994552d5644b25644c3cc28d76d29a31a368461e33b3ca8bb282d326e75925e1,M2_6_ACCEPTED,AUTOCOMMIT_OR_CALLER_TRANSACTION,YES,YES,NO,preflight_status = PASS,CHECKPOINT_QUERY_TO_BE_COMPILED,ALWAYS_CAPTURE_CHECKPOINT,REQUIRES_EXPLICIT_CATALOGING,REUSED_V0_3_DEFINITION_OR_PLAN,REUSED_V0_3_DEFINITION_OR_PLAN
185,M2.7,Operational Activation & Account Setup,v0.2R1,3,182,GENERATION,26_M2_7/sql/182_msbf_m2_7_operational_activation_generation_v0_2R1.sql,292bd1902ba161fc8069ce17a50f5a1ae17f24caa3eccb7c957b9ca47d61185b,M2_6_ACCEPTED,SELF_MANAGED_TRANSACTION,YES,YES,NO,341 canonical entities; exact 57/1/1 mapping; zero mismatches,CHECKPOINT_QUERY_TO_BE_COMPILED,ALWAYS_CAPTURE_CHECKPOINT,REQUIRES_EXPLICIT_CATALOGING,REUSED_V0_3_DEFINITION_OR_PLAN,REUSED_V0_3_DEFINITION_OR_PLAN
186,M2.7,Operational Activation & Account Setup,v0.2R1,4,183,POSITIVE_VALIDATION,26_M2_7/sql/183_msbf_m2_7_operational_activation_validation_v0_2.sql,12456e6aa4d2a86e8b9fa680d1fdc9da9f561d1487510922645695e39a11f836,M2_6_ACCEPTED,SELF_MANAGED_TRANSACTION,YES,YES,NO,120 / 120 PASS,CHECKPOINT_QUERY_TO_BE_COMPILED,ALWAYS_EXPORT_SUMMARY_AND_FAILURES,REQUIRES_EXPLICIT_CATALOGING,REUSED_V0_3_DEFINITION_OR_PLAN,REUSED_V0_3_DEFINITION_OR_PLAN
187,M2.7,Operational Activation & Account Setup,v0.2R1,5,184,NEGATIVE_CONTROLS,26_M2_7/sql/184_msbf_m2_7_negative_control_tests_v0_2.sql,3fc46b8df3552e2e1773a3315d1399fabab6de1cc10d6f20daa2922452e20fc8,M2_6_ACCEPTED,SELF_MANAGED_TRANSACTION,YES,YES,NO,20 / 20 PASS,CHECKPOINT_QUERY_TO_BE_COMPILED,ALWAYS_EXPORT,REQUIRES_EXPLICIT_CATALOGING,REUSED_V0_3_DEFINITION_OR_PLAN,REUSED_V0_3_DEFINITION_OR_PLAN
188,M2.7,Operational Activation & Account Setup,v0.2R1,6,185,ACCEPTANCE_FINALIZER,26_M2_7/sql/185_msbf_m2_7_acceptance_finalize_v0_2.sql,99937602960d59e13662922d1ae878b7e84e41525a1f3ee9a37b553be35924c4,M2_6_ACCEPTED,SELF_MANAGED_TRANSACTION,YES,YES,NO,M2_7_ACCEPTED / ACCEPTED / PASS,CHECKPOINT_QUERY_TO_BE_COMPILED,ALWAYS_EXPORT,REQUIRES_EXPLICIT_CATALOGING,REUSED_V0_3_DEFINITION_OR_PLAN,REUSED_V0_3_DEFINITION_OR_PLAN
189,M2.7,Operational Activation & Account Setup,v0.2R1,7,186,MASTER_REPORT,26_M2_7/tests/186_MSBF_M2_7_Master_Report_v0_2.sql,a613959c075f48874299516dfa38cd0ada9c5c4cd5b2d126509b63bcb816fecc,M2_6_ACCEPTED,READ_ONLY_OR_REPORTING,YES,YES,NO,overall_m2_7_status = PASS,REPORT_EXPORT_QUERY_REQUIRED,ALWAYS_EXPORT,Safe read-only rerun,REUSED_V0_3_DEFINITION_OR_PLAN,REUSED_V0_3_DEFINITION_OR_PLAN
190,M2.7,Operational Activation & Account Setup,v0.2R1,8,187,DETAIL_REPORT,26_M2_7/tests/187_MSBF_M2_7_Detail_Report_v0_2.sql,dd8514c29ee5737cabef82b19a79502b302fc597136d3f7624d501ed9523631c,M2_6_ACCEPTED,READ_ONLY_OR_REPORTING,YES,YES,NO,24 result sets,REPORT_EXPORT_QUERY_REQUIRED,ON_DEMAND_AFTER_SUMMARY_EXPORT,Safe read-only rerun,REUSED_V0_3_DEFINITION_OR_PLAN,REUSED_V0_3_DEFINITION_OR_PLAN
191,M2.8,"Servicing Execution Simulation, Payment Processing & Account Lifecycle Control",v0.2,1,188,SCHEMA_POLICY_EXTENSION,27_M2_8/sql/188_msbf_m2_8_schema_policy_payment_lifecycle_extension_v0_2.sql,32d1df4de1d4fe4544f75f808acf20d40620c23761499ba9e2d0e21e9dfbf0de,M2_7_ACCEPTED,SELF_MANAGED_TRANSACTION,YES,YES,NO,schema_policy_status = PASS,CHECKPOINT_QUERY_TO_BE_COMPILED,ALWAYS_CAPTURE_CHECKPOINT,REQUIRES_EXPLICIT_CATALOGING,REUSED_V0_3_DEFINITION_OR_PLAN,REUSED_V0_3_DEFINITION_OR_PLAN
192,M2.8,"Servicing Execution Simulation, Payment Processing & Account Lifecycle Control",v0.2,2,189,PREFLIGHT,27_M2_8/tests/189_msbf_m2_8_preflight_validation_v0_2.sql,5e91d83d1bb3fe7ff46841c54e39b4bfa4bdc7c6a9d3cb4241f70ee18a0e66c8,M2_7_ACCEPTED,AUTOCOMMIT_OR_CALLER_TRANSACTION,YES,YES,NO,preflight_status = PASS,CHECKPOINT_QUERY_TO_BE_COMPILED,ALWAYS_CAPTURE_CHECKPOINT,REQUIRES_EXPLICIT_CATALOGING,REUSED_V0_3_DEFINITION_OR_PLAN,REUSED_V0_3_DEFINITION_OR_PLAN
193,M2.8,"Servicing Execution Simulation, Payment Processing & Account Lifecycle Control",v0.2,3,190,GENERATION,27_M2_8/sql/190_msbf_m2_8_servicing_payment_lifecycle_generation_v0_2.sql,233852c8e497738aafe3b3368ff15272385a9b05c57047948b6b71c44e8faed5,M2_7_ACCEPTED,SELF_MANAGED_TRANSACTION,YES,YES,NO,generation_status = PASS; 367 canonical entities,CHECKPOINT_QUERY_TO_BE_COMPILED,ALWAYS_CAPTURE_CHECKPOINT,REQUIRES_EXPLICIT_CATALOGING,REUSED_V0_3_DEFINITION_OR_PLAN,REUSED_V0_3_DEFINITION_OR_PLAN
194,M2.8,"Servicing Execution Simulation, Payment Processing & Account Lifecycle Control",v0.2,4,191,POSITIVE_VALIDATION,27_M2_8/sql/191_msbf_m2_8_servicing_payment_lifecycle_validation_v0_2.sql,ede4a609b8aa039b6ec718ed17f2a954caf470adadbcdc2b33ed3e62eefeac12,M2_7_ACCEPTED,SELF_MANAGED_TRANSACTION,YES,YES,NO,120 / 120 PASS,CHECKPOINT_QUERY_TO_BE_COMPILED,ALWAYS_EXPORT_SUMMARY_AND_FAILURES,REQUIRES_EXPLICIT_CATALOGING,REUSED_V0_3_DEFINITION_OR_PLAN,REUSED_V0_3_DEFINITION_OR_PLAN
195,M2.8,"Servicing Execution Simulation, Payment Processing & Account Lifecycle Control",v0.2,5,192,NEGATIVE_CONTROLS,27_M2_8/sql/192_msbf_m2_8_negative_control_tests_v0_2.sql,b81f1699fdacaf79c598dc89bd324e548d67697426d55c91bcb2e7d56bfac4cf,M2_7_ACCEPTED,SELF_MANAGED_TRANSACTION,YES,YES,NO,20 / 20 PASS,CHECKPOINT_QUERY_TO_BE_COMPILED,ALWAYS_EXPORT,REQUIRES_EXPLICIT_CATALOGING,REUSED_V0_3_DEFINITION_OR_PLAN,REUSED_V0_3_DEFINITION_OR_PLAN
196,M2.8,"Servicing Execution Simulation, Payment Processing & Account Lifecycle Control",v0.2,6,193,ACCEPTANCE_FINALIZER,27_M2_8/sql/193_msbf_m2_8_acceptance_finalize_v0_2.sql,caf841a57b9615efb3b831a9634e8cbd318b45273787069375a5ec834a8ce0df,M2_7_ACCEPTED,SELF_MANAGED_TRANSACTION,YES,YES,NO,M2_8_ACCEPTED / ACCEPTED / PASS,CHECKPOINT_QUERY_TO_BE_COMPILED,ALWAYS_EXPORT,REQUIRES_EXPLICIT_CATALOGING,REUSED_V0_3_DEFINITION_OR_PLAN,REUSED_V0_3_DEFINITION_OR_PLAN
197,M2.8,"Servicing Execution Simulation, Payment Processing & Account Lifecycle Control",v0.2,7,194,MASTER_REPORT,27_M2_8/tests/194_MSBF_M2_8_Master_Report_v0_2.sql,d283607820dce42229df05fe47795d1bdaa254f510162be0e427f1a9b4e515a7,M2_7_ACCEPTED,READ_ONLY_OR_REPORTING,YES,YES,NO,overall_m2_8_status = PASS,REPORT_EXPORT_QUERY_REQUIRED,ALWAYS_EXPORT,Safe read-only rerun,REUSED_V0_3_DEFINITION_OR_PLAN,REUSED_V0_3_DEFINITION_OR_PLAN
198,M2.8,"Servicing Execution Simulation, Payment Processing & Account Lifecycle Control",v0.2,8,195,DETAIL_REPORT,27_M2_8/tests/195_MSBF_M2_8_Detail_Report_v0_2.sql,528a64ff8dd7ab6d0da8eca4a6f117225db7abf62c4c03bd2e294a13d2a5c990,M2_7_ACCEPTED,READ_ONLY_OR_REPORTING,YES,YES,NO,24 result sets; 23 and 24 empty,REPORT_EXPORT_QUERY_REQUIRED,ON_DEMAND_AFTER_SUMMARY_EXPORT,Safe read-only rerun,REUSED_V0_3_DEFINITION_OR_PLAN,REUSED_V0_3_DEFINITION_OR_PLAN
199,M2.9,"Payment Reconciliation, Exception Resolution & Account State Certification",v0.2R1,1,196,SCHEMA_POLICY_EXTENSION,28_M2_9/sql/196_msbf_m2_9_schema_policy_reconciliation_certification_extension_v0_2.sql,5ad98f677fcdd630de18d3d7cf699f464539ee8698367f80e836125f91c6c958,M2_8_ACCEPTED,SELF_MANAGED_TRANSACTION,YES,YES,NO,schema_policy_status = PASS,CHECKPOINT_QUERY_TO_BE_COMPILED,ALWAYS_CAPTURE_CHECKPOINT,REQUIRES_EXPLICIT_CATALOGING,REUSED_V0_3_DEFINITION_OR_PLAN,REUSED_V0_3_DEFINITION_OR_PLAN
200,M2.9,"Payment Reconciliation, Exception Resolution & Account State Certification",v0.2R1,2,197,PREFLIGHT,28_M2_9/tests/197_msbf_m2_9_preflight_validation_v0_2.sql,55182c021ab057bd357993c0d17da5f9a69bddc466dad72cb2837d8fd4462271,M2_8_ACCEPTED,AUTOCOMMIT_OR_CALLER_TRANSACTION,YES,YES,NO,preflight_status = PASS,CHECKPOINT_QUERY_TO_BE_COMPILED,ALWAYS_CAPTURE_CHECKPOINT,REQUIRES_EXPLICIT_CATALOGING,REUSED_V0_3_DEFINITION_OR_PLAN,REUSED_V0_3_DEFINITION_OR_PLAN
201,M2.9,"Payment Reconciliation, Exception Resolution & Account State Certification",v0.2R1,3,198,GENERATION,28_M2_9/sql/198_msbf_m2_9_reconciliation_exception_certification_generation_v0_2.sql,beb1c64b357dd2a60a9acf235e0f8af06199f80704a3b47f13eb9947168d66e9,M2_8_ACCEPTED,SELF_MANAGED_TRANSACTION,YES,YES,NO,generation_status = PASS; canonical 438; zero mismatches,CHECKPOINT_QUERY_TO_BE_COMPILED,ALWAYS_CAPTURE_CHECKPOINT,REQUIRES_EXPLICIT_CATALOGING,REUSED_V0_3_DEFINITION_OR_PLAN,REUSED_V0_3_DEFINITION_OR_PLAN
202,M2.9,"Payment Reconciliation, Exception Resolution & Account State Certification",v0.2R1,4,199,POSITIVE_VALIDATION,28_M2_9/sql/199_msbf_m2_9_payment_reconciliation_certification_validation_v0_2R1.sql,f7eead4738cb4592be5e143af31e897b796aecbea4e117392d7ecd970fa4e0d5,M2_8_ACCEPTED,SELF_MANAGED_TRANSACTION,YES,YES,NO,120 / 120 PASS,CHECKPOINT_QUERY_TO_BE_COMPILED,ALWAYS_EXPORT_SUMMARY_AND_FAILURES,REQUIRES_EXPLICIT_CATALOGING,REUSED_V0_3_DEFINITION_OR_PLAN,REUSED_V0_3_DEFINITION_OR_PLAN
203,M2.9,"Payment Reconciliation, Exception Resolution & Account State Certification",v0.2R1,5,200,NEGATIVE_CONTROLS,28_M2_9/sql/200_msbf_m2_9_negative_control_tests_v0_2.sql,fba2e7a683e85b5c1ba749052edb287fe878f8ecfdc2392f4304ce90127b06ef,M2_8_ACCEPTED,SELF_MANAGED_TRANSACTION,YES,YES,NO,20 / 20 PASS,CHECKPOINT_QUERY_TO_BE_COMPILED,ALWAYS_EXPORT,REQUIRES_EXPLICIT_CATALOGING,REUSED_V0_3_DEFINITION_OR_PLAN,REUSED_V0_3_DEFINITION_OR_PLAN
204,M2.9,"Payment Reconciliation, Exception Resolution & Account State Certification",v0.2R1,6,201,ACCEPTANCE_FINALIZER,28_M2_9/sql/201_msbf_m2_9_acceptance_finalize_v0_2.sql,3aa3f3b95969338caf4ec082f2b21d14ae7f5695399703ef381ad3a07a36dd38,M2_8_ACCEPTED,SELF_MANAGED_TRANSACTION,YES,YES,NO,M2_9_ACCEPTED / ACCEPTED / PASS,CHECKPOINT_QUERY_TO_BE_COMPILED,ALWAYS_EXPORT,REQUIRES_EXPLICIT_CATALOGING,REUSED_V0_3_DEFINITION_OR_PLAN,REUSED_V0_3_DEFINITION_OR_PLAN
205,M2.9,"Payment Reconciliation, Exception Resolution & Account State Certification",v0.2R1,7,202,MASTER_REPORT,28_M2_9/tests/202_MSBF_M2_9_Master_Report_v0_2R1.sql,45919b991e529f536ad3a9180e7734b4c104138145ac65ebc8fc95a05e6b7411,M2_8_ACCEPTED,READ_ONLY_OR_REPORTING,YES,YES,NO,overall_m2_9_status = PASS,REPORT_EXPORT_QUERY_REQUIRED,ALWAYS_EXPORT,Safe read-only rerun,REUSED_V0_3_DEFINITION_OR_PLAN,REUSED_V0_3_DEFINITION_OR_PLAN
206,M2.9,"Payment Reconciliation, Exception Resolution & Account State Certification",v0.2R1,8,203,DETAIL_REPORT,28_M2_9/tests/203_MSBF_M2_9_Detail_Report_v0_2.sql,7c4081bcd6e877a6ec578979cac7936d85850a06db66dffcb65d3e7cfbfa33e0,M2_8_ACCEPTED,READ_ONLY_OR_REPORTING,YES,YES,NO,24 result sets; Result Sets 23 and 24 empty,REPORT_EXPORT_QUERY_REQUIRED,ON_DEMAND_AFTER_SUMMARY_EXPORT,Safe read-only rerun,REUSED_V0_3_DEFINITION_OR_PLAN,REUSED_V0_3_DEFINITION_OR_PLAN
207,M2.10,"Portfolio Performance, KPI & Servicing Analytics",v0.2R5,1,204,SCHEMA_POLICY_EXTENSION,29_M2_10/sql/204_msbf_m2_10_schema_policy_portfolio_analytics_extension_v0_2R2.sql,f67724035b5b3a280644774f7ec77a0e88536caebdaac7433314bbadca4aa3dd,M2_9_ACCEPTED,SELF_MANAGED_TRANSACTION,YES,YES,NO,schema_policy_status = PASS,CHECKPOINT_QUERY_TO_BE_COMPILED,ALWAYS_CAPTURE_CHECKPOINT,REQUIRES_EXPLICIT_CATALOGING,REUSED_V0_3_DEFINITION_OR_PLAN,REUSED_V0_3_DEFINITION_OR_PLAN
208,M2.10,"Portfolio Performance, KPI & Servicing Analytics",v0.2R5,2,205,PREFLIGHT,29_M2_10/tests/205_msbf_m2_10_preflight_validation_v0_2R1.sql,fb5e92c3f79a71cf490f06dd966021a172fde156195bb4b275ef319875702b49,M2_9_ACCEPTED,AUTOCOMMIT_OR_CALLER_TRANSACTION,YES,YES,NO,preflight_status = PASS,CHECKPOINT_QUERY_TO_BE_COMPILED,ALWAYS_CAPTURE_CHECKPOINT,REQUIRES_EXPLICIT_CATALOGING,REUSED_V0_3_DEFINITION_OR_PLAN,REUSED_V0_3_DEFINITION_OR_PLAN
209,M2.10,"Portfolio Performance, KPI & Servicing Analytics",v0.2R5,3,206,GENERATION,29_M2_10/sql/206_msbf_m2_10_portfolio_performance_kpi_generation_v0_2R1.sql,b368a2f2a7cbaa8594419568a495fd631b3d255fc4aea8426326c5c3feb43513,M2_9_ACCEPTED,SELF_MANAGED_TRANSACTION,YES,YES,NO,generation_status = PASS,CHECKPOINT_QUERY_TO_BE_COMPILED,ALWAYS_CAPTURE_CHECKPOINT,REQUIRES_EXPLICIT_CATALOGING,REUSED_V0_3_DEFINITION_OR_PLAN,REUSED_V0_3_DEFINITION_OR_PLAN
210,M2.10,"Portfolio Performance, KPI & Servicing Analytics",v0.2R5,4,207,POSITIVE_VALIDATION,29_M2_10/sql/207_msbf_m2_10_portfolio_performance_kpi_validation_v0_2R3.sql,691fe4b6e17fe1186f8a7f36bae2f2314357b615f884ccdd0fa9ae2f009c79a2,M2_9_ACCEPTED,SELF_MANAGED_TRANSACTION,YES,YES,NO,120 / 120 PASS,CHECKPOINT_QUERY_TO_BE_COMPILED,ALWAYS_EXPORT_SUMMARY_AND_FAILURES,REQUIRES_EXPLICIT_CATALOGING,REUSED_V0_3_DEFINITION_OR_PLAN,REUSED_V0_3_DEFINITION_OR_PLAN
211,M2.10,"Portfolio Performance, KPI & Servicing Analytics",v0.2R5,5,208,NEGATIVE_CONTROLS,29_M2_10/sql/208_msbf_m2_10_negative_control_tests_v0_2R2.sql,7da3968bcb310d05ba838605edaac12f7c00f3b646a070d8bf0f8d5dc4765c9f,M2_9_ACCEPTED,SELF_MANAGED_TRANSACTION,YES,YES,NO,20 / 20 PASS,CHECKPOINT_QUERY_TO_BE_COMPILED,ALWAYS_EXPORT,REQUIRES_EXPLICIT_CATALOGING,REUSED_V0_3_DEFINITION_OR_PLAN,REUSED_V0_3_DEFINITION_OR_PLAN
212,M2.10,"Portfolio Performance, KPI & Servicing Analytics",v0.2R5,6,209,ACCEPTANCE_FINALIZER,29_M2_10/sql/209_msbf_m2_10_acceptance_finalize_v0_2R1.sql,ed9de6c5c1355c6ca80935209f804106fcd2aee4d365502b6e00b598de67c45d,M2_9_ACCEPTED,SELF_MANAGED_TRANSACTION,YES,YES,NO,M2_10_ACCEPTED / ACCEPTED / PASS,CHECKPOINT_QUERY_TO_BE_COMPILED,ALWAYS_EXPORT,REQUIRES_EXPLICIT_CATALOGING,REUSED_V0_3_DEFINITION_OR_PLAN,REUSED_V0_3_DEFINITION_OR_PLAN
213,M2.10,"Portfolio Performance, KPI & Servicing Analytics",v0.2R5,7,210,MASTER_REPORT,29_M2_10/tests/210_MSBF_M2_10_Master_Report_v0_2R1.sql,0afe26438431e2ea4d0d404d9d47ad855c70dc61a10035a4b838f3c86b477589,M2_9_ACCEPTED,READ_ONLY_OR_REPORTING,YES,YES,NO,overall_m2_10_status = PASS,REPORT_EXPORT_QUERY_REQUIRED,ALWAYS_EXPORT,Safe read-only rerun,REUSED_V0_3_DEFINITION_OR_PLAN,REUSED_V0_3_DEFINITION_OR_PLAN
214,M2.10,"Portfolio Performance, KPI & Servicing Analytics",v0.2R5,8,211,DETAIL_REPORT,29_M2_10/tests/211_MSBF_M2_10_Detail_Report_v0_2R1.sql,76481215bc9debc65a86034fd2ada1de6b17218f1bea92c5815a14a5c9f97d27,M2_9_ACCEPTED,READ_ONLY_OR_REPORTING,YES,YES,NO,24 result sets; 23 and 24 empty,REPORT_EXPORT_QUERY_REQUIRED,ON_DEMAND_AFTER_SUMMARY_EXPORT,Safe read-only rerun,REUSED_V0_3_DEFINITION_OR_PLAN,REUSED_V0_3_DEFINITION_OR_PLAN
215,M2.11,Portfolio Optimization & Strategy Simulation,ACCEPTED_R13,1,212,SCHEMA_POLICY_INSTALL,30_M2_11/01_sql_normal/212_msbf_m2_11_schema_policy_definitions_contracts_triggers_views_v1.sql,7c85cbfd4ebd0765e5787b49a258573c4c030e09785bd64078e7828919ab227d,M2_10_ACCEPTED,SELF_MANAGED_TRANSACTION,YES,YES,NO,installation PASS; lifecycle remains M2_10_ACCEPTED,CHECKPOINT_DEFINITION_REBASE_REQUIRED,CAPTURE_CHECKPOINT,DO_NOT_RERUN_ACCEPTED_V1,SOURCE_READY_DEFINITION_COMPILE_PENDING,APPENDED_CURRENT_ACCEPTED_SOURCE
216,M2.11,Portfolio Optimization & Strategy Simulation,ACCEPTED_R13,2,213,PREFLIGHT,30_M2_11/01_sql_normal/213_msbf_m2_11_accepted_source_pristine_target_preflight_v1.sql,294d9839ab103fdb45a1429fc478cdf74c5a685350a203965a97674c3950afa1,M2_10_ACCEPTED,READ_ONLY_OR_REPORTING,YES,YES,NO,preflight PASS,CHECKPOINT_DEFINITION_REBASE_REQUIRED,CAPTURE_CHECKPOINT,READ_ONLY_RERUN_ALLOWED,SOURCE_READY_DEFINITION_COMPILE_PENDING,APPENDED_CURRENT_ACCEPTED_SOURCE
217,M2.11,Portfolio Optimization & Strategy Simulation,ACCEPTED_R13,3,214,GENERATION,30_M2_11/01_sql_normal/214_msbf_m2_11_deterministic_strategy_simulation_reconciliation_v1.sql,dad7d88684f18d3b7f72031a1b3d1c089aa9d3b03a4ac9c094ea6bb7b03c0d3f,M2_10_ACCEPTED,SELF_MANAGED_TRANSACTION,YES,YES,NO,"M2_11_GENERATED; 19,298 canonical entities; 24 generation checks",CHECKPOINT_DEFINITION_REBASE_REQUIRED,ALWAYS_CAPTURE_CHECKPOINT,DO_NOT_RERUN_AFTER_COMMIT,SOURCE_READY_DEFINITION_COMPILE_PENDING,APPENDED_CURRENT_ACCEPTED_SOURCE
218,M2.11,Portfolio Optimization & Strategy Simulation,ACCEPTED_R13,4,215,POSITIVE_VALIDATION,30_M2_11/01_sql_normal/215_msbf_m2_11_positive_validation_v1.sql,33234130c102e3d2bd0e062b7e6d76bd91f3c726d3305b6ed657227cfb656bc1,M2_11_GENERATED,SELF_MANAGED_TRANSACTION,YES,YES,NO,120/120 PASS; lifecycle M2_11_VALIDATED,CHECKPOINT_DEFINITION_REBASE_REQUIRED,ALWAYS_EXPORT_SUMMARY_AND_FAILURES,DO_NOT_RERUN_AFTER_VALIDATION,SOURCE_READY_DEFINITION_COMPILE_PENDING,APPENDED_CURRENT_ACCEPTED_SOURCE
219,M2.11,Portfolio Optimization & Strategy Simulation,ACCEPTED_R13,5,216,NEGATIVE_CONTROLS,30_M2_11/01_sql_normal/216_msbf_m2_11_negative_controls_v1.sql,0e03d39427de41a6b60bc4fbcd8f272c4652ab7d28201a8e46a821a59a9ee74a,M2_11_VALIDATED,SELF_MANAGED_TRANSACTION,YES,YES,NO,20/20 PASS; lifecycle remains validated,CHECKPOINT_DEFINITION_REBASE_REQUIRED,ALWAYS_EXPORT,DO_NOT_RERUN_AFTER_COMMIT,SOURCE_READY_DEFINITION_COMPILE_PENDING,APPENDED_CURRENT_ACCEPTED_SOURCE
220,M2.11,Portfolio Optimization & Strategy Simulation,ACCEPTED_R13,6,217,ACCEPTANCE_FINALIZER,30_M2_11/01_sql_normal/217_msbf_m2_11_acceptance_finalizer_v1.sql,1b56dc1aadcf66c6c695b71346ff60472790a5f297a8efdae4d9332b0ebfcf35,M2_11_VALIDATED,SELF_MANAGED_TRANSACTION,YES,YES,NO,45/45 PASS; M2_11_ACCEPTED / ACCEPTED,CHECKPOINT_DEFINITION_REBASE_REQUIRED,ALWAYS_EXPORT,DO_NOT_RERUN_ACCEPTED_V1,SOURCE_READY_DEFINITION_COMPILE_PENDING,APPENDED_CURRENT_ACCEPTED_SOURCE
221,M2.11,Portfolio Optimization & Strategy Simulation,ACCEPTED_R13,7,218,MASTER_REPORT,30_M2_11/01_sql_normal/218_msbf_m2_11_master_report_v1.sql,27258bcdb923385a8212ea2995ba197c148cac00bfa43a010ecaa6d34931f0d6,M2_11_ACCEPTED,READ_ONLY_OR_REPORTING,YES,YES,NO,one row; overall PASS; no persistent mutation,REPORT_DEFINITION_REBASE_REQUIRED,ALWAYS_EXPORT,SAFE_READ_ONLY_RERUN,SOURCE_READY_DEFINITION_COMPILE_PENDING,APPENDED_CURRENT_ACCEPTED_SOURCE
222,M2.11,Portfolio Optimization & Strategy Simulation,ACCEPTED_R13,8,219,DETAIL_REPORT,30_M2_11/01_sql_normal/219_msbf_m2_11_detailed_report_v1.sql,748aeddff67f7c87c77a3b92ccd70730729cf382176b29f1d9e7812fe03b0b63,M2_11_ACCEPTED,READ_ONLY_OR_REPORTING,YES,YES,NO,24 result sets; sets 23 and 24 zero-row headers,REPORT_DEFINITION_REBASE_REQUIRED,SUMMARY_PLUS_EXCEPTIONS,SAFE_READ_ONLY_RERUN,SOURCE_READY_DEFINITION_COMPILE_PENDING,APPENDED_CURRENT_ACCEPTED_SOURCE
223,M2.12,Enterprise Portfolio Certification & Consumption Contract,ACCEPTED_HF_CHAIN,1,220,SCHEMA_POLICY_INSTALL,31_M2_12/01_sql_normal/220_msbf_m2_12_schema_policy_certification_structures_g3_bundle_triggers_views_v1_HF4.sql,efc49c1f2c02587e03a84b46ab8c5c0b097ca28cd2682cd6f4eb477e29f508e8,M2_11_ACCEPTED,SELF_MANAGED_TRANSACTION,YES,YES,NO,installation PASS; one policy row; ready for 221,CHECKPOINT_DEFINITION_REBASE_REQUIRED,CAPTURE_CHECKPOINT,DO_NOT_RERUN_ACCEPTED_V1,SOURCE_READY_DEFINITION_COMPILE_PENDING,APPENDED_CURRENT_ACCEPTED_SOURCE
224,M2.12,Enterprise Portfolio Certification & Consumption Contract,ACCEPTED_HF_CHAIN,2,221,PREFLIGHT,31_M2_12/01_sql_normal/221_msbf_m2_12_accepted_source_pristine_target_preflight_v1_HF6.sql,97387aca692d676b74c89ab298e4e284bd862feaf289f98eba5fd91c336877d7,M2_11_ACCEPTED,READ_ONLY_OR_REPORTING,YES,YES,NO,48 assertions PASS; 19 edges; 13 components; 12 nodes; 72 cells; 20 capabilities,CHECKPOINT_DEFINITION_REBASE_REQUIRED,CAPTURE_CHECKPOINT,READ_ONLY_RERUN_ALLOWED,SOURCE_READY_DEFINITION_COMPILE_PENDING,APPENDED_CURRENT_ACCEPTED_SOURCE
225,M2.12,Enterprise Portfolio Certification & Consumption Contract,ACCEPTED_HF_CHAIN,3,222,GENERATION,31_M2_12/01_sql_normal/222_msbf_m2_12_end_to_end_certification_generation_physical_reconciliation_v1_HF9.sql,3674c53f4bc46222a45db8d3afa75337af921b2492485ebd2745d77ada220cab,M2_11_ACCEPTED,SELF_MANAGED_TRANSACTION,YES,YES,NO,9 families; 134 entities; 24 generation rows; M2_12_GENERATED,CHECKPOINT_DEFINITION_REBASE_REQUIRED,ALWAYS_CAPTURE_CHECKPOINT,DO_NOT_RERUN_AFTER_COMMIT,SOURCE_READY_DEFINITION_COMPILE_PENDING,APPENDED_CURRENT_ACCEPTED_SOURCE
226,M2.12,Enterprise Portfolio Certification & Consumption Contract,ACCEPTED_HF_CHAIN,4,223,POSITIVE_VALIDATION,31_M2_12/01_sql_normal/223_msbf_m2_12_positive_validation_128_controls_v1_HF12.sql,a52a2ea1fe423fae840c21a3bba6dda7ca45dea1c29531134e823a96635411fe,M2_12_GENERATED,SELF_MANAGED_TRANSACTION,YES,YES,NO,128/128 PASS; M2_12_VALIDATED / VALIDATED,CHECKPOINT_DEFINITION_REBASE_REQUIRED,ALWAYS_EXPORT_SUMMARY_AND_FAILURES,DO_NOT_RERUN_AFTER_VALIDATION,SOURCE_READY_DEFINITION_COMPILE_PENDING,APPENDED_CURRENT_ACCEPTED_SOURCE
227,M2.12,Enterprise Portfolio Certification & Consumption Contract,ACCEPTED_HF_CHAIN,5,224,NEGATIVE_CONTROLS,31_M2_12/01_sql_normal/224_msbf_m2_12_negative_controls_20_isolated_v1_HF14.sql,d549f90da4ec3d9364d4f1e5bd1b8fc8a9e5e65d1c3d6af646bf48689ee9146e,M2_12_VALIDATED,SELF_MANAGED_TRANSACTION,YES,YES,NO,20/20 PASS; lifecycle remains validated,CHECKPOINT_DEFINITION_REBASE_REQUIRED,ALWAYS_EXPORT,DO_NOT_RERUN_AFTER_COMMIT,SOURCE_READY_DEFINITION_COMPILE_PENDING,APPENDED_CURRENT_ACCEPTED_SOURCE
228,M2.12,Enterprise Portfolio Certification & Consumption Contract,ACCEPTED_HF_CHAIN,6,225,ACCEPTANCE_FINALIZER,31_M2_12/01_sql_normal/225_msbf_m2_12_acceptance_finalizer_v1_HF23.sql,e5ac10c9c15512878361d080a4435fa70eac68004f8dfbabeeddaa052d51055b,M2_12_VALIDATED,SELF_MANAGED_TRANSACTION,YES,YES,NO,48/48 PASS; M2_12_ACCEPTED / ACCEPTED,CHECKPOINT_DEFINITION_REBASE_REQUIRED,ALWAYS_EXPORT,DO_NOT_RERUN_ACCEPTED_V1,SOURCE_READY_DEFINITION_COMPILE_PENDING,APPENDED_CURRENT_ACCEPTED_SOURCE
229,M2.12,Enterprise Portfolio Certification & Consumption Contract,ACCEPTED_HF_CHAIN,7,226,MASTER_REPORT,31_M2_12/01_sql_normal/226_msbf_m2_12_master_report_v1_HF24.sql,e7ab6bdf4ae660f5a051b43c9e0b039fb5495e8b8c6259a5ca8cccc9d06e83a7,M2_12_ACCEPTED,READ_ONLY_OR_REPORTING,YES,YES,NO,one row; overall PASS; immutable read-only fingerprint,REPORT_DEFINITION_REBASE_REQUIRED,ALWAYS_EXPORT,SAFE_READ_ONLY_RERUN,SOURCE_READY_DEFINITION_COMPILE_PENDING,APPENDED_CURRENT_ACCEPTED_SOURCE
230,M2.12,Enterprise Portfolio Certification & Consumption Contract,ACCEPTED_HF_CHAIN,8,227,DETAIL_REPORT,31_M2_12/01_sql_normal/227_msbf_m2_12_detailed_report_24_result_sets_v1_HF26.sql,7b7fa0103fda0f1e1bd043aa14e926fa748db291dcb63873ca576d34ea54ab11,M2_12_ACCEPTED,READ_ONLY_OR_REPORTING,YES,YES,NO,"24 result sets; corrected RS11 1,500; sets 23 and 24 zero-row headers",REPORT_DEFINITION_REBASE_REQUIRED,SUMMARY_PLUS_EXCEPTIONS,SAFE_READ_ONLY_RERUN,SOURCE_READY_DEFINITION_COMPILE_PENDING,APPENDED_CURRENT_ACCEPTED_SOURCE
