control_sequence,evidence_code,program_code,control_family_sequence,control_family_code,control_title,source_relations,validation_method,expected_result,failure_boundary,persistent_write_authority,source_authority_and_traceability,sql_path,sql_definition_marker,sql_definition_ordinal,physical_definition_bytes,physical_definition_sha256
1,M2_12_POS_001_RUN_CONTEXT_EXACT,223,1,IDENTITY,Governed run identity and generated lifecycle are exact,msbf_ctl.run_registry; msbf_ctl.m2_12_policy_profile,"Count the single policy-bound governed run and compare run code, version, and status.",1|M1_V0_2_BASELINE_BUILD|1|M2_12_GENERATED,BLOCKING; Program 223 transaction rolls back; no positive evidence or lifecycle transition persists.,RUN_EVIDENCE_AFTER_128_OF_128_PASS_ONLY,M2_12_PROGRAM_RESPONSIBILITY_MATRIX.csv; WP3 R4 reauthorization prompt,01_sql_normal/223_msbf_m2_12_positive_validation_128_controls_v1.sql,WP3_POSITIVE_CONTROL_DEFINITION M2_12_POS_001_RUN_CONTEXT_EXACT,1,1433,85794427dc9c000c030f9522b04db5d9521f0313b2e66048cf2c48490970b76e
2,M2_12_POS_002_POLICY_IDENTITY_EXACT,223,1,IDENTITY,"Policy, methodology, bundle, schema, and G3 gate identity are exact",msbf_ctl.m2_12_policy_profile,Compare the one policy row to all frozen business identity literals.,M2_12_ENTERPRISE_PORTFOLIO_CERTIFICATION_POLICY_V1|1|APPROVED|M2_12_METHOD_V1|M2_G3_CONSUMPTION_BUNDLE|1|M2_G3_BUNDLE_SCHEMA_V1|G3_M2_CONTRACT,BLOCKING; Program 223 transaction rolls back; no positive evidence or lifecycle transition persists.,RUN_EVIDENCE_AFTER_128_OF_128_PASS_ONLY,M2_12_EXPECTED_RESULTS.json module_identity; policy DDL,01_sql_normal/223_msbf_m2_12_positive_validation_128_controls_v1.sql,WP3_POSITIVE_CONTROL_DEFINITION M2_12_POS_002_POLICY_IDENTITY_EXACT,2,2294,8e54fd9644b5200ef491fe9449656c6453b1b89e441a8ffca0c0eb6d6d5e2037
3,M2_12_POS_003_ACCEPTED_M2_11_SOURCE_ANCHORS,223,1,IDENTITY,"Accepted M2.11 project, contract, combined, and registry anchors are exact",msbf_ctl.m2_12_policy_profile; accepted M2.11 authority,Compare all four persisted source anchors to the accepted M2.11 baseline literals.,92f0491eea26b0d546c85992e27433cd006a0b2f126c32a139d795b7749904fc|{accepted_contract_set_hash}|{accepted_combined_set_hash}|{accepted_registry_row_hash},BLOCKING; Program 223 transaction rolls back; no positive evidence or lifecycle transition persists.,RUN_EVIDENCE_AFTER_128_OF_128_PASS_ONLY,Accepted M2.11 full-project baseline; M2_12_EXPECTED_RESULTS.json,01_sql_normal/223_msbf_m2_12_positive_validation_128_controls_v1.sql,WP3_POSITIVE_CONTROL_DEFINITION M2_12_POS_003_ACCEPTED_M2_11_SOURCE_ANCHORS,3,3367,d41036ed666df9abb2fc5bbd77a86a2ce4b65583e95b4439bd6632b8e36a9297
4,M2_12_POS_004_POLICY_EXPECTED_COUNTS,223,1,IDENTITY,Frozen policy counts and report cardinalities are exact,msbf_ctl.m2_12_policy_profile,Compare every frozen M2.12 count field in the policy row.,12|13|19|72|13|20|9|134|1500|59|24|24|128|20|48|24,BLOCKING; Program 223 transaction rolls back; no positive evidence or lifecycle transition persists.,RUN_EVIDENCE_AFTER_128_OF_128_PASS_ONLY,M2_12_EXPECTED_RESULTS.json; policy DDL count constraint,01_sql_normal/223_msbf_m2_12_positive_validation_128_controls_v1.sql,WP3_POSITIVE_CONTROL_DEFINITION M2_12_POS_004_POLICY_EXPECTED_COUNTS,4,3385,dd2efcb8b3747c1235337ffd70218b21557a2102af4e339e10c1f4be43e3f047
5,M2_12_POS_005_POLICY_NONPRODUCTION_BOUNDARY,223,1,IDENTITY,"Policy non-production, no-PII, and no-Module-3 boundary is exact",msbf_ctl.m2_12_policy_profile,Require approved synthetic/certification flags and all prohibited authorization flags false.,synthetic=true|no_pii=true|certification=true|all_authorizations=false,BLOCKING; Program 223 transaction rolls back; no positive evidence or lifecycle transition persists.,RUN_EVIDENCE_AFTER_128_OF_128_PASS_ONLY,M2_12_SOURCE_AND_BUSINESS_DESIGN_FREEZE; policy boundary constraint,01_sql_normal/223_msbf_m2_12_positive_validation_128_controls_v1.sql,WP3_POSITIVE_CONTROL_DEFINITION M2_12_POS_005_POLICY_NONPRODUCTION_BOUNDARY,5,2417,e5eef9ddd2b3efebdd12dc8368f8ddab915a5fd379393a77aa50c6fc9d74e3f8
6,M2_12_POS_006_POLICY_CONFIGURATION_HASH,223,1,IDENTITY,Policy configuration hash independently reconstructs,msbf_ctl.m2_12_policy_profile,Recalculate MD5 from the persisted JSONB configuration payload.,configuration_hash = md5(configuration_payload::text),BLOCKING; Program 223 transaction rolls back; no positive evidence or lifecycle transition persists.,RUN_EVIDENCE_AFTER_128_OF_128_PASS_ONLY,M2_12 ordered hash specification; Program 220 policy seed authority,01_sql_normal/223_msbf_m2_12_positive_validation_128_controls_v1.sql,WP3_POSITIVE_CONTROL_DEFINITION M2_12_POS_006_POLICY_CONFIGURATION_HASH,6,1436,067f14d70cb74ae0e38cd3d6a43b9b5870dfe047836ab58beb1a762828de39c9
7,M2_12_POS_007_POLICY_ROW_HASH,223,1,IDENTITY,Policy canonical row hash independently reconstructs,msbf_ctl.m2_12_policy_profile,Recalculate the persisted policy row hash from canonical physical columns.,row_hash = md5((to_jsonb(row)-identity/timestamp/hash fields)::text),BLOCKING; Program 223 transaction rolls back; no positive evidence or lifecycle transition persists.,RUN_EVIDENCE_AFTER_128_OF_128_PASS_ONLY,M2_12_HASH_PREIMAGE_AND_SEQUENCE_SPECIFICATION.csv,01_sql_normal/223_msbf_m2_12_positive_validation_128_controls_v1.sql,WP3_POSITIVE_CONTROL_DEFINITION M2_12_POS_007_POLICY_ROW_HASH,7,1525,ede50e63aa6be8678e2d4ae59634e8bfc0565ec52354fbf80990a6cd2ba733e5
8,M2_12_POS_008_G3_LATEST_IDENTITY,223,1,IDENTITY,"G3 latest row identity, counts, boundaries, and row hashes are exact",msbf_ctl.m2_12_g3_bundle_latest,Require one exact latest row; reconstruct contract_row_hash and row_hash.,one M2_G3_CONSUMPTION_BUNDLE version 1 latest row with 134 entities and no authorization flags,BLOCKING; Program 223 transaction rolls back; no positive evidence or lifecycle transition persists.,RUN_EVIDENCE_AFTER_128_OF_128_PASS_ONLY,M2_12 physical object catalog; latest canonical mapping; hash specification,01_sql_normal/223_msbf_m2_12_positive_validation_128_controls_v1.sql,WP3_POSITIVE_CONTROL_DEFINITION M2_12_POS_008_G3_LATEST_IDENTITY,8,4300,77639b7165ab5c27ab277d200c7f540658fed9325ec65698cddf78cb833ee163
9,M2_12_POS_009_G3_ARCHIVE_IDENTITY_AND_GUARD,223,1,IDENTITY,"G3 archive identity, latest linkage, row hash, and immutability trigger are exact",msbf_ctl.m2_12_g3_bundle_archive; pg_catalog.pg_trigger,"Require one archive row, exact latest hash linkage, reconstructed archive hash, and enabled BEFORE UPDATE/DELETE trigger.",one archive row; payload/linkage exact; archive hash exact; immutable trigger PASS,BLOCKING; Program 223 transaction rolls back; no positive evidence or lifecycle transition persists.,RUN_EVIDENCE_AFTER_128_OF_128_PASS_ONLY,M2_12_PROGRAM_220_ARCHIVE_GUARD_FUNCTION_SPECIFICATION.csv; archive DDL,01_sql_normal/223_msbf_m2_12_positive_validation_128_controls_v1.sql,WP3_POSITIVE_CONTROL_DEFINITION M2_12_POS_009_G3_ARCHIVE_IDENTITY_AND_GUARD,9,3453,2c1672585089f4332a6f6f660b63504fae64a85a2ead0eebd7c37770ae2aa70b
10,M2_12_POS_010_G3_REGISTRY_GENERATED_CHECKPOINT,223,1,IDENTITY,G3 registry generated checkpoint and pristine downstream state are exact,msbf_ctl.m2_12_g3_bundle_registry; msbf_ctl.run_evidence; msbf_ctl.acceptance_gate_result,"Require one GENERATED registry, all 24 exact generation evidence rows, and no prior validation/negative/acceptance state.",1 GENERATED registry|24 generation PASS|0 positive|0 negative|0 acceptance|0 G3 gate,BLOCKING; Program 223 transaction rolls back; no positive evidence or lifecycle transition persists.,RUN_EVIDENCE_AFTER_128_OF_128_PASS_ONLY,Program 222 physical generation evidence; WP3 R4 reauthorization prompt,01_sql_normal/223_msbf_m2_12_positive_validation_128_controls_v1.sql,WP3_POSITIVE_CONTROL_DEFINITION M2_12_POS_010_G3_REGISTRY_GENERATED_CHECKPOINT,10,5062,ce18ba91911bb49b5cb56c8d8e3690932916ed1bca172f6cef85e5f82b02831e
11,M2_12_POS_011_NODE_01_M1_17_G2_FOUNDATION_CANONICAL,223,2,SOURCE_NODE_ACCEPTANCE,Node 01 M1_17_G2_FOUNDATION persisted certification is exact,msbf_m2.module2_stage_certification_snapshot; frozen node authority,"Compare the persisted stage row to the frozen identity, counts, hashes, statuses, and independently reconstructed row hash.",one exact PASS certification row for M1_17_G2_FOUNDATION,BLOCKING; Program 223 transaction rolls back; no positive evidence or lifecycle transition persists.,RUN_EVIDENCE_AFTER_128_OF_128_PASS_ONLY,M2_12_ACCEPTED_SOURCE_AND_CONTRACT_INVENTORY.csv; stage certification DDL; hash specification,01_sql_normal/223_msbf_m2_12_positive_validation_128_controls_v1.sql,WP3_POSITIVE_CONTROL_DEFINITION M2_12_POS_011_NODE_01_M1_17_G2_FOUNDATION_CANONICAL,11,4591,2af21e68da8fcdfcc307a9bf68e3106297645f593a0ad29d2f5ac82364663c8c
12,M2_12_POS_012_NODE_01_M1_17_G2_FOUNDATION_PHYSICAL_ACCEPTANCE,223,2,SOURCE_NODE_ACCEPTANCE,"Node 01 M1_17_G2_FOUNDATION gate, evidence, boundary, and source edges are physically exact",msbf_ctl.acceptance_gate_result; msbf_ctl.run_evidence; Program-223-owned source-edge reconstruction,"Requery the accepted gate and evidence rows, node-specific boundary evidence, and all direct source edges from persisted sources.",gate=1 PASS|acceptance evidence=1 PASS|boundary evidence=3 PASS|nonpass boundary=0|edges=2 PASS,BLOCKING; Program 223 transaction rolls back; no positive evidence or lifecycle transition persists.,RUN_EVIDENCE_AFTER_128_OF_128_PASS_ONLY,M2_12_STAGE_BOUNDARY_EVIDENCE_METHOD_SPECIFICATION.csv; M2_12_SOURCE_GRAPH_EDGE_CATALOG.csv,01_sql_normal/223_msbf_m2_12_positive_validation_128_controls_v1.sql,WP3_POSITIVE_CONTROL_DEFINITION M2_12_POS_012_NODE_01_M1_17_G2_FOUNDATION_PHYSICAL_ACCEPTANCE,12,3712,ece4285d2fd8ea4c8720e3f9771786e31fbcc7588bc6631d1248ea43b2254782
13,M2_12_POS_013_NODE_02_M2_1_ELIGIBILITY_ROUTING_CANONICAL,223,2,SOURCE_NODE_ACCEPTANCE,Node 02 M2_1_ELIGIBILITY_ROUTING persisted certification is exact,msbf_m2.module2_stage_certification_snapshot; frozen node authority,"Compare the persisted stage row to the frozen identity, counts, hashes, statuses, and independently reconstructed row hash.",one exact PASS certification row for M2_1_ELIGIBILITY_ROUTING,BLOCKING; Program 223 transaction rolls back; no positive evidence or lifecycle transition persists.,RUN_EVIDENCE_AFTER_128_OF_128_PASS_ONLY,M2_12_ACCEPTED_SOURCE_AND_CONTRACT_INVENTORY.csv; stage certification DDL; hash specification,01_sql_normal/223_msbf_m2_12_positive_validation_128_controls_v1.sql,WP3_POSITIVE_CONTROL_DEFINITION M2_12_POS_013_NODE_02_M2_1_ELIGIBILITY_ROUTING_CANONICAL,13,4691,862938d745b3feb32554e244575da823c2eb8fa301c3ceefb09adfbd08d20a0c
14,M2_12_POS_014_NODE_02_M2_1_ELIGIBILITY_ROUTING_PHYSICAL_ACCEPTANCE,223,2,SOURCE_NODE_ACCEPTANCE,"Node 02 M2_1_ELIGIBILITY_ROUTING gate, evidence, boundary, and source edges are physically exact",msbf_ctl.acceptance_gate_result; msbf_ctl.run_evidence; Program-223-owned source-edge reconstruction,"Requery the accepted gate and evidence rows, node-specific boundary evidence, and all direct source edges from persisted sources.",gate=1 PASS|acceptance evidence=1 PASS|boundary evidence=3 PASS|nonpass boundary=0|edges=1 PASS,BLOCKING; Program 223 transaction rolls back; no positive evidence or lifecycle transition persists.,RUN_EVIDENCE_AFTER_128_OF_128_PASS_ONLY,M2_12_STAGE_BOUNDARY_EVIDENCE_METHOD_SPECIFICATION.csv; M2_12_SOURCE_GRAPH_EDGE_CATALOG.csv,01_sql_normal/223_msbf_m2_12_positive_validation_128_controls_v1.sql,WP3_POSITIVE_CONTROL_DEFINITION M2_12_POS_014_NODE_02_M2_1_ELIGIBILITY_ROUTING_PHYSICAL_ACCEPTANCE,14,3775,fceaa0176b6827202fc17335f1e6b841bbc1b7e046d97463a340d82625b84f95
15,M2_12_POS_015_NODE_03_M2_2_PRICING_STRUCTURE_CANONICAL,223,2,SOURCE_NODE_ACCEPTANCE,Node 03 M2_2_PRICING_STRUCTURE persisted certification is exact,msbf_m2.module2_stage_certification_snapshot; frozen node authority,"Compare the persisted stage row to the frozen identity, counts, hashes, statuses, and independently reconstructed row hash.",one exact PASS certification row for M2_2_PRICING_STRUCTURE,BLOCKING; Program 223 transaction rolls back; no positive evidence or lifecycle transition persists.,RUN_EVIDENCE_AFTER_128_OF_128_PASS_ONLY,M2_12_ACCEPTED_SOURCE_AND_CONTRACT_INVENTORY.csv; stage certification DDL; hash specification,01_sql_normal/223_msbf_m2_12_positive_validation_128_controls_v1.sql,WP3_POSITIVE_CONTROL_DEFINITION M2_12_POS_015_NODE_03_M2_2_PRICING_STRUCTURE_CANONICAL,15,4656,4f7a272e93e2ba5b38339b18270a79bbdc9f0a029d30130ad9307c0d81e68a6c
16,M2_12_POS_016_NODE_03_M2_2_PRICING_STRUCTURE_PHYSICAL_ACCEPTANCE,223,2,SOURCE_NODE_ACCEPTANCE,"Node 03 M2_2_PRICING_STRUCTURE gate, evidence, boundary, and source edges are physically exact",msbf_ctl.acceptance_gate_result; msbf_ctl.run_evidence; Program-223-owned source-edge reconstruction,"Requery the accepted gate and evidence rows, node-specific boundary evidence, and all direct source edges from persisted sources.",gate=1 PASS|acceptance evidence=1 PASS|boundary evidence=3 PASS|nonpass boundary=0|edges=2 PASS,BLOCKING; Program 223 transaction rolls back; no positive evidence or lifecycle transition persists.,RUN_EVIDENCE_AFTER_128_OF_128_PASS_ONLY,M2_12_STAGE_BOUNDARY_EVIDENCE_METHOD_SPECIFICATION.csv; M2_12_SOURCE_GRAPH_EDGE_CATALOG.csv,01_sql_normal/223_msbf_m2_12_positive_validation_128_controls_v1.sql,WP3_POSITIVE_CONTROL_DEFINITION M2_12_POS_016_NODE_03_M2_2_PRICING_STRUCTURE_PHYSICAL_ACCEPTANCE,16,3769,b5128a4ed686fdc2586ace374755966eacef2bcbc0a7cf064c330cb997d6cf6f
17,M2_12_POS_017_NODE_04_M2_3_FINAL_DECISION_CANONICAL,223,2,SOURCE_NODE_ACCEPTANCE,Node 04 M2_3_FINAL_DECISION persisted certification is exact,msbf_m2.module2_stage_certification_snapshot; frozen node authority,"Compare the persisted stage row to the frozen identity, counts, hashes, statuses, and independently reconstructed row hash.",one exact PASS certification row for M2_3_FINAL_DECISION,BLOCKING; Program 223 transaction rolls back; no positive evidence or lifecycle transition persists.,RUN_EVIDENCE_AFTER_128_OF_128_PASS_ONLY,M2_12_ACCEPTED_SOURCE_AND_CONTRACT_INVENTORY.csv; stage certification DDL; hash specification,01_sql_normal/223_msbf_m2_12_positive_validation_128_controls_v1.sql,WP3_POSITIVE_CONTROL_DEFINITION M2_12_POS_017_NODE_04_M2_3_FINAL_DECISION_CANONICAL,17,4622,5c1a7cb6bf2f95e18962728eebd8be964f8a7bca5dd67543267b37dcc001b7db
18,M2_12_POS_018_NODE_04_M2_3_FINAL_DECISION_PHYSICAL_ACCEPTANCE,223,2,SOURCE_NODE_ACCEPTANCE,"Node 04 M2_3_FINAL_DECISION gate, evidence, boundary, and source edges are physically exact",msbf_ctl.acceptance_gate_result; msbf_ctl.run_evidence; Program-223-owned source-edge reconstruction,"Requery the accepted gate and evidence rows, node-specific boundary evidence, and all direct source edges from persisted sources.",gate=1 PASS|acceptance evidence=1 PASS|boundary evidence=6 PASS|nonpass boundary=0|edges=1 PASS,BLOCKING; Program 223 transaction rolls back; no positive evidence or lifecycle transition persists.,RUN_EVIDENCE_AFTER_128_OF_128_PASS_ONLY,M2_12_STAGE_BOUNDARY_EVIDENCE_METHOD_SPECIFICATION.csv; M2_12_SOURCE_GRAPH_EDGE_CATALOG.csv,01_sql_normal/223_msbf_m2_12_positive_validation_128_controls_v1.sql,WP3_POSITIVE_CONTROL_DEFINITION M2_12_POS_018_NODE_04_M2_3_FINAL_DECISION_PHYSICAL_ACCEPTANCE,18,3857,c1833a29d2073d70271bed886dae087a128b4db256bb89c2dd1df5d09f484593
19,M2_12_POS_019_NODE_05_M2_4_PORTFOLIO_ACTIVATION_CANONICAL,223,2,SOURCE_NODE_ACCEPTANCE,Node 05 M2_4_PORTFOLIO_ACTIVATION persisted certification is exact,msbf_m2.module2_stage_certification_snapshot; frozen node authority,"Compare the persisted stage row to the frozen identity, counts, hashes, statuses, and independently reconstructed row hash.",one exact PASS certification row for M2_4_PORTFOLIO_ACTIVATION,BLOCKING; Program 223 transaction rolls back; no positive evidence or lifecycle transition persists.,RUN_EVIDENCE_AFTER_128_OF_128_PASS_ONLY,M2_12_ACCEPTED_SOURCE_AND_CONTRACT_INVENTORY.csv; stage certification DDL; hash specification,01_sql_normal/223_msbf_m2_12_positive_validation_128_controls_v1.sql,WP3_POSITIVE_CONTROL_DEFINITION M2_12_POS_019_NODE_05_M2_4_PORTFOLIO_ACTIVATION_CANONICAL,19,4680,626e63a756950f8dbc9b895e40f72e21aadc6ff2ddde0a25d29681345d62918d
20,M2_12_POS_020_NODE_05_M2_4_PORTFOLIO_ACTIVATION_PHYSICAL_ACCEPTANCE,223,2,SOURCE_NODE_ACCEPTANCE,"Node 05 M2_4_PORTFOLIO_ACTIVATION gate, evidence, boundary, and source edges are physically exact",msbf_ctl.acceptance_gate_result; msbf_ctl.run_evidence; Program-223-owned source-edge reconstruction,"Requery the accepted gate and evidence rows, node-specific boundary evidence, and all direct source edges from persisted sources.",gate=1 PASS|acceptance evidence=1 PASS|boundary evidence=4 PASS|nonpass boundary=0|edges=1 PASS,BLOCKING; Program 223 transaction rolls back; no positive evidence or lifecycle transition persists.,RUN_EVIDENCE_AFTER_128_OF_128_PASS_ONLY,M2_12_STAGE_BOUNDARY_EVIDENCE_METHOD_SPECIFICATION.csv; M2_12_SOURCE_GRAPH_EDGE_CATALOG.csv,01_sql_normal/223_msbf_m2_12_positive_validation_128_controls_v1.sql,WP3_POSITIVE_CONTROL_DEFINITION M2_12_POS_020_NODE_05_M2_4_PORTFOLIO_ACTIVATION_PHYSICAL_ACCEPTANCE,20,3852,d088bb0d5e2da4c79d5aabb2f647ca2ea4414b98504ac6e1dec9134014e222c1
21,M2_12_POS_021_NODE_06_M2_5_DAILY_MONITORING_CANONICAL,223,2,SOURCE_NODE_ACCEPTANCE,Node 06 M2_5_DAILY_MONITORING persisted certification is exact,msbf_m2.module2_stage_certification_snapshot; frozen node authority,"Compare the persisted stage row to the frozen identity, counts, hashes, statuses, and independently reconstructed row hash.",one exact PASS certification row for M2_5_DAILY_MONITORING,BLOCKING; Program 223 transaction rolls back; no positive evidence or lifecycle transition persists.,RUN_EVIDENCE_AFTER_128_OF_128_PASS_ONLY,M2_12_ACCEPTED_SOURCE_AND_CONTRACT_INVENTORY.csv; stage certification DDL; hash specification,01_sql_normal/223_msbf_m2_12_positive_validation_128_controls_v1.sql,WP3_POSITIVE_CONTROL_DEFINITION M2_12_POS_021_NODE_06_M2_5_DAILY_MONITORING_CANONICAL,21,4688,27159301dbfbe294c231f7f32366269fb756421fdd1efd268a40527f5688cba3
22,M2_12_POS_022_NODE_06_M2_5_DAILY_MONITORING_PHYSICAL_ACCEPTANCE,223,2,SOURCE_NODE_ACCEPTANCE,"Node 06 M2_5_DAILY_MONITORING gate, evidence, boundary, and source edges are physically exact",msbf_ctl.acceptance_gate_result; msbf_ctl.run_evidence; Program-223-owned source-edge reconstruction,"Requery the accepted gate and evidence rows, node-specific boundary evidence, and all direct source edges from persisted sources.",gate=1 PASS|acceptance evidence=1 PASS|boundary evidence=6 PASS|nonpass boundary=0|edges=2 PASS,BLOCKING; Program 223 transaction rolls back; no positive evidence or lifecycle transition persists.,RUN_EVIDENCE_AFTER_128_OF_128_PASS_ONLY,M2_12_STAGE_BOUNDARY_EVIDENCE_METHOD_SPECIFICATION.csv; M2_12_SOURCE_GRAPH_EDGE_CATALOG.csv,01_sql_normal/223_msbf_m2_12_positive_validation_128_controls_v1.sql,WP3_POSITIVE_CONTROL_DEFINITION M2_12_POS_022_NODE_06_M2_5_DAILY_MONITORING_PHYSICAL_ACCEPTANCE,22,3902,f4cd53bbe66818e59ac02abb1a31d00e3277984eace38c5b83069dbc80d481a4
23,M2_12_POS_023_NODE_07_M2_6_INTERVENTION_STRATEGY_CANONICAL,223,2,SOURCE_NODE_ACCEPTANCE,Node 07 M2_6_INTERVENTION_STRATEGY persisted certification is exact,msbf_m2.module2_stage_certification_snapshot; frozen node authority,"Compare the persisted stage row to the frozen identity, counts, hashes, statuses, and independently reconstructed row hash.",one exact PASS certification row for M2_6_INTERVENTION_STRATEGY,BLOCKING; Program 223 transaction rolls back; no positive evidence or lifecycle transition persists.,RUN_EVIDENCE_AFTER_128_OF_128_PASS_ONLY,M2_12_ACCEPTED_SOURCE_AND_CONTRACT_INVENTORY.csv; stage certification DDL; hash specification,01_sql_normal/223_msbf_m2_12_positive_validation_128_controls_v1.sql,WP3_POSITIVE_CONTROL_DEFINITION M2_12_POS_023_NODE_07_M2_6_INTERVENTION_STRATEGY_CANONICAL,23,4719,3fda2f51877bcd9bb93b5412640b424d4dee2d7708d8a25729501401f77c1074
24,M2_12_POS_024_NODE_07_M2_6_INTERVENTION_STRATEGY_PHYSICAL_ACCEPTANCE,223,2,SOURCE_NODE_ACCEPTANCE,"Node 07 M2_6_INTERVENTION_STRATEGY gate, evidence, boundary, and source edges are physically exact",msbf_ctl.acceptance_gate_result; msbf_ctl.run_evidence; Program-223-owned source-edge reconstruction,"Requery the accepted gate and evidence rows, node-specific boundary evidence, and all direct source edges from persisted sources.",gate=1 PASS|acceptance evidence=1 PASS|boundary evidence=4 PASS|nonpass boundary=0|edges=1 PASS,BLOCKING; Program 223 transaction rolls back; no positive evidence or lifecycle transition persists.,RUN_EVIDENCE_AFTER_128_OF_128_PASS_ONLY,M2_12_STAGE_BOUNDARY_EVIDENCE_METHOD_SPECIFICATION.csv; M2_12_SOURCE_GRAPH_EDGE_CATALOG.csv,01_sql_normal/223_msbf_m2_12_positive_validation_128_controls_v1.sql,WP3_POSITIVE_CONTROL_DEFINITION M2_12_POS_024_NODE_07_M2_6_INTERVENTION_STRATEGY_PHYSICAL_ACCEPTANCE,24,3817,5fb87c40aa5b99ace9680d5e913f60eb44d01100384e4c1ad17128020ec73560
25,M2_12_POS_025_NODE_08_M2_7_OPERATIONAL_ACTIVATION_CANONICAL,223,2,SOURCE_NODE_ACCEPTANCE,Node 08 M2_7_OPERATIONAL_ACTIVATION persisted certification is exact,msbf_m2.module2_stage_certification_snapshot; frozen node authority,"Compare the persisted stage row to the frozen identity, counts, hashes, statuses, and independently reconstructed row hash.",one exact PASS certification row for M2_7_OPERATIONAL_ACTIVATION,BLOCKING; Program 223 transaction rolls back; no positive evidence or lifecycle transition persists.,RUN_EVIDENCE_AFTER_128_OF_128_PASS_ONLY,M2_12_ACCEPTED_SOURCE_AND_CONTRACT_INVENTORY.csv; stage certification DDL; hash specification,01_sql_normal/223_msbf_m2_12_positive_validation_128_controls_v1.sql,WP3_POSITIVE_CONTROL_DEFINITION M2_12_POS_025_NODE_08_M2_7_OPERATIONAL_ACTIVATION_CANONICAL,25,4689,eb344e628526dfbc6aab6088c9d670586f5798977189293ac812776bef7347b6
26,M2_12_POS_026_NODE_08_M2_7_OPERATIONAL_ACTIVATION_PHYSICAL_ACCEPTANCE,223,2,SOURCE_NODE_ACCEPTANCE,"Node 08 M2_7_OPERATIONAL_ACTIVATION gate, evidence, boundary, and source edges are physically exact",msbf_ctl.acceptance_gate_result; msbf_ctl.run_evidence; Program-223-owned source-edge reconstruction,"Requery the accepted gate and evidence rows, node-specific boundary evidence, and all direct source edges from persisted sources.",gate=1 PASS|acceptance evidence=1 PASS|boundary evidence=7 PASS|nonpass boundary=0|edges=1 PASS,BLOCKING; Program 223 transaction rolls back; no positive evidence or lifecycle transition persists.,RUN_EVIDENCE_AFTER_128_OF_128_PASS_ONLY,M2_12_STAGE_BOUNDARY_EVIDENCE_METHOD_SPECIFICATION.csv; M2_12_SOURCE_GRAPH_EDGE_CATALOG.csv,01_sql_normal/223_msbf_m2_12_positive_validation_128_controls_v1.sql,WP3_POSITIVE_CONTROL_DEFINITION M2_12_POS_026_NODE_08_M2_7_OPERATIONAL_ACTIVATION_PHYSICAL_ACCEPTANCE,26,3946,ee2e86daef1426f83ad8a7e53a3be66d12f0ead4b1b98c8eaa916d0f1cfc2d94
27,M2_12_POS_027_NODE_09_M2_8_SERVICING_EXECUTION_CANONICAL,223,2,SOURCE_NODE_ACCEPTANCE,Node 09 M2_8_SERVICING_EXECUTION persisted certification is exact,msbf_m2.module2_stage_certification_snapshot; frozen node authority,"Compare the persisted stage row to the frozen identity, counts, hashes, statuses, and independently reconstructed row hash.",one exact PASS certification row for M2_8_SERVICING_EXECUTION,BLOCKING; Program 223 transaction rolls back; no positive evidence or lifecycle transition persists.,RUN_EVIDENCE_AFTER_128_OF_128_PASS_ONLY,M2_12_ACCEPTED_SOURCE_AND_CONTRACT_INVENTORY.csv; stage certification DDL; hash specification,01_sql_normal/223_msbf_m2_12_positive_validation_128_controls_v1.sql,WP3_POSITIVE_CONTROL_DEFINITION M2_12_POS_027_NODE_09_M2_8_SERVICING_EXECUTION_CANONICAL,27,4763,875a4fcaefa23a308e6ff96ef69ae20487628deb115cdf44b99b4481e609adb6
28,M2_12_POS_028_NODE_09_M2_8_SERVICING_EXECUTION_PHYSICAL_ACCEPTANCE,223,2,SOURCE_NODE_ACCEPTANCE,"Node 09 M2_8_SERVICING_EXECUTION gate, evidence, boundary, and source edges are physically exact",msbf_ctl.acceptance_gate_result; msbf_ctl.run_evidence; Program-223-owned source-edge reconstruction,"Requery the accepted gate and evidence rows, node-specific boundary evidence, and all direct source edges from persisted sources.",gate=1 PASS|acceptance evidence=1 PASS|boundary evidence=8 PASS|nonpass boundary=0|edges=1 PASS,BLOCKING; Program 223 transaction rolls back; no positive evidence or lifecycle transition persists.,RUN_EVIDENCE_AFTER_128_OF_128_PASS_ONLY,M2_12_STAGE_BOUNDARY_EVIDENCE_METHOD_SPECIFICATION.csv; M2_12_SOURCE_GRAPH_EDGE_CATALOG.csv,01_sql_normal/223_msbf_m2_12_positive_validation_128_controls_v1.sql,WP3_POSITIVE_CONTROL_DEFINITION M2_12_POS_028_NODE_09_M2_8_SERVICING_EXECUTION_PHYSICAL_ACCEPTANCE,28,3960,e05dba3e0a082f694339c19d50809ddeeee8a5dd5f6166875b991277d29428be
29,M2_12_POS_029_NODE_10_M2_9_RECONCILIATION_CERTIFICATION_CANONICAL,223,2,SOURCE_NODE_ACCEPTANCE,Node 10 M2_9_RECONCILIATION_CERTIFICATION persisted certification is exact,msbf_m2.module2_stage_certification_snapshot; frozen node authority,"Compare the persisted stage row to the frozen identity, counts, hashes, statuses, and independently reconstructed row hash.",one exact PASS certification row for M2_9_RECONCILIATION_CERTIFICATION,BLOCKING; Program 223 transaction rolls back; no positive evidence or lifecycle transition persists.,RUN_EVIDENCE_AFTER_128_OF_128_PASS_ONLY,M2_12_ACCEPTED_SOURCE_AND_CONTRACT_INVENTORY.csv; stage certification DDL; hash specification,01_sql_normal/223_msbf_m2_12_positive_validation_128_controls_v1.sql,WP3_POSITIVE_CONTROL_DEFINITION M2_12_POS_029_NODE_10_M2_9_RECONCILIATION_CERTIFICATION_CANONICAL,29,4880,d1d602ebafd749d01f4108ca2a773f3b3e43ea6d041b77a79277394189f681ac
30,M2_12_POS_030_NODE_10_M2_9_RECONCILIATION_CERTIFICATION_PHYSICAL_ACCEPTANCE,223,2,SOURCE_NODE_ACCEPTANCE,"Node 10 M2_9_RECONCILIATION_CERTIFICATION gate, evidence, boundary, and source edges are physically exact",msbf_ctl.acceptance_gate_result; msbf_ctl.run_evidence; Program-223-owned source-edge reconstruction,"Requery the accepted gate and evidence rows, node-specific boundary evidence, and all direct source edges from persisted sources.",gate=1 PASS|acceptance evidence=1 PASS|boundary evidence=10 PASS|nonpass boundary=0|edges=1 PASS,BLOCKING; Program 223 transaction rolls back; no positive evidence or lifecycle transition persists.,RUN_EVIDENCE_AFTER_128_OF_128_PASS_ONLY,M2_12_STAGE_BOUNDARY_EVIDENCE_METHOD_SPECIFICATION.csv; M2_12_SOURCE_GRAPH_EDGE_CATALOG.csv,01_sql_normal/223_msbf_m2_12_positive_validation_128_controls_v1.sql,WP3_POSITIVE_CONTROL_DEFINITION M2_12_POS_030_NODE_10_M2_9_RECONCILIATION_CERTIFICATION_PHYSICAL_ACCEPTANCE,30,4111,e6eb3be5e450d84f571ec75cc97a76f4ac78382d55a5950f467b27ec6ea54fe1
31,M2_12_POS_031_NODE_11_M2_10_PORTFOLIO_ANALYTICS_CANONICAL,223,2,SOURCE_NODE_ACCEPTANCE,Node 11 M2_10_PORTFOLIO_ANALYTICS persisted certification is exact,msbf_m2.module2_stage_certification_snapshot; frozen node authority,"Compare the persisted stage row to the frozen identity, counts, hashes, statuses, and independently reconstructed row hash.",one exact PASS certification row for M2_10_PORTFOLIO_ANALYTICS,BLOCKING; Program 223 transaction rolls back; no positive evidence or lifecycle transition persists.,RUN_EVIDENCE_AFTER_128_OF_128_PASS_ONLY,M2_12_ACCEPTED_SOURCE_AND_CONTRACT_INVENTORY.csv; stage certification DDL; hash specification,01_sql_normal/223_msbf_m2_12_positive_validation_128_controls_v1.sql,WP3_POSITIVE_CONTROL_DEFINITION M2_12_POS_031_NODE_11_M2_10_PORTFOLIO_ANALYTICS_CANONICAL,31,4719,255adee44d7acb7d200890ad13d7342fb8f738ed161adc76eac93303cb1402ad
32,M2_12_POS_032_NODE_11_M2_10_PORTFOLIO_ANALYTICS_PHYSICAL_ACCEPTANCE,223,2,SOURCE_NODE_ACCEPTANCE,"Node 11 M2_10_PORTFOLIO_ANALYTICS gate, evidence, boundary, and source edges are physically exact",msbf_ctl.acceptance_gate_result; msbf_ctl.run_evidence; Program-223-owned source-edge reconstruction,"Requery the accepted gate and evidence rows, node-specific boundary evidence, and all direct source edges from persisted sources.",gate=1 PASS|acceptance evidence=1 PASS|boundary evidence=10 PASS|nonpass boundary=0|edges=1 PASS,BLOCKING; Program 223 transaction rolls back; no positive evidence or lifecycle transition persists.,RUN_EVIDENCE_AFTER_128_OF_128_PASS_ONLY,M2_12_STAGE_BOUNDARY_EVIDENCE_METHOD_SPECIFICATION.csv; M2_12_SOURCE_GRAPH_EDGE_CATALOG.csv,01_sql_normal/223_msbf_m2_12_positive_validation_128_controls_v1.sql,WP3_POSITIVE_CONTROL_DEFINITION M2_12_POS_032_NODE_11_M2_10_PORTFOLIO_ANALYTICS_PHYSICAL_ACCEPTANCE,32,4060,4c628d44756feada66daddaae3030d268de5adbd13509472be2832f814748583
33,M2_12_POS_033_NODE_12_M2_11_STRATEGY_SIMULATION_CANONICAL,223,2,SOURCE_NODE_ACCEPTANCE,Node 12 M2_11_STRATEGY_SIMULATION persisted certification is exact,msbf_m2.module2_stage_certification_snapshot; frozen node authority,"Compare the persisted stage row to the frozen identity, counts, hashes, statuses, and independently reconstructed row hash.",one exact PASS certification row for M2_11_STRATEGY_SIMULATION,BLOCKING; Program 223 transaction rolls back; no positive evidence or lifecycle transition persists.,RUN_EVIDENCE_AFTER_128_OF_128_PASS_ONLY,M2_12_ACCEPTED_SOURCE_AND_CONTRACT_INVENTORY.csv; stage certification DDL; hash specification,01_sql_normal/223_msbf_m2_12_positive_validation_128_controls_v1.sql,WP3_POSITIVE_CONTROL_DEFINITION M2_12_POS_033_NODE_12_M2_11_STRATEGY_SIMULATION_CANONICAL,33,4715,6180f2c2e903f26b7ee1884dbcbb0bc6e87f704749d65e040e5cc705dc7183ec
34,M2_12_POS_034_NODE_12_M2_11_STRATEGY_SIMULATION_PHYSICAL_ACCEPTANCE,223,2,SOURCE_NODE_ACCEPTANCE,"Node 12 M2_11_STRATEGY_SIMULATION gate, evidence, boundary, and source edges are physically exact",msbf_ctl.acceptance_gate_result; msbf_ctl.run_evidence; Program-223-owned source-edge reconstruction,"Requery the accepted gate and evidence rows, node-specific boundary evidence, and all direct source edges from persisted sources.",gate=1 PASS|acceptance evidence=1 PASS|boundary evidence=6 PASS|nonpass boundary=0|edges=5 PASS,BLOCKING; Program 223 transaction rolls back; no positive evidence or lifecycle transition persists.,RUN_EVIDENCE_AFTER_128_OF_128_PASS_ONLY,M2_12_STAGE_BOUNDARY_EVIDENCE_METHOD_SPECIFICATION.csv; M2_12_SOURCE_GRAPH_EDGE_CATALOG.csv,01_sql_normal/223_msbf_m2_12_positive_validation_128_controls_v1.sql,WP3_POSITIVE_CONTROL_DEFINITION M2_12_POS_034_NODE_12_M2_11_STRATEGY_SIMULATION_PHYSICAL_ACCEPTANCE,34,3900,c7e047bc66c885a8d101ab53c600cae7fb82566e99dee0d57d694a3a1bc80085
35,M2_12_POS_035_COMPONENT_01_M1_G2_CONSUMPTION_BUNDLE_IDENTITY,223,3,COMPONENT_CONTRACT,"Component 01 M1_G2_CONSUMPTION_BUNDLE identity, counts, hashes, and statuses are exact",msbf_m2.module2_contract_component_snapshot; frozen component authority,Compare one persisted component-contract row to all frozen identity/count/hash/status fields and independently reconstruct row_hash.,one exact accepted PASS component row for M1_G2_CONSUMPTION_BUNDLE,BLOCKING; Program 223 transaction rolls back; no positive evidence or lifecycle transition persists.,RUN_EVIDENCE_AFTER_128_OF_128_PASS_ONLY,M2_12_ACCEPTED_SOURCE_AND_CONTRACT_INVENTORY.csv; component canonical DDL; hash specification,01_sql_normal/223_msbf_m2_12_positive_validation_128_controls_v1.sql,WP3_POSITIVE_CONTROL_DEFINITION M2_12_POS_035_COMPONENT_01_M1_G2_CONSUMPTION_BUNDLE_IDENTITY,35,6368,0766ca5ebb201934be66e65cf5f926d9933f4175237e3d3e274d669671e0be07
36,M2_12_POS_036_COMPONENT_01_M1_G2_CONSUMPTION_BUNDLE_LINEAGE,223,3,COMPONENT_CONTRACT,"Component 01 M1_G2_CONSUMPTION_BUNDLE physical relation, business-key, edge, and reproduction lineage is exact",msbf_m2.module2_contract_component_snapshot; msbf_m2.module2_contract_reproduction_snapshot,"Compare relation names, frozen business-key arrays, exact required source edges, and matching reproduction row identity/status.",exact relations/business keys/2 edges plus one PASS reproduction row,BLOCKING; Program 223 transaction rolls back; no positive evidence or lifecycle transition persists.,RUN_EVIDENCE_AFTER_128_OF_128_PASS_ONLY,M2_12_COMPONENT_REPRODUCTION_METHOD_SPECIFICATION.csv; source graph edge catalog,01_sql_normal/223_msbf_m2_12_positive_validation_128_controls_v1.sql,WP3_POSITIVE_CONTROL_DEFINITION M2_12_POS_036_COMPONENT_01_M1_G2_CONSUMPTION_BUNDLE_LINEAGE,36,6376,f8e2422f32a3cda2a3d3175bc4d70aefc58545fb9529de3628f54ec4db900ac1
37,M2_12_POS_037_COMPONENT_02_M2_ELIGIBILITY_ROUTING_CONSUMPTION_IDENTITY,223,3,COMPONENT_CONTRACT,"Component 02 M2_ELIGIBILITY_ROUTING_CONSUMPTION identity, counts, hashes, and statuses are exact",msbf_m2.module2_contract_component_snapshot; frozen component authority,Compare one persisted component-contract row to all frozen identity/count/hash/status fields and independently reconstruct row_hash.,one exact accepted PASS component row for M2_ELIGIBILITY_ROUTING_CONSUMPTION,BLOCKING; Program 223 transaction rolls back; no positive evidence or lifecycle transition persists.,RUN_EVIDENCE_AFTER_128_OF_128_PASS_ONLY,M2_12_ACCEPTED_SOURCE_AND_CONTRACT_INVENTORY.csv; component canonical DDL; hash specification,01_sql_normal/223_msbf_m2_12_positive_validation_128_controls_v1.sql,WP3_POSITIVE_CONTROL_DEFINITION M2_12_POS_037_COMPONENT_02_M2_ELIGIBILITY_ROUTING_CONSUMPTION_IDENTITY,37,6529,29c14e3a98c1ba24d3950eee94ac411612cff7c5837a3bb2d30d696fc25518e3
38,M2_12_POS_038_COMPONENT_02_M2_ELIGIBILITY_ROUTING_CONSUMPTION_LINEAGE,223,3,COMPONENT_CONTRACT,"Component 02 M2_ELIGIBILITY_ROUTING_CONSUMPTION physical relation, business-key, edge, and reproduction lineage is exact",msbf_m2.module2_contract_component_snapshot; msbf_m2.module2_contract_reproduction_snapshot,"Compare relation names, frozen business-key arrays, exact required source edges, and matching reproduction row identity/status.",exact relations/business keys/1 edges plus one PASS reproduction row,BLOCKING; Program 223 transaction rolls back; no positive evidence or lifecycle transition persists.,RUN_EVIDENCE_AFTER_128_OF_128_PASS_ONLY,M2_12_COMPONENT_REPRODUCTION_METHOD_SPECIFICATION.csv; source graph edge catalog,01_sql_normal/223_msbf_m2_12_positive_validation_128_controls_v1.sql,WP3_POSITIVE_CONTROL_DEFINITION M2_12_POS_038_COMPONENT_02_M2_ELIGIBILITY_ROUTING_CONSUMPTION_LINEAGE,38,7390,ffea50f0265e2197d959a095ea1c17962eb83b1e34365dffe55adbf010b9dd2f
39,M2_12_POS_039_COMPONENT_03_M2_REQUEST_STRUCTURE_CONSUMPTION_IDENTITY,223,3,COMPONENT_CONTRACT,"Component 03 M2_REQUEST_STRUCTURE_CONSUMPTION identity, counts, hashes, and statuses are exact",msbf_m2.module2_contract_component_snapshot; frozen component authority,Compare one persisted component-contract row to all frozen identity/count/hash/status fields and independently reconstruct row_hash.,one exact accepted PASS component row for M2_REQUEST_STRUCTURE_CONSUMPTION,BLOCKING; Program 223 transaction rolls back; no positive evidence or lifecycle transition persists.,RUN_EVIDENCE_AFTER_128_OF_128_PASS_ONLY,M2_12_ACCEPTED_SOURCE_AND_CONTRACT_INVENTORY.csv; component canonical DDL; hash specification,01_sql_normal/223_msbf_m2_12_positive_validation_128_controls_v1.sql,WP3_POSITIVE_CONTROL_DEFINITION M2_12_POS_039_COMPONENT_03_M2_REQUEST_STRUCTURE_CONSUMPTION_IDENTITY,39,6533,33428d66c974dcfa0ad29030c52844fb2f4b7087473ceb8b65d092add58bd8a5
40,M2_12_POS_040_COMPONENT_03_M2_REQUEST_STRUCTURE_CONSUMPTION_LINEAGE,223,3,COMPONENT_CONTRACT,"Component 03 M2_REQUEST_STRUCTURE_CONSUMPTION physical relation, business-key, edge, and reproduction lineage is exact",msbf_m2.module2_contract_component_snapshot; msbf_m2.module2_contract_reproduction_snapshot,"Compare relation names, frozen business-key arrays, exact required source edges, and matching reproduction row identity/status.",exact relations/business keys/2 edges plus one PASS reproduction row,BLOCKING; Program 223 transaction rolls back; no positive evidence or lifecycle transition persists.,RUN_EVIDENCE_AFTER_128_OF_128_PASS_ONLY,M2_12_COMPONENT_REPRODUCTION_METHOD_SPECIFICATION.csv; source graph edge catalog,01_sql_normal/223_msbf_m2_12_positive_validation_128_controls_v1.sql,WP3_POSITIVE_CONTROL_DEFINITION M2_12_POS_040_COMPONENT_03_M2_REQUEST_STRUCTURE_CONSUMPTION_LINEAGE,40,6952,88be5b7513de3103bab609d0a2555f7daf36fd9b6348e945ba82d5938c209189
41,M2_12_POS_041_COMPONENT_04_M2_PRICING_STRUCTURE_CONSUMPTION_IDENTITY,223,3,COMPONENT_CONTRACT,"Component 04 M2_PRICING_STRUCTURE_CONSUMPTION identity, counts, hashes, and statuses are exact",msbf_m2.module2_contract_component_snapshot; frozen component authority,Compare one persisted component-contract row to all frozen identity/count/hash/status fields and independently reconstruct row_hash.,one exact accepted PASS component row for M2_PRICING_STRUCTURE_CONSUMPTION,BLOCKING; Program 223 transaction rolls back; no positive evidence or lifecycle transition persists.,RUN_EVIDENCE_AFTER_128_OF_128_PASS_ONLY,M2_12_ACCEPTED_SOURCE_AND_CONTRACT_INVENTORY.csv; component canonical DDL; hash specification,01_sql_normal/223_msbf_m2_12_positive_validation_128_controls_v1.sql,WP3_POSITIVE_CONTROL_DEFINITION M2_12_POS_041_COMPONENT_04_M2_PRICING_STRUCTURE_CONSUMPTION_IDENTITY,41,6545,43b4dfce72d1326cf78ca09139a9619cf5bd687776cf4a7894d33493e4b354d9
42,M2_12_POS_042_COMPONENT_04_M2_PRICING_STRUCTURE_CONSUMPTION_LINEAGE,223,3,COMPONENT_CONTRACT,"Component 04 M2_PRICING_STRUCTURE_CONSUMPTION physical relation, business-key, edge, and reproduction lineage is exact",msbf_m2.module2_contract_component_snapshot; msbf_m2.module2_contract_reproduction_snapshot,"Compare relation names, frozen business-key arrays, exact required source edges, and matching reproduction row identity/status.",exact relations/business keys/2 edges plus one PASS reproduction row,BLOCKING; Program 223 transaction rolls back; no positive evidence or lifecycle transition persists.,RUN_EVIDENCE_AFTER_128_OF_128_PASS_ONLY,M2_12_COMPONENT_REPRODUCTION_METHOD_SPECIFICATION.csv; source graph edge catalog,01_sql_normal/223_msbf_m2_12_positive_validation_128_controls_v1.sql,WP3_POSITIVE_CONTROL_DEFINITION M2_12_POS_042_COMPONENT_04_M2_PRICING_STRUCTURE_CONSUMPTION_LINEAGE,42,7142,fec01b2b57c0eab7619409972856852dac3bd823b29a2a689ef6d250e2814f71
43,M2_12_POS_043_COMPONENT_05_M2_FINAL_OFFER_DECISION_CONSUMPTION_IDENTITY,223,3,COMPONENT_CONTRACT,"Component 05 M2_FINAL_OFFER_DECISION_CONSUMPTION identity, counts, hashes, and statuses are exact",msbf_m2.module2_contract_component_snapshot; frozen component authority,Compare one persisted component-contract row to all frozen identity/count/hash/status fields and independently reconstruct row_hash.,one exact accepted PASS component row for M2_FINAL_OFFER_DECISION_CONSUMPTION,BLOCKING; Program 223 transaction rolls back; no positive evidence or lifecycle transition persists.,RUN_EVIDENCE_AFTER_128_OF_128_PASS_ONLY,M2_12_ACCEPTED_SOURCE_AND_CONTRACT_INVENTORY.csv; component canonical DDL; hash specification,01_sql_normal/223_msbf_m2_12_positive_validation_128_controls_v1.sql,WP3_POSITIVE_CONTROL_DEFINITION M2_12_POS_043_COMPONENT_05_M2_FINAL_OFFER_DECISION_CONSUMPTION_IDENTITY,43,6562,c4d65fb24d8a4dbaf842052df7f59b7a97aae3a144bd3705d611f09d6073a46e
44,M2_12_POS_044_COMPONENT_05_M2_FINAL_OFFER_DECISION_CONSUMPTION_LINEAGE,223,3,COMPONENT_CONTRACT,"Component 05 M2_FINAL_OFFER_DECISION_CONSUMPTION physical relation, business-key, edge, and reproduction lineage is exact",msbf_m2.module2_contract_component_snapshot; msbf_m2.module2_contract_reproduction_snapshot,"Compare relation names, frozen business-key arrays, exact required source edges, and matching reproduction row identity/status.",exact relations/business keys/1 edges plus one PASS reproduction row,BLOCKING; Program 223 transaction rolls back; no positive evidence or lifecycle transition persists.,RUN_EVIDENCE_AFTER_128_OF_128_PASS_ONLY,M2_12_COMPONENT_REPRODUCTION_METHOD_SPECIFICATION.csv; source graph edge catalog,01_sql_normal/223_msbf_m2_12_positive_validation_128_controls_v1.sql,WP3_POSITIVE_CONTROL_DEFINITION M2_12_POS_044_COMPONENT_05_M2_FINAL_OFFER_DECISION_CONSUMPTION_LINEAGE,44,7029,add73d157d3345db126ec00591b34f8a7ec47ba645ad3e1d241fd712f9697193
45,M2_12_POS_045_COMPONENT_06_M2_PORTFOLIO_ACTIVATION_CONSUMPTION_IDENTITY,223,3,COMPONENT_CONTRACT,"Component 06 M2_PORTFOLIO_ACTIVATION_CONSUMPTION identity, counts, hashes, and statuses are exact",msbf_m2.module2_contract_component_snapshot; frozen component authority,Compare one persisted component-contract row to all frozen identity/count/hash/status fields and independently reconstruct row_hash.,one exact accepted PASS component row for M2_PORTFOLIO_ACTIVATION_CONSUMPTION,BLOCKING; Program 223 transaction rolls back; no positive evidence or lifecycle transition persists.,RUN_EVIDENCE_AFTER_128_OF_128_PASS_ONLY,M2_12_ACCEPTED_SOURCE_AND_CONTRACT_INVENTORY.csv; component canonical DDL; hash specification,01_sql_normal/223_msbf_m2_12_positive_validation_128_controls_v1.sql,WP3_POSITIVE_CONTROL_DEFINITION M2_12_POS_045_COMPONENT_06_M2_PORTFOLIO_ACTIVATION_CONSUMPTION_IDENTITY,45,6596,6b56cf7edc4a941884cedcb627d9d787bb4c242464a5648f5a32ccd0c1e0a29c
46,M2_12_POS_046_COMPONENT_06_M2_PORTFOLIO_ACTIVATION_CONSUMPTION_LINEAGE,223,3,COMPONENT_CONTRACT,"Component 06 M2_PORTFOLIO_ACTIVATION_CONSUMPTION physical relation, business-key, edge, and reproduction lineage is exact",msbf_m2.module2_contract_component_snapshot; msbf_m2.module2_contract_reproduction_snapshot,"Compare relation names, frozen business-key arrays, exact required source edges, and matching reproduction row identity/status.",exact relations/business keys/1 edges plus one PASS reproduction row,BLOCKING; Program 223 transaction rolls back; no positive evidence or lifecycle transition persists.,RUN_EVIDENCE_AFTER_128_OF_128_PASS_ONLY,M2_12_COMPONENT_REPRODUCTION_METHOD_SPECIFICATION.csv; source graph edge catalog,01_sql_normal/223_msbf_m2_12_positive_validation_128_controls_v1.sql,WP3_POSITIVE_CONTROL_DEFINITION M2_12_POS_046_COMPONENT_06_M2_PORTFOLIO_ACTIVATION_CONSUMPTION_LINEAGE,46,7119,ccec08196d57bb3663f7de6a7e2172ef5c5c4c3838f4de3d8e5c721560e67d55
47,M2_12_POS_047_COMPONENT_07_M2_DAILY_REMITTANCE_EXPOSURE_MONITORING_CONSUMPTION_IDENTITY,223,3,COMPONENT_CONTRACT,"Component 07 M2_DAILY_REMITTANCE_EXPOSURE_MONITORING_CONSUMPTION identity, counts, hashes, and statuses are exact",msbf_m2.module2_contract_component_snapshot; frozen component authority,Compare one persisted component-contract row to all frozen identity/count/hash/status fields and independently reconstruct row_hash.,one exact accepted PASS component row for M2_DAILY_REMITTANCE_EXPOSURE_MONITORING_CONSUMPTION,BLOCKING; Program 223 transaction rolls back; no positive evidence or lifecycle transition persists.,RUN_EVIDENCE_AFTER_128_OF_128_PASS_ONLY,M2_12_ACCEPTED_SOURCE_AND_CONTRACT_INVENTORY.csv; component canonical DDL; hash specification,01_sql_normal/223_msbf_m2_12_positive_validation_128_controls_v1.sql,WP3_POSITIVE_CONTROL_DEFINITION M2_12_POS_047_COMPONENT_07_M2_DAILY_REMITTANCE_EXPOSURE_MONITORING_CONSUMPTION_IDENTITY,47,6727,7144203a1cec83d46ae0586c48af495d5015d0a5de60b819c0c200a457060d88
48,M2_12_POS_048_COMPONENT_07_M2_DAILY_REMITTANCE_EXPOSURE_MONITORING_CONSUMPTION_LINEAGE,223,3,COMPONENT_CONTRACT,"Component 07 M2_DAILY_REMITTANCE_EXPOSURE_MONITORING_CONSUMPTION physical relation, business-key, edge, and reproduction lineage is exact",msbf_m2.module2_contract_component_snapshot; msbf_m2.module2_contract_reproduction_snapshot,"Compare relation names, frozen business-key arrays, exact required source edges, and matching reproduction row identity/status.",exact relations/business keys/2 edges plus one PASS reproduction row,BLOCKING; Program 223 transaction rolls back; no positive evidence or lifecycle transition persists.,RUN_EVIDENCE_AFTER_128_OF_128_PASS_ONLY,M2_12_COMPONENT_REPRODUCTION_METHOD_SPECIFICATION.csv; source graph edge catalog,01_sql_normal/223_msbf_m2_12_positive_validation_128_controls_v1.sql,WP3_POSITIVE_CONTROL_DEFINITION M2_12_POS_048_COMPONENT_07_M2_DAILY_REMITTANCE_EXPOSURE_MONITORING_CONSUMPTION_LINEAGE,48,7167,8af84dd1da36c589566026aefa2395323e0d3f036cd77cc0bf11587dfc22b1bf
49,M2_12_POS_049_COMPONENT_08_M2_EARLY_WARNING_INTERVENTION_SERVICING_STRATEGY_CONSUMPTION_IDENTITY,223,3,COMPONENT_CONTRACT,"Component 08 M2_EARLY_WARNING_INTERVENTION_SERVICING_STRATEGY_CONSUMPTION identity, counts, hashes, and statuses are exact",msbf_m2.module2_contract_component_snapshot; frozen component authority,Compare one persisted component-contract row to all frozen identity/count/hash/status fields and independently reconstruct row_hash.,one exact accepted PASS component row for M2_EARLY_WARNING_INTERVENTION_SERVICING_STRATEGY_CONSUMPTION,BLOCKING; Program 223 transaction rolls back; no positive evidence or lifecycle transition persists.,RUN_EVIDENCE_AFTER_128_OF_128_PASS_ONLY,M2_12_ACCEPTED_SOURCE_AND_CONTRACT_INVENTORY.csv; component canonical DDL; hash specification,01_sql_normal/223_msbf_m2_12_positive_validation_128_controls_v1.sql,WP3_POSITIVE_CONTROL_DEFINITION M2_12_POS_049_COMPONENT_08_M2_EARLY_WARNING_INTERVENTION_SERVICING_STRATEGY_CONSUMPTION_IDENTITY,49,6865,aa4a272991718983a69dd31c354f2432f4bba83d445b34f7b5180157650a76f9
50,M2_12_POS_050_COMPONENT_08_M2_EARLY_WARNING_INTERVENTION_SERVICING_STRATEGY_CONSUMPTION_LINEAGE,223,3,COMPONENT_CONTRACT,"Component 08 M2_EARLY_WARNING_INTERVENTION_SERVICING_STRATEGY_CONSUMPTION physical relation, business-key, edge, and reproduction lineage is exact",msbf_m2.module2_contract_component_snapshot; msbf_m2.module2_contract_reproduction_snapshot,"Compare relation names, frozen business-key arrays, exact required source edges, and matching reproduction row identity/status.",exact relations/business keys/1 edges plus one PASS reproduction row,BLOCKING; Program 223 transaction rolls back; no positive evidence or lifecycle transition persists.,RUN_EVIDENCE_AFTER_128_OF_128_PASS_ONLY,M2_12_COMPONENT_REPRODUCTION_METHOD_SPECIFICATION.csv; source graph edge catalog,01_sql_normal/223_msbf_m2_12_positive_validation_128_controls_v1.sql,WP3_POSITIVE_CONTROL_DEFINITION M2_12_POS_050_COMPONENT_08_M2_EARLY_WARNING_INTERVENTION_SERVICING_STRATEGY_CONSUMPTION_LINEAGE,50,7168,6d922d3dccd1613ecacccf14f2cbfd47814c8f94b686d25fb9916b899b52435e
51,M2_12_POS_051_COMPONENT_09_M2_OPERATIONAL_ACTIVATION_ACCOUNT_SETUP_CONSUMPTION_IDENTITY,223,3,COMPONENT_CONTRACT,"Component 09 M2_OPERATIONAL_ACTIVATION_ACCOUNT_SETUP_CONSUMPTION identity, counts, hashes, and statuses are exact",msbf_m2.module2_contract_component_snapshot; frozen component authority,Compare one persisted component-contract row to all frozen identity/count/hash/status fields and independently reconstruct row_hash.,one exact accepted PASS component row for M2_OPERATIONAL_ACTIVATION_ACCOUNT_SETUP_CONSUMPTION,BLOCKING; Program 223 transaction rolls back; no positive evidence or lifecycle transition persists.,RUN_EVIDENCE_AFTER_128_OF_128_PASS_ONLY,M2_12_ACCEPTED_SOURCE_AND_CONTRACT_INVENTORY.csv; component canonical DDL; hash specification,01_sql_normal/223_msbf_m2_12_positive_validation_128_controls_v1.sql,WP3_POSITIVE_CONTROL_DEFINITION M2_12_POS_051_COMPONENT_09_M2_OPERATIONAL_ACTIVATION_ACCOUNT_SETUP_CONSUMPTION_IDENTITY,51,6750,ff1651b6a7dcf1e5264a2c17474af58a86ea2a77ba44a3726d5283a4c866274d
52,M2_12_POS_052_COMPONENT_09_M2_OPERATIONAL_ACTIVATION_ACCOUNT_SETUP_CONSUMPTION_LINEAGE,223,3,COMPONENT_CONTRACT,"Component 09 M2_OPERATIONAL_ACTIVATION_ACCOUNT_SETUP_CONSUMPTION physical relation, business-key, edge, and reproduction lineage is exact",msbf_m2.module2_contract_component_snapshot; msbf_m2.module2_contract_reproduction_snapshot,"Compare relation names, frozen business-key arrays, exact required source edges, and matching reproduction row identity/status.",exact relations/business keys/1 edges plus one PASS reproduction row,BLOCKING; Program 223 transaction rolls back; no positive evidence or lifecycle transition persists.,RUN_EVIDENCE_AFTER_128_OF_128_PASS_ONLY,M2_12_COMPONENT_REPRODUCTION_METHOD_SPECIFICATION.csv; source graph edge catalog,01_sql_normal/223_msbf_m2_12_positive_validation_128_controls_v1.sql,WP3_POSITIVE_CONTROL_DEFINITION M2_12_POS_052_COMPONENT_09_M2_OPERATIONAL_ACTIVATION_ACCOUNT_SETUP_CONSUMPTION_LINEAGE,52,7169,feecaa48e4cabbeb4af171f8bcd65c6a4248fd7b31b1325777433a77cab10d98
53,M2_12_POS_053_COMPONENT_10_M2_SERVICING_EXECUTION_PAYMENT_LIFECYCLE_CONSUMPTION_IDENTITY,223,3,COMPONENT_CONTRACT,"Component 10 M2_SERVICING_EXECUTION_PAYMENT_LIFECYCLE_CONSUMPTION identity, counts, hashes, and statuses are exact",msbf_m2.module2_contract_component_snapshot; frozen component authority,Compare one persisted component-contract row to all frozen identity/count/hash/status fields and independently reconstruct row_hash.,one exact accepted PASS component row for M2_SERVICING_EXECUTION_PAYMENT_LIFECYCLE_CONSUMPTION,BLOCKING; Program 223 transaction rolls back; no positive evidence or lifecycle transition persists.,RUN_EVIDENCE_AFTER_128_OF_128_PASS_ONLY,M2_12_ACCEPTED_SOURCE_AND_CONTRACT_INVENTORY.csv; component canonical DDL; hash specification,01_sql_normal/223_msbf_m2_12_positive_validation_128_controls_v1.sql,WP3_POSITIVE_CONTROL_DEFINITION M2_12_POS_053_COMPONENT_10_M2_SERVICING_EXECUTION_PAYMENT_LIFECYCLE_CONSUMPTION_IDENTITY,53,6774,094a4dc61f0d5e5fd8454dc20588dd9f01658dd030501cc49488f871be3b4865
54,M2_12_POS_054_COMPONENT_10_M2_SERVICING_EXECUTION_PAYMENT_LIFECYCLE_CONSUMPTION_LINEAGE,223,3,COMPONENT_CONTRACT,"Component 10 M2_SERVICING_EXECUTION_PAYMENT_LIFECYCLE_CONSUMPTION physical relation, business-key, edge, and reproduction lineage is exact",msbf_m2.module2_contract_component_snapshot; msbf_m2.module2_contract_reproduction_snapshot,"Compare relation names, frozen business-key arrays, exact required source edges, and matching reproduction row identity/status.",exact relations/business keys/1 edges plus one PASS reproduction row,BLOCKING; Program 223 transaction rolls back; no positive evidence or lifecycle transition persists.,RUN_EVIDENCE_AFTER_128_OF_128_PASS_ONLY,M2_12_COMPONENT_REPRODUCTION_METHOD_SPECIFICATION.csv; source graph edge catalog,01_sql_normal/223_msbf_m2_12_positive_validation_128_controls_v1.sql,WP3_POSITIVE_CONTROL_DEFINITION M2_12_POS_054_COMPONENT_10_M2_SERVICING_EXECUTION_PAYMENT_LIFECYCLE_CONSUMPTION_LINEAGE,54,7132,12da6f4b575b09db2612182b7ab880a8622c58c593b59dc95ff6124283510b7c
55,M2_12_POS_055_COMPONENT_11_M2_PAYMENT_RECONCILIATION_ACCOUNT_CERTIFICATION_CONSUMPTION_IDENTITY,223,3,COMPONENT_CONTRACT,"Component 11 M2_PAYMENT_RECONCILIATION_ACCOUNT_CERTIFICATION_CONSUMPTION identity, counts, hashes, and statuses are exact",msbf_m2.module2_contract_component_snapshot; frozen component authority,Compare one persisted component-contract row to all frozen identity/count/hash/status fields and independently reconstruct row_hash.,one exact accepted PASS component row for M2_PAYMENT_RECONCILIATION_ACCOUNT_CERTIFICATION_CONSUMPTION,BLOCKING; Program 223 transaction rolls back; no positive evidence or lifecycle transition persists.,RUN_EVIDENCE_AFTER_128_OF_128_PASS_ONLY,M2_12_ACCEPTED_SOURCE_AND_CONTRACT_INVENTORY.csv; component canonical DDL; hash specification,01_sql_normal/223_msbf_m2_12_positive_validation_128_controls_v1.sql,WP3_POSITIVE_CONTROL_DEFINITION M2_12_POS_055_COMPONENT_11_M2_PAYMENT_RECONCILIATION_ACCOUNT_CERTIFICATION_CONSUMPTION_IDENTITY,55,6923,090590704feb70e947af63857101cadce86964af16da3735dfea75541d6512c9
56,M2_12_POS_056_COMPONENT_11_M2_PAYMENT_RECONCILIATION_ACCOUNT_CERTIFICATION_CONSUMPTION_LINEAGE,223,3,COMPONENT_CONTRACT,"Component 11 M2_PAYMENT_RECONCILIATION_ACCOUNT_CERTIFICATION_CONSUMPTION physical relation, business-key, edge, and reproduction lineage is exact",msbf_m2.module2_contract_component_snapshot; msbf_m2.module2_contract_reproduction_snapshot,"Compare relation names, frozen business-key arrays, exact required source edges, and matching reproduction row identity/status.",exact relations/business keys/1 edges plus one PASS reproduction row,BLOCKING; Program 223 transaction rolls back; no positive evidence or lifecycle transition persists.,RUN_EVIDENCE_AFTER_128_OF_128_PASS_ONLY,M2_12_COMPONENT_REPRODUCTION_METHOD_SPECIFICATION.csv; source graph edge catalog,01_sql_normal/223_msbf_m2_12_positive_validation_128_controls_v1.sql,WP3_POSITIVE_CONTROL_DEFINITION M2_12_POS_056_COMPONENT_11_M2_PAYMENT_RECONCILIATION_ACCOUNT_CERTIFICATION_CONSUMPTION_LINEAGE,56,7389,23927c68c5738a985d3425ab3a031e6c584af08cbdbd3ca8317adfe88024b644
57,M2_12_POS_057_COMPONENT_12_M2_PORTFOLIO_PERFORMANCE_KPI_SERVICING_ANALYTICS_CONSUMPTION_IDENTITY,223,3,COMPONENT_CONTRACT,"Component 12 M2_PORTFOLIO_PERFORMANCE_KPI_SERVICING_ANALYTICS_CONSUMPTION identity, counts, hashes, and statuses are exact",msbf_m2.module2_contract_component_snapshot; frozen component authority,Compare one persisted component-contract row to all frozen identity/count/hash/status fields and independently reconstruct row_hash.,one exact accepted PASS component row for M2_PORTFOLIO_PERFORMANCE_KPI_SERVICING_ANALYTICS_CONSUMPTION,BLOCKING; Program 223 transaction rolls back; no positive evidence or lifecycle transition persists.,RUN_EVIDENCE_AFTER_128_OF_128_PASS_ONLY,M2_12_ACCEPTED_SOURCE_AND_CONTRACT_INVENTORY.csv; component canonical DDL; hash specification,01_sql_normal/223_msbf_m2_12_positive_validation_128_controls_v1.sql,WP3_POSITIVE_CONTROL_DEFINITION M2_12_POS_057_COMPONENT_12_M2_PORTFOLIO_PERFORMANCE_KPI_SERVICING_ANALYTICS_CONSUMPTION_IDENTITY,57,6876,aca3c9870f31faa582c169e3888c2acd9a3ed1b30a3a48c02c8ef09806e6fa9a
58,M2_12_POS_058_COMPONENT_12_M2_PORTFOLIO_PERFORMANCE_KPI_SERVICING_ANALYTICS_CONSUMPTION_LINEAGE,223,3,COMPONENT_CONTRACT,"Component 12 M2_PORTFOLIO_PERFORMANCE_KPI_SERVICING_ANALYTICS_CONSUMPTION physical relation, business-key, edge, and reproduction lineage is exact",msbf_m2.module2_contract_component_snapshot; msbf_m2.module2_contract_reproduction_snapshot,"Compare relation names, frozen business-key arrays, exact required source edges, and matching reproduction row identity/status.",exact relations/business keys/1 edges plus one PASS reproduction row,BLOCKING; Program 223 transaction rolls back; no positive evidence or lifecycle transition persists.,RUN_EVIDENCE_AFTER_128_OF_128_PASS_ONLY,M2_12_COMPONENT_REPRODUCTION_METHOD_SPECIFICATION.csv; source graph edge catalog,01_sql_normal/223_msbf_m2_12_positive_validation_128_controls_v1.sql,WP3_POSITIVE_CONTROL_DEFINITION M2_12_POS_058_COMPONENT_12_M2_PORTFOLIO_PERFORMANCE_KPI_SERVICING_ANALYTICS_CONSUMPTION_LINEAGE,58,7207,ee4673337776fc1ecf42b793f483bea6e02763f6bd78c6dbdf95e1af321d5a78
59,M2_12_POS_059_COMPONENT_13_M2_PORTFOLIO_OPTIMIZATION_STRATEGY_SIMULATION_CONSUMPTION_IDENTITY,223,3,COMPONENT_CONTRACT,"Component 13 M2_PORTFOLIO_OPTIMIZATION_STRATEGY_SIMULATION_CONSUMPTION identity, counts, hashes, and statuses are exact",msbf_m2.module2_contract_component_snapshot; frozen component authority,Compare one persisted component-contract row to all frozen identity/count/hash/status fields and independently reconstruct row_hash.,one exact accepted PASS component row for M2_PORTFOLIO_OPTIMIZATION_STRATEGY_SIMULATION_CONSUMPTION,BLOCKING; Program 223 transaction rolls back; no positive evidence or lifecycle transition persists.,RUN_EVIDENCE_AFTER_128_OF_128_PASS_ONLY,M2_12_ACCEPTED_SOURCE_AND_CONTRACT_INVENTORY.csv; component canonical DDL; hash specification,01_sql_normal/223_msbf_m2_12_positive_validation_128_controls_v1.sql,WP3_POSITIVE_CONTROL_DEFINITION M2_12_POS_059_COMPONENT_13_M2_PORTFOLIO_OPTIMIZATION_STRATEGY_SIMULATION_CONSUMPTION_IDENTITY,59,6841,4894f837211ce7d7849a3e1de053df8429582b4879ffeb0324826b2a693e083d
60,M2_12_POS_060_COMPONENT_13_M2_PORTFOLIO_OPTIMIZATION_STRATEGY_SIMULATION_CONSUMPTION_LINEAGE,223,3,COMPONENT_CONTRACT,"Component 13 M2_PORTFOLIO_OPTIMIZATION_STRATEGY_SIMULATION_CONSUMPTION physical relation, business-key, edge, and reproduction lineage is exact",msbf_m2.module2_contract_component_snapshot; msbf_m2.module2_contract_reproduction_snapshot,"Compare relation names, frozen business-key arrays, exact required source edges, and matching reproduction row identity/status.",exact relations/business keys/5 edges plus one PASS reproduction row,BLOCKING; Program 223 transaction rolls back; no positive evidence or lifecycle transition persists.,RUN_EVIDENCE_AFTER_128_OF_128_PASS_ONLY,M2_12_COMPONENT_REPRODUCTION_METHOD_SPECIFICATION.csv; source graph edge catalog,01_sql_normal/223_msbf_m2_12_positive_validation_128_controls_v1.sql,WP3_POSITIVE_CONTROL_DEFINITION M2_12_POS_060_COMPONENT_13_M2_PORTFOLIO_OPTIMIZATION_STRATEGY_SIMULATION_CONSUMPTION_LINEAGE,60,7367,47557fc4e3ea44fe1a86c169c0dd41075ab9343974af1fa720e34f6919e9e57e
61,M2_12_POS_061_NODE_01_M1_17_G2_FOUNDATION_EVIDENCE_MATRIX,223,4,EVIDENCE_CERTIFICATION,Node 01 M1_17_G2_FOUNDATION has the complete frozen six-family evidence-certification matrix,msbf_m2.module2_evidence_certification_snapshot; frozen evidence applicability matrix,"Full-join the six frozen authority rows to persisted certification rows; compare all identities, statuses, hashes, fingerprints, and row hashes.",6 authority rows|6 persisted rows|0 mismatches,BLOCKING; Program 223 transaction rolls back; no positive evidence or lifecycle transition persists.,RUN_EVIDENCE_AFTER_128_OF_128_PASS_ONLY,M2_12_EVIDENCE_CERTIFICATION_APPLICABILITY_MATRIX.csv; M2_12_EVIDENCE_AGGREGATE_METHOD_SPECIFICATION.csv,01_sql_normal/223_msbf_m2_12_positive_validation_128_controls_v1.sql,WP3_POSITIVE_CONTROL_DEFINITION M2_12_POS_061_NODE_01_M1_17_G2_FOUNDATION_EVIDENCE_MATRIX,61,3347,8d229310e5daa691ab9c07a50063cb42011943a011c48511eb371c79fba84b2b
62,M2_12_POS_062_NODE_02_M2_1_ELIGIBILITY_ROUTING_EVIDENCE_MATRIX,223,4,EVIDENCE_CERTIFICATION,Node 02 M2_1_ELIGIBILITY_ROUTING has the complete frozen six-family evidence-certification matrix,msbf_m2.module2_evidence_certification_snapshot; frozen evidence applicability matrix,"Full-join the six frozen authority rows to persisted certification rows; compare all identities, statuses, hashes, fingerprints, and row hashes.",6 authority rows|6 persisted rows|0 mismatches,BLOCKING; Program 223 transaction rolls back; no positive evidence or lifecycle transition persists.,RUN_EVIDENCE_AFTER_128_OF_128_PASS_ONLY,M2_12_EVIDENCE_CERTIFICATION_APPLICABILITY_MATRIX.csv; M2_12_EVIDENCE_AGGREGATE_METHOD_SPECIFICATION.csv,01_sql_normal/223_msbf_m2_12_positive_validation_128_controls_v1.sql,WP3_POSITIVE_CONTROL_DEFINITION M2_12_POS_062_NODE_02_M2_1_ELIGIBILITY_ROUTING_EVIDENCE_MATRIX,62,3367,077fbb2a9723148adce5f8270033ac330d906b4963d8c821110026675088de6d
63,M2_12_POS_063_NODE_03_M2_2_PRICING_STRUCTURE_EVIDENCE_MATRIX,223,4,EVIDENCE_CERTIFICATION,Node 03 M2_2_PRICING_STRUCTURE has the complete frozen six-family evidence-certification matrix,msbf_m2.module2_evidence_certification_snapshot; frozen evidence applicability matrix,"Full-join the six frozen authority rows to persisted certification rows; compare all identities, statuses, hashes, fingerprints, and row hashes.",6 authority rows|6 persisted rows|0 mismatches,BLOCKING; Program 223 transaction rolls back; no positive evidence or lifecycle transition persists.,RUN_EVIDENCE_AFTER_128_OF_128_PASS_ONLY,M2_12_EVIDENCE_CERTIFICATION_APPLICABILITY_MATRIX.csv; M2_12_EVIDENCE_AGGREGATE_METHOD_SPECIFICATION.csv,01_sql_normal/223_msbf_m2_12_positive_validation_128_controls_v1.sql,WP3_POSITIVE_CONTROL_DEFINITION M2_12_POS_063_NODE_03_M2_2_PRICING_STRUCTURE_EVIDENCE_MATRIX,63,3359,943b392f5ba1d08ead106189b0553be3bb413d1334f160f5e553efc6787d8ce0
64,M2_12_POS_064_NODE_04_M2_3_FINAL_DECISION_EVIDENCE_MATRIX,223,4,EVIDENCE_CERTIFICATION,Node 04 M2_3_FINAL_DECISION has the complete frozen six-family evidence-certification matrix,msbf_m2.module2_evidence_certification_snapshot; frozen evidence applicability matrix,"Full-join the six frozen authority rows to persisted certification rows; compare all identities, statuses, hashes, fingerprints, and row hashes.",6 authority rows|6 persisted rows|0 mismatches,BLOCKING; Program 223 transaction rolls back; no positive evidence or lifecycle transition persists.,RUN_EVIDENCE_AFTER_128_OF_128_PASS_ONLY,M2_12_EVIDENCE_CERTIFICATION_APPLICABILITY_MATRIX.csv; M2_12_EVIDENCE_AGGREGATE_METHOD_SPECIFICATION.csv,01_sql_normal/223_msbf_m2_12_positive_validation_128_controls_v1.sql,WP3_POSITIVE_CONTROL_DEFINITION M2_12_POS_064_NODE_04_M2_3_FINAL_DECISION_EVIDENCE_MATRIX,64,3347,08853bb9904d81da782a0caabb1418c2e3e47518aa08e5be6735fe20aaca1f88
65,M2_12_POS_065_NODE_05_M2_4_PORTFOLIO_ACTIVATION_EVIDENCE_MATRIX,223,4,EVIDENCE_CERTIFICATION,Node 05 M2_4_PORTFOLIO_ACTIVATION has the complete frozen six-family evidence-certification matrix,msbf_m2.module2_evidence_certification_snapshot; frozen evidence applicability matrix,"Full-join the six frozen authority rows to persisted certification rows; compare all identities, statuses, hashes, fingerprints, and row hashes.",6 authority rows|6 persisted rows|0 mismatches,BLOCKING; Program 223 transaction rolls back; no positive evidence or lifecycle transition persists.,RUN_EVIDENCE_AFTER_128_OF_128_PASS_ONLY,M2_12_EVIDENCE_CERTIFICATION_APPLICABILITY_MATRIX.csv; M2_12_EVIDENCE_AGGREGATE_METHOD_SPECIFICATION.csv,01_sql_normal/223_msbf_m2_12_positive_validation_128_controls_v1.sql,WP3_POSITIVE_CONTROL_DEFINITION M2_12_POS_065_NODE_05_M2_4_PORTFOLIO_ACTIVATION_EVIDENCE_MATRIX,65,3371,2f355ef5843edf04d59555925c7b77c52d532d1c7dff21c651413638dfeb33ce
66,M2_12_POS_066_NODE_06_M2_5_DAILY_MONITORING_EVIDENCE_MATRIX,223,4,EVIDENCE_CERTIFICATION,Node 06 M2_5_DAILY_MONITORING has the complete frozen six-family evidence-certification matrix,msbf_m2.module2_evidence_certification_snapshot; frozen evidence applicability matrix,"Full-join the six frozen authority rows to persisted certification rows; compare all identities, statuses, hashes, fingerprints, and row hashes.",6 authority rows|6 persisted rows|0 mismatches,BLOCKING; Program 223 transaction rolls back; no positive evidence or lifecycle transition persists.,RUN_EVIDENCE_AFTER_128_OF_128_PASS_ONLY,M2_12_EVIDENCE_CERTIFICATION_APPLICABILITY_MATRIX.csv; M2_12_EVIDENCE_AGGREGATE_METHOD_SPECIFICATION.csv,01_sql_normal/223_msbf_m2_12_positive_validation_128_controls_v1.sql,WP3_POSITIVE_CONTROL_DEFINITION M2_12_POS_066_NODE_06_M2_5_DAILY_MONITORING_EVIDENCE_MATRIX,66,3355,158d4b4279ec988089cdc31c8e0f11c870a621bceafba96de37a0eaf247aeca3
67,M2_12_POS_067_NODE_07_M2_6_INTERVENTION_STRATEGY_EVIDENCE_MATRIX,223,4,EVIDENCE_CERTIFICATION,Node 07 M2_6_INTERVENTION_STRATEGY has the complete frozen six-family evidence-certification matrix,msbf_m2.module2_evidence_certification_snapshot; frozen evidence applicability matrix,"Full-join the six frozen authority rows to persisted certification rows; compare all identities, statuses, hashes, fingerprints, and row hashes.",6 authority rows|6 persisted rows|0 mismatches,BLOCKING; Program 223 transaction rolls back; no positive evidence or lifecycle transition persists.,RUN_EVIDENCE_AFTER_128_OF_128_PASS_ONLY,M2_12_EVIDENCE_CERTIFICATION_APPLICABILITY_MATRIX.csv; M2_12_EVIDENCE_AGGREGATE_METHOD_SPECIFICATION.csv,01_sql_normal/223_msbf_m2_12_positive_validation_128_controls_v1.sql,WP3_POSITIVE_CONTROL_DEFINITION M2_12_POS_067_NODE_07_M2_6_INTERVENTION_STRATEGY_EVIDENCE_MATRIX,67,3375,1d3c9b1be8a1b7b760306303335d470bb66d616dad9052e54b781699c298afa6
68,M2_12_POS_068_NODE_08_M2_7_OPERATIONAL_ACTIVATION_EVIDENCE_MATRIX,223,4,EVIDENCE_CERTIFICATION,Node 08 M2_7_OPERATIONAL_ACTIVATION has the complete frozen six-family evidence-certification matrix,msbf_m2.module2_evidence_certification_snapshot; frozen evidence applicability matrix,"Full-join the six frozen authority rows to persisted certification rows; compare all identities, statuses, hashes, fingerprints, and row hashes.",6 authority rows|6 persisted rows|0 mismatches,BLOCKING; Program 223 transaction rolls back; no positive evidence or lifecycle transition persists.,RUN_EVIDENCE_AFTER_128_OF_128_PASS_ONLY,M2_12_EVIDENCE_CERTIFICATION_APPLICABILITY_MATRIX.csv; M2_12_EVIDENCE_AGGREGATE_METHOD_SPECIFICATION.csv,01_sql_normal/223_msbf_m2_12_positive_validation_128_controls_v1.sql,WP3_POSITIVE_CONTROL_DEFINITION M2_12_POS_068_NODE_08_M2_7_OPERATIONAL_ACTIVATION_EVIDENCE_MATRIX,68,3379,2ca90d17e9f16d3e98de18c72ca39cd2b7273a3b855b30d4a9d186c61927d77b
69,M2_12_POS_069_NODE_09_M2_8_SERVICING_EXECUTION_EVIDENCE_MATRIX,223,4,EVIDENCE_CERTIFICATION,Node 09 M2_8_SERVICING_EXECUTION has the complete frozen six-family evidence-certification matrix,msbf_m2.module2_evidence_certification_snapshot; frozen evidence applicability matrix,"Full-join the six frozen authority rows to persisted certification rows; compare all identities, statuses, hashes, fingerprints, and row hashes.",6 authority rows|6 persisted rows|0 mismatches,BLOCKING; Program 223 transaction rolls back; no positive evidence or lifecycle transition persists.,RUN_EVIDENCE_AFTER_128_OF_128_PASS_ONLY,M2_12_EVIDENCE_CERTIFICATION_APPLICABILITY_MATRIX.csv; M2_12_EVIDENCE_AGGREGATE_METHOD_SPECIFICATION.csv,01_sql_normal/223_msbf_m2_12_positive_validation_128_controls_v1.sql,WP3_POSITIVE_CONTROL_DEFINITION M2_12_POS_069_NODE_09_M2_8_SERVICING_EXECUTION_EVIDENCE_MATRIX,69,3367,d9f0d3aef57de5c23b514d2bbb389cca323b4f6877dabb01864c513011a8ec0f
70,M2_12_POS_070_NODE_10_M2_9_RECONCILIATION_CERTIFICATION_EVIDENCE_MATRIX,223,4,EVIDENCE_CERTIFICATION,Node 10 M2_9_RECONCILIATION_CERTIFICATION has the complete frozen six-family evidence-certification matrix,msbf_m2.module2_evidence_certification_snapshot; frozen evidence applicability matrix,"Full-join the six frozen authority rows to persisted certification rows; compare all identities, statuses, hashes, fingerprints, and row hashes.",6 authority rows|6 persisted rows|0 mismatches,BLOCKING; Program 223 transaction rolls back; no positive evidence or lifecycle transition persists.,RUN_EVIDENCE_AFTER_128_OF_128_PASS_ONLY,M2_12_EVIDENCE_CERTIFICATION_APPLICABILITY_MATRIX.csv; M2_12_EVIDENCE_AGGREGATE_METHOD_SPECIFICATION.csv,01_sql_normal/223_msbf_m2_12_positive_validation_128_controls_v1.sql,WP3_POSITIVE_CONTROL_DEFINITION M2_12_POS_070_NODE_10_M2_9_RECONCILIATION_CERTIFICATION_EVIDENCE_MATRIX,70,3405,a1ebfb395c702c092122cd7ddc2ecd79a36562ab4eb0237027bae815ac91247b
71,M2_12_POS_071_NODE_11_M2_10_PORTFOLIO_ANALYTICS_EVIDENCE_MATRIX,223,4,EVIDENCE_CERTIFICATION,Node 11 M2_10_PORTFOLIO_ANALYTICS has the complete frozen six-family evidence-certification matrix,msbf_m2.module2_evidence_certification_snapshot; frozen evidence applicability matrix,"Full-join the six frozen authority rows to persisted certification rows; compare all identities, statuses, hashes, fingerprints, and row hashes.",6 authority rows|6 persisted rows|0 mismatches,BLOCKING; Program 223 transaction rolls back; no positive evidence or lifecycle transition persists.,RUN_EVIDENCE_AFTER_128_OF_128_PASS_ONLY,M2_12_EVIDENCE_CERTIFICATION_APPLICABILITY_MATRIX.csv; M2_12_EVIDENCE_AGGREGATE_METHOD_SPECIFICATION.csv,01_sql_normal/223_msbf_m2_12_positive_validation_128_controls_v1.sql,WP3_POSITIVE_CONTROL_DEFINITION M2_12_POS_071_NODE_11_M2_10_PORTFOLIO_ANALYTICS_EVIDENCE_MATRIX,71,3373,978c5ff6a3e5690c325a72b81f423bb5f9f7b0558856174d0325dbd24ec3bd38
72,M2_12_POS_072_NODE_12_M2_11_STRATEGY_SIMULATION_EVIDENCE_MATRIX,223,4,EVIDENCE_CERTIFICATION,Node 12 M2_11_STRATEGY_SIMULATION has the complete frozen six-family evidence-certification matrix,msbf_m2.module2_evidence_certification_snapshot; frozen evidence applicability matrix,"Full-join the six frozen authority rows to persisted certification rows; compare all identities, statuses, hashes, fingerprints, and row hashes.",6 authority rows|6 persisted rows|0 mismatches,BLOCKING; Program 223 transaction rolls back; no positive evidence or lifecycle transition persists.,RUN_EVIDENCE_AFTER_128_OF_128_PASS_ONLY,M2_12_EVIDENCE_CERTIFICATION_APPLICABILITY_MATRIX.csv; M2_12_EVIDENCE_AGGREGATE_METHOD_SPECIFICATION.csv,01_sql_normal/223_msbf_m2_12_positive_validation_128_controls_v1.sql,WP3_POSITIVE_CONTROL_DEFINITION M2_12_POS_072_NODE_12_M2_11_STRATEGY_SIMULATION_EVIDENCE_MATRIX,72,3373,f1d7676c5ab272784f2a2fc05e92194379231894d2511874572c1526a468a171
73,M2_12_POS_073_COMPONENT_01_M1_G2_CONSUMPTION_BUNDLE_PHYSICAL_REPRODUCTION,223,5,LATEST_ARCHIVE_REPRODUCTION,Component 01 M1_G2_CONSUMPTION_BUNDLE latest/archive state reproduces directly from physical rows,msbf_ctl.m1_17_g2_bundle_latest; msbf_ctl.m1_17_g2_bundle_archive; pg_catalog.pg_trigger; msbf_m2.module2_contract_reproduction_snapshot,"Recalculate latest/archive row counts, row hashes, set hashes, payload parity, missing/duplicate keys, and the exact archive trigger from the physical relations; compare to the persisted reproduction snapshot.",1 latest|1 archive|0 payload/missing/duplicate mismatches|PASS trigger|exact set hashes,BLOCKING; Program 223 transaction rolls back; no positive evidence or lifecycle transition persists.,RUN_EVIDENCE_AFTER_128_OF_128_PASS_ONLY,M2_12_COMPONENT_REPRODUCTION_METHOD_SPECIFICATION.csv; accepted source/contract inventory,01_sql_normal/223_msbf_m2_12_positive_validation_128_controls_v1.sql,WP3_POSITIVE_CONTROL_DEFINITION M2_12_POS_073_COMPONENT_01_M1_G2_CONSUMPTION_BUNDLE_PHYSICAL_REPRODUCTION,73,9412,382adce1cf1aa483315c785a10b8f22707a6209e1e9cd955a64f34149461d4ea
74,M2_12_POS_074_COMPONENT_02_M2_ELIGIBILITY_ROUTING_CONSUMPTION_PHYSICAL_REPRODUCTION,223,5,LATEST_ARCHIVE_REPRODUCTION,Component 02 M2_ELIGIBILITY_ROUTING_CONSUMPTION latest/archive state reproduces directly from physical rows,msbf_m2.application_eligibility_routing_latest; msbf_m2.application_eligibility_routing_archive; pg_catalog.pg_trigger; msbf_m2.module2_contract_reproduction_snapshot,"Recalculate latest/archive row counts, row hashes, set hashes, payload parity, missing/duplicate keys, and the exact archive trigger from the physical relations; compare to the persisted reproduction snapshot.",1500 latest|1500 archive|0 payload/missing/duplicate mismatches|PASS trigger|exact set hashes,BLOCKING; Program 223 transaction rolls back; no positive evidence or lifecycle transition persists.,RUN_EVIDENCE_AFTER_128_OF_128_PASS_ONLY,M2_12_COMPONENT_REPRODUCTION_METHOD_SPECIFICATION.csv; accepted source/contract inventory,01_sql_normal/223_msbf_m2_12_positive_validation_128_controls_v1.sql,WP3_POSITIVE_CONTROL_DEFINITION M2_12_POS_074_COMPONENT_02_M2_ELIGIBILITY_ROUTING_CONSUMPTION_PHYSICAL_REPRODUCTION,74,9509,1fa1d360400bab7e2539f6d953429a6254f7b80e6ce796ff781e05f7a1935bc1
75,M2_12_POS_075_COMPONENT_03_M2_REQUEST_STRUCTURE_CONSUMPTION_PHYSICAL_REPRODUCTION,223,5,LATEST_ARCHIVE_REPRODUCTION,Component 03 M2_REQUEST_STRUCTURE_CONSUMPTION latest/archive state reproduces directly from physical rows,msbf_m2.application_request_structure_latest; msbf_m2.application_request_structure_archive; pg_catalog.pg_trigger; msbf_m2.module2_contract_reproduction_snapshot,"Recalculate latest/archive row counts, row hashes, set hashes, payload parity, missing/duplicate keys, and the exact archive trigger from the physical relations; compare to the persisted reproduction snapshot.",750 latest|750 archive|0 payload/missing/duplicate mismatches|PASS trigger|exact set hashes,BLOCKING; Program 223 transaction rolls back; no positive evidence or lifecycle transition persists.,RUN_EVIDENCE_AFTER_128_OF_128_PASS_ONLY,M2_12_COMPONENT_REPRODUCTION_METHOD_SPECIFICATION.csv; accepted source/contract inventory,01_sql_normal/223_msbf_m2_12_positive_validation_128_controls_v1.sql,WP3_POSITIVE_CONTROL_DEFINITION M2_12_POS_075_COMPONENT_03_M2_REQUEST_STRUCTURE_CONSUMPTION_PHYSICAL_REPRODUCTION,75,9043,96f8dc5c6bf0fa1b0e749184872e9ab2182183e4560a9a983600385bb3d339da
76,M2_12_POS_076_COMPONENT_04_M2_PRICING_STRUCTURE_CONSUMPTION_PHYSICAL_REPRODUCTION,223,5,LATEST_ARCHIVE_REPRODUCTION,Component 04 M2_PRICING_STRUCTURE_CONSUMPTION latest/archive state reproduces directly from physical rows,msbf_m2.application_pricing_structure_latest; msbf_m2.application_pricing_structure_archive; pg_catalog.pg_trigger; msbf_m2.module2_contract_reproduction_snapshot,"Recalculate latest/archive row counts, row hashes, set hashes, payload parity, missing/duplicate keys, and the exact archive trigger from the physical relations; compare to the persisted reproduction snapshot.",1500 latest|1500 archive|0 payload/missing/duplicate mismatches|PASS trigger|exact set hashes,BLOCKING; Program 223 transaction rolls back; no positive evidence or lifecycle transition persists.,RUN_EVIDENCE_AFTER_128_OF_128_PASS_ONLY,M2_12_COMPONENT_REPRODUCTION_METHOD_SPECIFICATION.csv; accepted source/contract inventory,01_sql_normal/223_msbf_m2_12_positive_validation_128_controls_v1.sql,WP3_POSITIVE_CONTROL_DEFINITION M2_12_POS_076_COMPONENT_04_M2_PRICING_STRUCTURE_CONSUMPTION_PHYSICAL_REPRODUCTION,76,9225,e9153d6f1fe6a6c66f1cb3f6baac1e47c9a3aafd0b988608332ad9e556d4146c
77,M2_12_POS_077_COMPONENT_05_M2_FINAL_OFFER_DECISION_CONSUMPTION_PHYSICAL_REPRODUCTION,223,5,LATEST_ARCHIVE_REPRODUCTION,Component 05 M2_FINAL_OFFER_DECISION_CONSUMPTION latest/archive state reproduces directly from physical rows,msbf_m2.application_final_offer_decision_latest; msbf_m2.application_final_offer_decision_archive; pg_catalog.pg_trigger; msbf_m2.module2_contract_reproduction_snapshot,"Recalculate latest/archive row counts, row hashes, set hashes, payload parity, missing/duplicate keys, and the exact archive trigger from the physical relations; compare to the persisted reproduction snapshot.",1500 latest|1500 archive|0 payload/missing/duplicate mismatches|PASS trigger|exact set hashes,BLOCKING; Program 223 transaction rolls back; no positive evidence or lifecycle transition persists.,RUN_EVIDENCE_AFTER_128_OF_128_PASS_ONLY,M2_12_COMPONENT_REPRODUCTION_METHOD_SPECIFICATION.csv; accepted source/contract inventory,01_sql_normal/223_msbf_m2_12_positive_validation_128_controls_v1.sql,WP3_POSITIVE_CONTROL_DEFINITION M2_12_POS_077_COMPONENT_05_M2_FINAL_OFFER_DECISION_CONSUMPTION_PHYSICAL_REPRODUCTION,77,9352,644447cecb736ad91b9bc34bd4bfe8eb6f71af0f43a411af235b9d7a4f3e5d48
78,M2_12_POS_078_COMPONENT_06_M2_PORTFOLIO_ACTIVATION_CONSUMPTION_PHYSICAL_REPRODUCTION,223,5,LATEST_ARCHIVE_REPRODUCTION,Component 06 M2_PORTFOLIO_ACTIVATION_CONSUMPTION latest/archive state reproduces directly from physical rows,msbf_m2.application_booking_funding_activation_latest; msbf_m2.application_booking_funding_activation_archive; pg_catalog.pg_trigger; msbf_m2.module2_contract_reproduction_snapshot,"Recalculate latest/archive row counts, row hashes, set hashes, payload parity, missing/duplicate keys, and the exact archive trigger from the physical relations; compare to the persisted reproduction snapshot.",1500 latest|1500 archive|0 payload/missing/duplicate mismatches|PASS trigger|exact set hashes,BLOCKING; Program 223 transaction rolls back; no positive evidence or lifecycle transition persists.,RUN_EVIDENCE_AFTER_128_OF_128_PASS_ONLY,M2_12_COMPONENT_REPRODUCTION_METHOD_SPECIFICATION.csv; accepted source/contract inventory,01_sql_normal/223_msbf_m2_12_positive_validation_128_controls_v1.sql,WP3_POSITIVE_CONTROL_DEFINITION M2_12_POS_078_COMPONENT_06_M2_PORTFOLIO_ACTIVATION_CONSUMPTION_PHYSICAL_REPRODUCTION,78,9432,8f04fe0947f9537547d8e8a58402e66572a979f8f8246a965566e0e9a2f6c93e
79,M2_12_POS_079_COMPONENT_07_M2_DAILY_REMITTANCE_EXPOSURE_MONITORING_CONSUMPTION_PHYSICAL_REPRODUCTION,223,5,LATEST_ARCHIVE_REPRODUCTION,Component 07 M2_DAILY_REMITTANCE_EXPOSURE_MONITORING_CONSUMPTION latest/archive state reproduces directly from physical rows,msbf_m2.advance_portfolio_monitoring_latest; msbf_m2.advance_portfolio_monitoring_archive; pg_catalog.pg_trigger; msbf_m2.module2_contract_reproduction_snapshot,"Recalculate latest/archive row counts, row hashes, set hashes, payload parity, missing/duplicate keys, and the exact archive trigger from the physical relations; compare to the persisted reproduction snapshot.",59 latest|59 archive|0 payload/missing/duplicate mismatches|PASS trigger|exact set hashes,BLOCKING; Program 223 transaction rolls back; no positive evidence or lifecycle transition persists.,RUN_EVIDENCE_AFTER_128_OF_128_PASS_ONLY,M2_12_COMPONENT_REPRODUCTION_METHOD_SPECIFICATION.csv; accepted source/contract inventory,01_sql_normal/223_msbf_m2_12_positive_validation_128_controls_v1.sql,WP3_POSITIVE_CONTROL_DEFINITION M2_12_POS_079_COMPONENT_07_M2_DAILY_REMITTANCE_EXPOSURE_MONITORING_CONSUMPTION_PHYSICAL_REPRODUCTION,79,9378,0378f834479d854a42f710b313b13844b132bab9173bd1f65e808f92a5765bba
80,M2_12_POS_080_COMPONENT_08_M2_EARLY_WARNING_INTERVENTION_SERVICING_STRATEGY_CONSUMPTION_PHYSICAL_REPRODUCTION,223,5,LATEST_ARCHIVE_REPRODUCTION,Component 08 M2_EARLY_WARNING_INTERVENTION_SERVICING_STRATEGY_CONSUMPTION latest/archive state reproduces directly from physical rows,msbf_m2.advance_intervention_strategy_latest; msbf_m2.advance_intervention_strategy_archive; pg_catalog.pg_trigger; msbf_m2.module2_contract_reproduction_snapshot,"Recalculate latest/archive row counts, row hashes, set hashes, payload parity, missing/duplicate keys, and the exact archive trigger from the physical relations; compare to the persisted reproduction snapshot.",59 latest|59 archive|0 payload/missing/duplicate mismatches|PASS trigger|exact set hashes,BLOCKING; Program 223 transaction rolls back; no positive evidence or lifecycle transition persists.,RUN_EVIDENCE_AFTER_128_OF_128_PASS_ONLY,M2_12_COMPONENT_REPRODUCTION_METHOD_SPECIFICATION.csv; accepted source/contract inventory,01_sql_normal/223_msbf_m2_12_positive_validation_128_controls_v1.sql,WP3_POSITIVE_CONTROL_DEFINITION M2_12_POS_080_COMPONENT_08_M2_EARLY_WARNING_INTERVENTION_SERVICING_STRATEGY_CONSUMPTION_PHYSICAL_REPRODUCTION,80,9443,4c24ab9171d3a9f2095a7329f7a546818641430234048cc0cfc743550cef014d
81,M2_12_POS_081_COMPONENT_09_M2_OPERATIONAL_ACTIVATION_ACCOUNT_SETUP_CONSUMPTION_PHYSICAL_REPRODUCTION,223,5,LATEST_ARCHIVE_REPRODUCTION,Component 09 M2_OPERATIONAL_ACTIVATION_ACCOUNT_SETUP_CONSUMPTION latest/archive state reproduces directly from physical rows,msbf_m2.application_operational_activation_latest; msbf_m2.application_operational_activation_archive; pg_catalog.pg_trigger; msbf_m2.module2_contract_reproduction_snapshot,"Recalculate latest/archive row counts, row hashes, set hashes, payload parity, missing/duplicate keys, and the exact archive trigger from the physical relations; compare to the persisted reproduction snapshot.",59 latest|59 archive|0 payload/missing/duplicate mismatches|PASS trigger|exact set hashes,BLOCKING; Program 223 transaction rolls back; no positive evidence or lifecycle transition persists.,RUN_EVIDENCE_AFTER_128_OF_128_PASS_ONLY,M2_12_COMPONENT_REPRODUCTION_METHOD_SPECIFICATION.csv; accepted source/contract inventory,01_sql_normal/223_msbf_m2_12_positive_validation_128_controls_v1.sql,WP3_POSITIVE_CONTROL_DEFINITION M2_12_POS_081_COMPONENT_09_M2_OPERATIONAL_ACTIVATION_ACCOUNT_SETUP_CONSUMPTION_PHYSICAL_REPRODUCTION,81,9456,599b5c252f9848c37157f80a34671fe1296d3312bb53b2cba5044281bf72a8cb
82,M2_12_POS_082_COMPONENT_10_M2_SERVICING_EXECUTION_PAYMENT_LIFECYCLE_CONSUMPTION_PHYSICAL_REPRODUCTION,223,5,LATEST_ARCHIVE_REPRODUCTION,Component 10 M2_SERVICING_EXECUTION_PAYMENT_LIFECYCLE_CONSUMPTION latest/archive state reproduces directly from physical rows,msbf_m2.application_servicing_execution_latest; msbf_m2.application_servicing_execution_archive; pg_catalog.pg_trigger; msbf_m2.module2_contract_reproduction_snapshot,"Recalculate latest/archive row counts, row hashes, set hashes, payload parity, missing/duplicate keys, and the exact archive trigger from the physical relations; compare to the persisted reproduction snapshot.",59 latest|59 archive|0 payload/missing/duplicate mismatches|PASS trigger|exact set hashes,BLOCKING; Program 223 transaction rolls back; no positive evidence or lifecycle transition persists.,RUN_EVIDENCE_AFTER_128_OF_128_PASS_ONLY,M2_12_COMPONENT_REPRODUCTION_METHOD_SPECIFICATION.csv; accepted source/contract inventory,01_sql_normal/223_msbf_m2_12_positive_validation_128_controls_v1.sql,WP3_POSITIVE_CONTROL_DEFINITION M2_12_POS_082_COMPONENT_10_M2_SERVICING_EXECUTION_PAYMENT_LIFECYCLE_CONSUMPTION_PHYSICAL_REPRODUCTION,82,9424,db906b76ee9ccf2f80beb7d4bd7ed8d6a20e2e905817f3d3f5e81729d2bb9cf4
83,M2_12_POS_083_COMPONENT_11_M2_PAYMENT_RECONCILIATION_ACCOUNT_CERTIFICATION_CONSUMPTION_PHYSICAL_REPRODUCTION,223,5,LATEST_ARCHIVE_REPRODUCTION,Component 11 M2_PAYMENT_RECONCILIATION_ACCOUNT_CERTIFICATION_CONSUMPTION latest/archive state reproduces directly from physical rows,msbf_m2.application_payment_reconciliation_certification_latest; msbf_m2.application_payment_reconciliation_certification_archive; pg_catalog.pg_trigger; msbf_m2.module2_contract_reproduction_snapshot,"Recalculate latest/archive row counts, row hashes, set hashes, payload parity, missing/duplicate keys, and the exact archive trigger from the physical relations; compare to the persisted reproduction snapshot.",59 latest|59 archive|0 payload/missing/duplicate mismatches|PASS trigger|exact set hashes,BLOCKING; Program 223 transaction rolls back; no positive evidence or lifecycle transition persists.,RUN_EVIDENCE_AFTER_128_OF_128_PASS_ONLY,M2_12_COMPONENT_REPRODUCTION_METHOD_SPECIFICATION.csv; accepted source/contract inventory,01_sql_normal/223_msbf_m2_12_positive_validation_128_controls_v1.sql,WP3_POSITIVE_CONTROL_DEFINITION M2_12_POS_083_COMPONENT_11_M2_PAYMENT_RECONCILIATION_ACCOUNT_CERTIFICATION_CONSUMPTION_PHYSICAL_REPRODUCTION,83,9677,8c7016712311cd5070b232797bf3ae98ddb7f4af36563e7052b327285d49158d
84,M2_12_POS_084_COMPONENT_12_M2_PORTFOLIO_PERFORMANCE_KPI_SERVICING_ANALYTICS_CONSUMPTION_PHYSICAL_REPRODUCTION,223,5,LATEST_ARCHIVE_REPRODUCTION,Component 12 M2_PORTFOLIO_PERFORMANCE_KPI_SERVICING_ANALYTICS_CONSUMPTION latest/archive state reproduces directly from physical rows,msbf_m2.application_portfolio_performance_latest; msbf_m2.application_portfolio_performance_archive; pg_catalog.pg_trigger; msbf_m2.module2_contract_reproduction_snapshot,"Recalculate latest/archive row counts, row hashes, set hashes, payload parity, missing/duplicate keys, and the exact archive trigger from the physical relations; compare to the persisted reproduction snapshot.",59 latest|59 archive|0 payload/missing/duplicate mismatches|PASS trigger|exact set hashes,BLOCKING; Program 223 transaction rolls back; no positive evidence or lifecycle transition persists.,RUN_EVIDENCE_AFTER_128_OF_128_PASS_ONLY,M2_12_COMPONENT_REPRODUCTION_METHOD_SPECIFICATION.csv; accepted source/contract inventory,01_sql_normal/223_msbf_m2_12_positive_validation_128_controls_v1.sql,WP3_POSITIVE_CONTROL_DEFINITION M2_12_POS_084_COMPONENT_12_M2_PORTFOLIO_PERFORMANCE_KPI_SERVICING_ANALYTICS_CONSUMPTION_PHYSICAL_REPRODUCTION,84,9501,fe110b1e511f2529ba636143e93b746b3a1d14467c3be89792d387aa9c75066c
85,M2_12_POS_085_COMPONENT_13_M2_PORTFOLIO_OPTIMIZATION_STRATEGY_SIMULATION_CONSUMPTION_PHYSICAL_REPRODUCTION,223,5,LATEST_ARCHIVE_REPRODUCTION,Component 13 M2_PORTFOLIO_OPTIMIZATION_STRATEGY_SIMULATION_CONSUMPTION latest/archive state reproduces directly from physical rows,msbf_m2.portfolio_strategy_simulation_latest; msbf_m2.portfolio_strategy_simulation_archive; pg_catalog.pg_trigger; msbf_m2.module2_contract_reproduction_snapshot,"Recalculate latest/archive row counts, row hashes, set hashes, payload parity, missing/duplicate keys, and the exact archive trigger from the physical relations; compare to the persisted reproduction snapshot.",24 latest|24 archive|0 payload/missing/duplicate mismatches|PASS trigger|exact set hashes,BLOCKING; Program 223 transaction rolls back; no positive evidence or lifecycle transition persists.,RUN_EVIDENCE_AFTER_128_OF_128_PASS_ONLY,M2_12_COMPONENT_REPRODUCTION_METHOD_SPECIFICATION.csv; accepted source/contract inventory,01_sql_normal/223_msbf_m2_12_positive_validation_128_controls_v1.sql,WP3_POSITIVE_CONTROL_DEFINITION M2_12_POS_085_COMPONENT_13_M2_PORTFOLIO_OPTIMIZATION_STRATEGY_SIMULATION_CONSUMPTION_PHYSICAL_REPRODUCTION,85,9877,640e9476ad1f46e4a68343cd94df6f97f2431d7323d8542ea61d2e422d793d2c
86,M2_12_POS_086_NODE_01_M1_17_G2_FOUNDATION_PHYSICAL_EDGES,223,6,SOURCE_GRAPH,Node 01 M1_17_G2_FOUNDATION has its exact independently reconstructed physical source-edge set,approved source registries and target recorded-source hash fields; Program-223-owned edge reconstruction,"Compare exact ordered edge codes/hashes, one source and target row per edge, accepted gate status, and PASS edge reconciliation.",2 exact edges|0 failed edges,BLOCKING; Program 223 transaction rolls back; no positive evidence or lifecycle transition persists.,RUN_EVIDENCE_AFTER_128_OF_128_PASS_ONLY,M2_12_SOURCE_GRAPH_EDGE_CATALOG.csv; M2_12_SOURCE_EDGE_LITERAL_BRANCH_SPECIFICATION.csv,01_sql_normal/223_msbf_m2_12_positive_validation_128_controls_v1.sql,WP3_POSITIVE_CONTROL_DEFINITION M2_12_POS_086_NODE_01_M1_17_G2_FOUNDATION_PHYSICAL_EDGES,86,3127,b3dd4534f690940fd57ab1c4bac092efc14551f816ffb3467b09c7be63e622cb
87,M2_12_POS_087_NODE_02_M2_1_ELIGIBILITY_ROUTING_PHYSICAL_EDGES,223,6,SOURCE_GRAPH,Node 02 M2_1_ELIGIBILITY_ROUTING has its exact independently reconstructed physical source-edge set,approved source registries and target recorded-source hash fields; Program-223-owned edge reconstruction,"Compare exact ordered edge codes/hashes, one source and target row per edge, accepted gate status, and PASS edge reconciliation.",1 exact edges|0 failed edges,BLOCKING; Program 223 transaction rolls back; no positive evidence or lifecycle transition persists.,RUN_EVIDENCE_AFTER_128_OF_128_PASS_ONLY,M2_12_SOURCE_GRAPH_EDGE_CATALOG.csv; M2_12_SOURCE_EDGE_LITERAL_BRANCH_SPECIFICATION.csv,01_sql_normal/223_msbf_m2_12_positive_validation_128_controls_v1.sql,WP3_POSITIVE_CONTROL_DEFINITION M2_12_POS_087_NODE_02_M2_1_ELIGIBILITY_ROUTING_PHYSICAL_EDGES,87,2867,4e05180901d74eff3f671f2f1a688be18a16c512a374a0bf0b1798a52dff8c96
88,M2_12_POS_088_NODE_03_M2_2_PRICING_STRUCTURE_PHYSICAL_EDGES,223,6,SOURCE_GRAPH,Node 03 M2_2_PRICING_STRUCTURE has its exact independently reconstructed physical source-edge set,approved source registries and target recorded-source hash fields; Program-223-owned edge reconstruction,"Compare exact ordered edge codes/hashes, one source and target row per edge, accepted gate status, and PASS edge reconciliation.",2 exact edges|0 failed edges,BLOCKING; Program 223 transaction rolls back; no positive evidence or lifecycle transition persists.,RUN_EVIDENCE_AFTER_128_OF_128_PASS_ONLY,M2_12_SOURCE_GRAPH_EDGE_CATALOG.csv; M2_12_SOURCE_EDGE_LITERAL_BRANCH_SPECIFICATION.csv,01_sql_normal/223_msbf_m2_12_positive_validation_128_controls_v1.sql,WP3_POSITIVE_CONTROL_DEFINITION M2_12_POS_088_NODE_03_M2_2_PRICING_STRUCTURE_PHYSICAL_EDGES,88,3058,570edc539fa9aae33fa01cb94c444d0166641609e999dcf692b459a79a2e0be8
89,M2_12_POS_089_NODE_04_M2_3_FINAL_DECISION_PHYSICAL_EDGES,223,6,SOURCE_GRAPH,Node 04 M2_3_FINAL_DECISION has its exact independently reconstructed physical source-edge set,approved source registries and target recorded-source hash fields; Program-223-owned edge reconstruction,"Compare exact ordered edge codes/hashes, one source and target row per edge, accepted gate status, and PASS edge reconciliation.",1 exact edges|0 failed edges,BLOCKING; Program 223 transaction rolls back; no positive evidence or lifecycle transition persists.,RUN_EVIDENCE_AFTER_128_OF_128_PASS_ONLY,M2_12_SOURCE_GRAPH_EDGE_CATALOG.csv; M2_12_SOURCE_EDGE_LITERAL_BRANCH_SPECIFICATION.csv,01_sql_normal/223_msbf_m2_12_positive_validation_128_controls_v1.sql,WP3_POSITIVE_CONTROL_DEFINITION M2_12_POS_089_NODE_04_M2_3_FINAL_DECISION_PHYSICAL_EDGES,89,2839,08ef8c4cc1c23503143295d417cc97357d6fd67d0607791df8636b76a695bcbd
90,M2_12_POS_090_NODE_05_M2_4_PORTFOLIO_ACTIVATION_PHYSICAL_EDGES,223,6,SOURCE_GRAPH,Node 05 M2_4_PORTFOLIO_ACTIVATION has its exact independently reconstructed physical source-edge set,approved source registries and target recorded-source hash fields; Program-223-owned edge reconstruction,"Compare exact ordered edge codes/hashes, one source and target row per edge, accepted gate status, and PASS edge reconciliation.",1 exact edges|0 failed edges,BLOCKING; Program 223 transaction rolls back; no positive evidence or lifecycle transition persists.,RUN_EVIDENCE_AFTER_128_OF_128_PASS_ONLY,M2_12_SOURCE_GRAPH_EDGE_CATALOG.csv; M2_12_SOURCE_EDGE_LITERAL_BRANCH_SPECIFICATION.csv,01_sql_normal/223_msbf_m2_12_positive_validation_128_controls_v1.sql,WP3_POSITIVE_CONTROL_DEFINITION M2_12_POS_090_NODE_05_M2_4_PORTFOLIO_ACTIVATION_PHYSICAL_EDGES,90,2869,8ef66568f6209b4620ef0316f676e08c213d8dda60f32ffc09387d4dfa6b4d5c
91,M2_12_POS_091_NODE_06_M2_5_DAILY_MONITORING_PHYSICAL_EDGES,223,6,SOURCE_GRAPH,Node 06 M2_5_DAILY_MONITORING has its exact independently reconstructed physical source-edge set,approved source registries and target recorded-source hash fields; Program-223-owned edge reconstruction,"Compare exact ordered edge codes/hashes, one source and target row per edge, accepted gate status, and PASS edge reconciliation.",2 exact edges|0 failed edges,BLOCKING; Program 223 transaction rolls back; no positive evidence or lifecycle transition persists.,RUN_EVIDENCE_AFTER_128_OF_128_PASS_ONLY,M2_12_SOURCE_GRAPH_EDGE_CATALOG.csv; M2_12_SOURCE_EDGE_LITERAL_BRANCH_SPECIFICATION.csv,01_sql_normal/223_msbf_m2_12_positive_validation_128_controls_v1.sql,WP3_POSITIVE_CONTROL_DEFINITION M2_12_POS_091_NODE_06_M2_5_DAILY_MONITORING_PHYSICAL_EDGES,91,3056,9069251bb6ede0bde67d6dc2ebeef742e979b29a47d1d6d9585c556babe7e267
92,M2_12_POS_092_NODE_07_M2_6_INTERVENTION_STRATEGY_PHYSICAL_EDGES,223,6,SOURCE_GRAPH,Node 07 M2_6_INTERVENTION_STRATEGY has its exact independently reconstructed physical source-edge set,approved source registries and target recorded-source hash fields; Program-223-owned edge reconstruction,"Compare exact ordered edge codes/hashes, one source and target row per edge, accepted gate status, and PASS edge reconciliation.",1 exact edges|0 failed edges,BLOCKING; Program 223 transaction rolls back; no positive evidence or lifecycle transition persists.,RUN_EVIDENCE_AFTER_128_OF_128_PASS_ONLY,M2_12_SOURCE_GRAPH_EDGE_CATALOG.csv; M2_12_SOURCE_EDGE_LITERAL_BRANCH_SPECIFICATION.csv,01_sql_normal/223_msbf_m2_12_positive_validation_128_controls_v1.sql,WP3_POSITIVE_CONTROL_DEFINITION M2_12_POS_092_NODE_07_M2_6_INTERVENTION_STRATEGY_PHYSICAL_EDGES,92,2874,864d8684fec6b2d5a98b24d770ce37b31c5b221aabff6b036a145cc36a362dcc
93,M2_12_POS_093_NODE_08_M2_7_OPERATIONAL_ACTIVATION_PHYSICAL_EDGES,223,6,SOURCE_GRAPH,Node 08 M2_7_OPERATIONAL_ACTIVATION has its exact independently reconstructed physical source-edge set,approved source registries and target recorded-source hash fields; Program-223-owned edge reconstruction,"Compare exact ordered edge codes/hashes, one source and target row per edge, accepted gate status, and PASS edge reconciliation.",1 exact edges|0 failed edges,BLOCKING; Program 223 transaction rolls back; no positive evidence or lifecycle transition persists.,RUN_EVIDENCE_AFTER_128_OF_128_PASS_ONLY,M2_12_SOURCE_GRAPH_EDGE_CATALOG.csv; M2_12_SOURCE_EDGE_LITERAL_BRANCH_SPECIFICATION.csv,01_sql_normal/223_msbf_m2_12_positive_validation_128_controls_v1.sql,WP3_POSITIVE_CONTROL_DEFINITION M2_12_POS_093_NODE_08_M2_7_OPERATIONAL_ACTIVATION_PHYSICAL_EDGES,93,2879,6dbb9fd9718e937eba191180f19a610fb4bc7f3d372625e2279f5d5670dfa2c4
94,M2_12_POS_094_NODE_09_M2_8_SERVICING_EXECUTION_PHYSICAL_EDGES,223,6,SOURCE_GRAPH,Node 09 M2_8_SERVICING_EXECUTION has its exact independently reconstructed physical source-edge set,approved source registries and target recorded-source hash fields; Program-223-owned edge reconstruction,"Compare exact ordered edge codes/hashes, one source and target row per edge, accepted gate status, and PASS edge reconciliation.",1 exact edges|0 failed edges,BLOCKING; Program 223 transaction rolls back; no positive evidence or lifecycle transition persists.,RUN_EVIDENCE_AFTER_128_OF_128_PASS_ONLY,M2_12_SOURCE_GRAPH_EDGE_CATALOG.csv; M2_12_SOURCE_EDGE_LITERAL_BRANCH_SPECIFICATION.csv,01_sql_normal/223_msbf_m2_12_positive_validation_128_controls_v1.sql,WP3_POSITIVE_CONTROL_DEFINITION M2_12_POS_094_NODE_09_M2_8_SERVICING_EXECUTION_PHYSICAL_EDGES,94,2864,553ff8d64ca060d6397b7bc17a6f59603b3f1d8585afc5ef1204f06c32aaaab3
95,M2_12_POS_095_NODE_10_M2_9_RECONCILIATION_CERTIFICATION_PHYSICAL_EDGES,223,6,SOURCE_GRAPH,Node 10 M2_9_RECONCILIATION_CERTIFICATION has its exact independently reconstructed physical source-edge set,approved source registries and target recorded-source hash fields; Program-223-owned edge reconstruction,"Compare exact ordered edge codes/hashes, one source and target row per edge, accepted gate status, and PASS edge reconciliation.",1 exact edges|0 failed edges,BLOCKING; Program 223 transaction rolls back; no positive evidence or lifecycle transition persists.,RUN_EVIDENCE_AFTER_128_OF_128_PASS_ONLY,M2_12_SOURCE_GRAPH_EDGE_CATALOG.csv; M2_12_SOURCE_EDGE_LITERAL_BRANCH_SPECIFICATION.csv,01_sql_normal/223_msbf_m2_12_positive_validation_128_controls_v1.sql,WP3_POSITIVE_CONTROL_DEFINITION M2_12_POS_095_NODE_10_M2_9_RECONCILIATION_CERTIFICATION_PHYSICAL_EDGES,95,2909,d804939340b437e9753b3cf679bd8cabf717c2fde90ff0077ee3f49c2faa229c
96,M2_12_POS_096_NODE_11_M2_10_PORTFOLIO_ANALYTICS_PHYSICAL_EDGES,223,6,SOURCE_GRAPH,Node 11 M2_10_PORTFOLIO_ANALYTICS has its exact independently reconstructed physical source-edge set,approved source registries and target recorded-source hash fields; Program-223-owned edge reconstruction,"Compare exact ordered edge codes/hashes, one source and target row per edge, accepted gate status, and PASS edge reconciliation.",1 exact edges|0 failed edges,BLOCKING; Program 223 transaction rolls back; no positive evidence or lifecycle transition persists.,RUN_EVIDENCE_AFTER_128_OF_128_PASS_ONLY,M2_12_SOURCE_GRAPH_EDGE_CATALOG.csv; M2_12_SOURCE_EDGE_LITERAL_BRANCH_SPECIFICATION.csv,01_sql_normal/223_msbf_m2_12_positive_validation_128_controls_v1.sql,WP3_POSITIVE_CONTROL_DEFINITION M2_12_POS_096_NODE_11_M2_10_PORTFOLIO_ANALYTICS_PHYSICAL_EDGES,96,2872,6e05cf89b4a2e315ea341403facb2e1ca6a68ec77e4e6832768dc6eb7013d829
97,M2_12_POS_097_NODE_12_M2_11_STRATEGY_SIMULATION_PHYSICAL_EDGES,223,6,SOURCE_GRAPH,Node 12 M2_11_STRATEGY_SIMULATION has its exact independently reconstructed physical source-edge set,approved source registries and target recorded-source hash fields; Program-223-owned edge reconstruction,"Compare exact ordered edge codes/hashes, one source and target row per edge, accepted gate status, and PASS edge reconciliation.",5 exact edges|0 failed edges,BLOCKING; Program 223 transaction rolls back; no positive evidence or lifecycle transition persists.,RUN_EVIDENCE_AFTER_128_OF_128_PASS_ONLY,M2_12_SOURCE_GRAPH_EDGE_CATALOG.csv; M2_12_SOURCE_EDGE_LITERAL_BRANCH_SPECIFICATION.csv,01_sql_normal/223_msbf_m2_12_positive_validation_128_controls_v1.sql,WP3_POSITIVE_CONTROL_DEFINITION M2_12_POS_097_NODE_12_M2_11_STRATEGY_SIMULATION_PHYSICAL_EDGES,97,3490,567ba24a5752d599576ac5e2df62119ee32f0ef63b81fbdd4e4e460dbbedd374
98,M2_12_POS_098_APPLICATION_VIEW_GRAIN,223,7,CONSUMPTION_INTERFACES,"Application-origination consumption preserves the exact 1,500-row business grain",msbf_m2.v_m2_12_application_origination_consumption,Count rows and distinct module1_run_id + scenario_id + merchant_application_id keys for the governed run.,1500 rows|1500 distinct keys|0 duplicate keys,BLOCKING; Program 223 transaction rolls back; no positive evidence or lifecycle transition persists.,RUN_EVIDENCE_AFTER_128_OF_128_PASS_ONLY,M2_12_CONSUMPTION_VIEW_JOIN_PLAN.csv; expected results consumption interfaces,01_sql_normal/223_msbf_m2_12_positive_validation_128_controls_v1.sql,WP3_POSITIVE_CONTROL_DEFINITION M2_12_POS_098_APPLICATION_VIEW_GRAIN,98,1674,07994c7e41ce92967d703d93cf28ee40c68123cc74906ecd0d5af773218a5ea8
99,M2_12_POS_099_APPLICATION_VIEW_BASE_PARITY,223,7,CONSUMPTION_INTERFACES,Application-origination consumption has exact key parity with accepted M1.17 integrated consumption,msbf_m2.v_m2_12_application_origination_consumption; msbf_m1.v_m1_17_g2_integrated_consumption,"Full-join the two business-key sets and require no missing, extra, or duplicate keys.",1500 base|1500 view|0 missing|0 extra|0 duplicates,BLOCKING; Program 223 transaction rolls back; no positive evidence or lifecycle transition persists.,RUN_EVIDENCE_AFTER_128_OF_128_PASS_ONLY,M2_12_CONSUMPTION_VIEW_JOIN_PLAN.csv application base plan,01_sql_normal/223_msbf_m2_12_positive_validation_128_controls_v1.sql,WP3_POSITIVE_CONTROL_DEFINITION M2_12_POS_099_APPLICATION_VIEW_BASE_PARITY,99,2742,3b5d1231d5e78bf3fbe73cb7d1c86fadac9d2291a42107540afce2253191cecc
100,M2_12_POS_100_OPERATIONAL_VIEW_GRAIN,223,7,CONSUMPTION_INTERFACES,Operational-account consumption preserves the exact 59-row account/advance grain,msbf_m2.v_m2_12_operational_account_consumption,Count rows and distinct complete account/advance business keys.,59 rows|59 distinct keys|0 duplicate keys,BLOCKING; Program 223 transaction rolls back; no positive evidence or lifecycle transition persists.,RUN_EVIDENCE_AFTER_128_OF_128_PASS_ONLY,M2_12_CONSUMPTION_VIEW_JOIN_PLAN.csv operational base plan,01_sql_normal/223_msbf_m2_12_positive_validation_128_controls_v1.sql,WP3_POSITIVE_CONTROL_DEFINITION M2_12_POS_100_OPERATIONAL_VIEW_GRAIN,100,1829,3d7063e2b60975268af5974c6daa29015be55fb3c4e646619a4ccf234aa83083
101,M2_12_POS_101_OPERATIONAL_VIEW_LINEAGE_COMPLETENESS,223,7,CONSUMPTION_INTERFACES,Operational-account consumption has complete M2.4 through M2.10 contract lineage and no production-action flags,msbf_m2.v_m2_12_operational_account_consumption,"Require every operational row to retain all seven stage contract hashes and prohibit real funds, notices, and adverse-action flags.",59 complete lineage rows|0 production-boundary violations,BLOCKING; Program 223 transaction rolls back; no positive evidence or lifecycle transition persists.,RUN_EVIDENCE_AFTER_128_OF_128_PASS_ONLY,M2_12_CONSUMPTION_VIEW_JOIN_PLAN.csv; non-production boundary,01_sql_normal/223_msbf_m2_12_positive_validation_128_controls_v1.sql,WP3_POSITIVE_CONTROL_DEFINITION M2_12_POS_101_OPERATIONAL_VIEW_LINEAGE_COMPLETENESS,101,3496,bc7c1920947709937b0457839853f9d8f99dd2bf4aa7aa04606baaa2b3b368cf
102,M2_12_POS_102_STRATEGY_VIEW_GRAIN,223,7,CONSUMPTION_INTERFACES,Strategy-scope consumption preserves the exact eight-strategy by three-scope grain,msbf_m2.v_m2_12_strategy_scope_consumption,"Count exact rows, strategies, scopes, and distinct strategy/scope keys.",24 rows|8 strategies|3 scopes|24 distinct keys,BLOCKING; Program 223 transaction rolls back; no positive evidence or lifecycle transition persists.,RUN_EVIDENCE_AFTER_128_OF_128_PASS_ONLY,M2_12_CONSUMPTION_VIEW_JOIN_PLAN.csv strategy base plan,01_sql_normal/223_msbf_m2_12_positive_validation_128_controls_v1.sql,WP3_POSITIVE_CONTROL_DEFINITION M2_12_POS_102_STRATEGY_VIEW_GRAIN,102,1794,c814f04fe7d77bf07f6f7ee6a802a39459d5284be043a5572650640a53f9b43f
103,M2_12_POS_103_STRATEGY_VIEW_G3_LINKAGE,223,7,CONSUMPTION_INTERFACES,All strategy-scope rows link to the exact generated G3 bundle with deployment and Module 3 prohibited,msbf_m2.v_m2_12_strategy_scope_consumption; msbf_ctl.m2_12_g3_bundle_registry,Require non-null exact G3 identity/hashes on all 24 rows and false deployment/Module-3 flags.,24 exact G3 links|0 boundary violations,BLOCKING; Program 223 transaction rolls back; no positive evidence or lifecycle transition persists.,RUN_EVIDENCE_AFTER_128_OF_128_PASS_ONLY,M2_12 view mapping; G3 boundary DDL,01_sql_normal/223_msbf_m2_12_positive_validation_128_controls_v1.sql,WP3_POSITIVE_CONTROL_DEFINITION M2_12_POS_103_STRATEGY_VIEW_G3_LINKAGE,103,3243,bbd663aae27466435a99be1c6cfa68a105e44ef3638dd96ea10055ad1b2ececd
104,M2_12_POS_104_STAGE_LINEAGE_VIEW,223,7,CONSUMPTION_INTERFACES,Stage-lineage interface exposes exactly 12 PASS source nodes without multiplication,msbf_ctl.v_m2_12_stage_lineage,"Require 12 distinct node/stage keys, all stage certifications PASS, and exact generated G3 linkage.",12 rows|12 keys|12 PASS|12 G3 links,BLOCKING; Program 223 transaction rolls back; no positive evidence or lifecycle transition persists.,RUN_EVIDENCE_AFTER_128_OF_128_PASS_ONLY,M2_12_CONSUMPTION_VIEW_JOIN_PLAN.csv stage lineage,01_sql_normal/223_msbf_m2_12_positive_validation_128_controls_v1.sql,WP3_POSITIVE_CONTROL_DEFINITION M2_12_POS_104_STAGE_LINEAGE_VIEW,104,2141,1c280f0bd9ef3f1de4de21a84a062810bb35e7724cae73214dea23d6b7237e60
105,M2_12_POS_105_COMPONENT_LINEAGE_VIEW,223,7,CONSUMPTION_INTERFACES,Component-contract lineage interface exposes exactly 13 PASS components without multiplication,msbf_ctl.v_m2_12_component_contract_lineage,"Require 13 distinct component/version keys, all PASS, exact latest/archive counts, and generated G3 linkage.",13 rows|13 keys|13 PASS|13 exact counts|13 G3 links,BLOCKING; Program 223 transaction rolls back; no positive evidence or lifecycle transition persists.,RUN_EVIDENCE_AFTER_128_OF_128_PASS_ONLY,M2_12_CONSUMPTION_VIEW_JOIN_PLAN.csv component lineage,01_sql_normal/223_msbf_m2_12_positive_validation_128_controls_v1.sql,WP3_POSITIVE_CONTROL_DEFINITION M2_12_POS_105_COMPONENT_LINEAGE_VIEW,105,2656,5d190fd96d80af70153030e37cd4bb1533fac4d2ab68458d543687d756201baf
106,M2_12_POS_106_G3_LINEAGE_VIEW,223,7,CONSUMPTION_INTERFACES,"G3-lineage interface exposes one exact generated, non-production contract row",msbf_ctl.v_m2_12_g3_lineage,"Require one row, exact identity/counts, all pass flags, generated lifecycle, and all authorization flags false.",1 generated G3 row|134 entities|all pass|all authorizations false,BLOCKING; Program 223 transaction rolls back; no positive evidence or lifecycle transition persists.,RUN_EVIDENCE_AFTER_128_OF_128_PASS_ONLY,M2_12_CONSUMPTION_VIEW_JOIN_PLAN.csv G3 lineage; non-production boundary,01_sql_normal/223_msbf_m2_12_positive_validation_128_controls_v1.sql,WP3_POSITIVE_CONTROL_DEFINITION M2_12_POS_106_G3_LINEAGE_VIEW,106,3694,03ab49ccc4dfbf4583218e803b4db7acb6fa51aaeb667171a6ad0b2d662a7c80
107,M2_12_POS_107_POWER_BI_VIEW_PARITY,223,7,CONSUMPTION_INTERFACES,Power BI enterprise portfolio view has exact key and contract-row parity with strategy-scope consumption,msbf_m2.v_m2_12_power_bi_enterprise_portfolio; msbf_m2.v_m2_12_strategy_scope_consumption,Full-join the two 24-row views by run/strategy/scope and compare source contract row hashes.,24 strategy rows|24 BI rows|0 missing|0 extra|0 hash mismatches,BLOCKING; Program 223 transaction rolls back; no positive evidence or lifecycle transition persists.,RUN_EVIDENCE_AFTER_128_OF_128_PASS_ONLY,Program 220 view DDL; consumption mapping,01_sql_normal/223_msbf_m2_12_positive_validation_128_controls_v1.sql,WP3_POSITIVE_CONTROL_DEFINITION M2_12_POS_107_POWER_BI_VIEW_PARITY,107,2568,2ceb882c3579281cd4d815bfdc0145497dc2bac6343a00e8b5fed26cb42080a4
108,M2_12_POS_108_VIEW_CATALOG_SCHEMA,223,7,CONSUMPTION_INTERFACES,All seven M2.12 consumption/lineage views exist with the exact frozen column counts,pg_catalog.pg_class; pg_catalog.pg_namespace; pg_catalog.pg_attribute,Count exact ordinary view objects and non-dropped user columns per view.,"7 views|845 total columns|223,272,102,34,49,63,102",BLOCKING; Program 223 transaction rolls back; no positive evidence or lifecycle transition persists.,RUN_EVIDENCE_AFTER_128_OF_128_PASS_ONLY,M2_12_PROGRAM_220_LITERAL_DDL_STATEMENT_CATALOG.csv; R9 catalog-native postflight authority,01_sql_normal/223_msbf_m2_12_positive_validation_128_controls_v1.sql,WP3_POSITIVE_CONTROL_DEFINITION M2_12_POS_108_VIEW_CATALOG_SCHEMA,108,2442,fad3eb129ee0168f5005ab1815f62e10a59b92f9a47a227b13e957b525b11fda
109,M2_12_POS_109_ALL_INTERFACE_CARDINALITIES_AND_RUN_SCOPE,223,7,CONSUMPTION_INTERFACES,All six primary consumption/lineage interfaces have exact cardinalities and are scoped only to the governed run,all M2.12 consumption and lineage views,Aggregate exact row counts and require exactly one distinct governed run in each interface.,1500|59|24|12|13|1 rows and one governed run each,BLOCKING; Program 223 transaction rolls back; no positive evidence or lifecycle transition persists.,RUN_EVIDENCE_AFTER_128_OF_128_PASS_ONLY,M2_12_EXPECTED_RESULTS.json consumption_interfaces,01_sql_normal/223_msbf_m2_12_positive_validation_128_controls_v1.sql,WP3_POSITIVE_CONTROL_DEFINITION M2_12_POS_109_ALL_INTERFACE_CARDINALITIES_AND_RUN_SCOPE,109,3174,2379c980d8620e761d7da81ca6094af190874d7bc326b70d12638467bc52a2f7
110,M2_12_POS_110_ACCEPTED_M2_11_REGISTRY_ANCHORS,223,8,M2_11_BOUNDARY,Physical accepted M2.11 registry anchors match the copied M2.12 component and G3 source identities,msbf_ctl.m2_11_portfolio_strategy_contract_registry; msbf_m2.module2_contract_component_snapshot; msbf_ctl.m2_12_g3_bundle_registry,"Compare accepted M2.11 registry row, contract/combined/set hashes, and row hash to both persisted M2.12 copies.",one accepted M2.11 registry|all copied anchors exact,BLOCKING; Program 223 transaction rolls back; no positive evidence or lifecycle transition persists.,RUN_EVIDENCE_AFTER_128_OF_128_PASS_ONLY,Accepted M2.11 baseline; accepted source and contract inventory,01_sql_normal/223_msbf_m2_12_positive_validation_128_controls_v1.sql,WP3_POSITIVE_CONTROL_DEFINITION M2_12_POS_110_ACCEPTED_M2_11_REGISTRY_ANCHORS,110,3510,f51e803bfea733df23a2c6c956ddd223fdb376caa7f11fefe16c34c4c237f936
111,M2_12_POS_111_STRATEGY_SCOPE_EXACT_DISTRIBUTION,223,8,M2_11_BOUNDARY,"M2.11 strategy scope is exactly 24 rows, eight strategies, and three reporting scopes",msbf_m2.portfolio_strategy_simulation_latest,"Count rows, strategies, scopes, and duplicate business keys directly from persisted M2.11 latest.",24|8|3|0 duplicate keys,BLOCKING; Program 223 transaction rolls back; no positive evidence or lifecycle transition persists.,RUN_EVIDENCE_AFTER_128_OF_128_PASS_ONLY,Accepted M2.11 contract; strategy-scope consumption design,01_sql_normal/223_msbf_m2_12_positive_validation_128_controls_v1.sql,WP3_POSITIVE_CONTROL_DEFINITION M2_12_POS_111_STRATEGY_SCOPE_EXACT_DISTRIBUTION,111,1811,16b1ce7f9071de5966631e677b47f6466200bfe88a7b28eb389f3252fe2ab06b
112,M2_12_POS_112_PRIMARY_GOVERNANCE_REVIEW_EXACT,223,8,M2_11_BOUNDARY,The three M2.11 primary governance-review selections are exact and are not deployment decisions,msbf_m2.portfolio_strategy_simulation_latest,Compare exact scope-to-strategy pairs for the three primary governance-review rows.,BASELINE=BALANCED_FRONTIER|RECESSION_ENERGY=PRICE_FOR_RISK|PORTFOLIO=PRICE_FOR_RISK,BLOCKING; Program 223 transaction rolls back; no positive evidence or lifecycle transition persists.,RUN_EVIDENCE_AFTER_128_OF_128_PASS_ONLY,Accepted M2.11 expected results; capability boundary,01_sql_normal/223_msbf_m2_12_positive_validation_128_controls_v1.sql,WP3_POSITIVE_CONTROL_DEFINITION M2_12_POS_112_PRIMARY_GOVERNANCE_REVIEW_EXACT,112,2184,0d6549f4ed260e0fdb582170d0c211b6aa0f71ddc691164ff6a2ff3e6a57956f
113,M2_12_POS_113_FRONTIER_COUNTS_EXACT,223,8,M2_11_BOUNDARY,"M2.11 frontier eligibility, non-dominance, and rank-one counts are exact",msbf_m2.portfolio_strategy_simulation_latest,Aggregate frozen frontier flags and ranks across the 24 persisted strategy-scope rows.,18 eligible|16 non-dominated|16 rank-one,BLOCKING; Program 223 transaction rolls back; no positive evidence or lifecycle transition persists.,RUN_EVIDENCE_AFTER_128_OF_128_PASS_ONLY,Accepted M2.11 expected results,01_sql_normal/223_msbf_m2_12_positive_validation_128_controls_v1.sql,WP3_POSITIVE_CONTROL_DEFINITION M2_12_POS_113_FRONTIER_COUNTS_EXACT,113,1768,d38151902596a5f42b871ea9e96fd7e0f33bba9af1b6454a0db7f247d2be2fb5
114,M2_12_POS_114_STRESS_AND_IMPROVEMENT_GUARDS,223,8,M2_11_BOUNDARY,"All M2.11 hard-constraint, source-improvement, strategy-improvement, and stress guard violations are zero",msbf_m2.portfolio_strategy_simulation_latest,Sum all persisted violation-count fields and require every strategy evidence row PASS.,0 total violations|24 PASS evidence|24 stress nonimprovement PASS,BLOCKING; Program 223 transaction rolls back; no positive evidence or lifecycle transition persists.,RUN_EVIDENCE_AFTER_128_OF_128_PASS_ONLY,Accepted M2.11 strategy contract,01_sql_normal/223_msbf_m2_12_positive_validation_128_controls_v1.sql,WP3_POSITIVE_CONTROL_DEFINITION M2_12_POS_114_STRESS_AND_IMPROVEMENT_GUARDS,114,3126,2d95d70e66b97f8ad83b982475c4da51232dfbe28f5019f55692082a40fba886
115,M2_12_POS_115_GOVERNANCE_ONLY_NO_DEPLOYMENT,223,8,M2_11_BOUNDARY,M2.11 strategy evidence remains governance-review-only with deployment and Module 3 prohibited,msbf_m2.v_m2_12_strategy_scope_consumption; msbf_ctl.m2_12_g3_bundle_latest,"Require three primary governance rows, no deployment/Module-3 authorization, and no production capability claim.",3 primary governance rows|0 deployment|0 Module3,BLOCKING; Program 223 transaction rolls back; no positive evidence or lifecycle transition persists.,RUN_EVIDENCE_AFTER_128_OF_128_PASS_ONLY,Capability catalog; M2.12 non-production boundary,01_sql_normal/223_msbf_m2_12_positive_validation_128_controls_v1.sql,WP3_POSITIVE_CONTROL_DEFINITION M2_12_POS_115_GOVERNANCE_ONLY_NO_DEPLOYMENT,115,1915,7a69a218151017e67aa18359e0a9edd90a37f0f7b058d7c2df0ba65b51093770
116,M2_12_POS_116_FIVE_DIRECT_SOURCE_EDGES,223,8,M2_11_BOUNDARY,All five M2.11 direct-source edges reconcile exactly and independently,Program-223-owned physical source-edge reconstruction,"Require the exact five M2.11 target edges, all PASS, with no source or target hash mismatch.",5 exact direct-source edges|0 failures,BLOCKING; Program 223 transaction rolls back; no positive evidence or lifecycle transition persists.,RUN_EVIDENCE_AFTER_128_OF_128_PASS_ONLY,M2_12_SOURCE_GRAPH_EDGE_CATALOG.csv M2.11 target edges,01_sql_normal/223_msbf_m2_12_positive_validation_128_controls_v1.sql,WP3_POSITIVE_CONTROL_DEFINITION M2_12_POS_116_FIVE_DIRECT_SOURCE_EDGES,116,2096,b5a9532bde257f617361af157d66adaf5fca5a1fac2b9275dcc274991f2d2c42
117,M2_12_POS_117_CAPABILITY_CATALOG_EXACT,223,9,CAPABILITY_AND_NONPRODUCTION,All 20 persisted capability rows match the frozen R4 catalog exactly,msbf_m2.module2_capability_coverage_snapshot; frozen R4 capability catalog,Full-join authority and persisted rows; compare every business field and independently reconstruct each row hash.,20 authority rows|20 persisted rows|0 mismatches,BLOCKING; Program 223 transaction rolls back; no positive evidence or lifecycle transition persists.,RUN_EVIDENCE_AFTER_128_OF_128_PASS_ONLY,M2_12_CAPABILITY_COVERAGE_CATALOG.csv R4,01_sql_normal/223_msbf_m2_12_positive_validation_128_controls_v1.sql,WP3_POSITIVE_CONTROL_DEFINITION M2_12_POS_117_CAPABILITY_CATALOG_EXACT,117,2469,de285ec39dca829a40aa4a11c7276498b01f96cfc72e14931795f9d1d55959a0
118,M2_12_POS_118_CAPABILITY_STATUS_DISTRIBUTION,223,9,CAPABILITY_AND_NONPRODUCTION,"Capability status distribution is exact across implemented, deferred, prohibited, and unsupported classes",msbf_m2.module2_capability_coverage_snapshot,Aggregate persisted rows by status and full-join to the frozen status distribution.,DEFERRED_NOT_CERTIFIED=2|DEFERRED_NOT_IMPLEMENTED=3|IMPLEMENTED_BOUNDED_RECOMMENDATION=1|IMPLEMENTED_BOUNDED_SYNTHETIC=4|IMPLEMENTED_CERTIFIED=3|IMPLEMENTED_CERTIFIED_ANALYTICS=1|IMPLEMENTED_CERTIFIED_COMPARATIVE=1|IMPLEMENTED_CERTIFIED_SYNTHETIC=2|NOT_SUPPORTED_NOT_AUTHORIZED=1|PROHIBITED_NOT_AUTHORIZED=2,BLOCKING; Program 223 transaction rolls back; no positive evidence or lifecycle transition persists.,RUN_EVIDENCE_AFTER_128_OF_128_PASS_ONLY,M2_12_CAPABILITY_COVERAGE_CATALOG.csv,01_sql_normal/223_msbf_m2_12_positive_validation_128_controls_v1.sql,WP3_POSITIVE_CONTROL_DEFINITION M2_12_POS_118_CAPABILITY_STATUS_DISTRIBUTION,118,2569,817430b5b0e9854670eeaed52cd1d29cf1331a041a952914fe13ed6275342cbb
119,M2_12_POS_119_IMPLEMENTED_CAPABILITIES_STAGE_BOUND,223,9,CAPABILITY_AND_NONPRODUCTION,The 12 implemented capabilities are bound to their exact certifying stages,msbf_m2.module2_capability_coverage_snapshot; msbf_m2.module2_stage_certification_snapshot,"Require sequences 1-12 to have IMPLEMENTED status, a real certifying stage, and one matching PASS stage row.",12 implemented|12 stage-bound|0 missing PASS stages,BLOCKING; Program 223 transaction rolls back; no positive evidence or lifecycle transition persists.,RUN_EVIDENCE_AFTER_128_OF_128_PASS_ONLY,M2_12_CAPABILITY_COVERAGE_CATALOG.csv; stage certification snapshot,01_sql_normal/223_msbf_m2_12_positive_validation_128_controls_v1.sql,WP3_POSITIVE_CONTROL_DEFINITION M2_12_POS_119_IMPLEMENTED_CAPABILITIES_STAGE_BOUND,119,2540,356e0d8993b9421baf93b4022ee08dde05a7f0fa2501f30600c2a2641b4483a5
120,M2_12_POS_120_DEFERRED_PROHIBITED_CAPABILITIES_EXACT,223,9,CAPABILITY_AND_NONPRODUCTION,"Capabilities 13-20 remain explicitly deferred, prohibited, or unsupported and have no certifying stage",msbf_m2.module2_capability_coverage_snapshot,"Require exact eight-row tail, no IMPLEMENTED status, certifying stage NONE, and explicit claim boundaries.",8 bounded tail rows|0 implemented|8 stage NONE|8 nonblank boundaries,BLOCKING; Program 223 transaction rolls back; no positive evidence or lifecycle transition persists.,RUN_EVIDENCE_AFTER_128_OF_128_PASS_ONLY,M2_12_CAPABILITY_COVERAGE_CATALOG.csv,01_sql_normal/223_msbf_m2_12_positive_validation_128_controls_v1.sql,WP3_POSITIVE_CONTROL_DEFINITION M2_12_POS_120_DEFERRED_PROHIBITED_CAPABILITIES_EXACT,120,2076,c3bb2943011c0452d2e7b9718d745731e3ba35a03e1c35051fb5599f805a7e2c
121,M2_12_POS_121_CAPABILITY_FLAGS_ALL_FALSE,223,9,CAPABILITY_AND_NONPRODUCTION,Every capability row has production-action and legal/regulatory certification flags false,msbf_m2.module2_capability_coverage_snapshot,Count true flags across all 20 rows and require none.,20 rows|0 production flags|0 legal flags,BLOCKING; Program 223 transaction rolls back; no positive evidence or lifecycle transition persists.,RUN_EVIDENCE_AFTER_128_OF_128_PASS_ONLY,Capability physical constraint ck_m212_capability_boundary,01_sql_normal/223_msbf_m2_12_positive_validation_128_controls_v1.sql,WP3_POSITIVE_CONTROL_DEFINITION M2_12_POS_121_CAPABILITY_FLAGS_ALL_FALSE,121,1753,55520c59aad4dfa1404378fe483cb0824bcfb015cb0b6f18dfb370758a7bffb0
122,M2_12_POS_122_POLICY_LATEST_REGISTRY_BOUNDARY_COHERENCE,223,9,CAPABILITY_AND_NONPRODUCTION,"Policy, G3 latest, and G3 registry carry the same exact non-production boundary",msbf_ctl.m2_12_policy_profile; msbf_ctl.m2_12_g3_bundle_latest; msbf_ctl.m2_12_g3_bundle_registry,Union the three boundary-bearing rows and require all synthetic/no-PII/certification flags true and every authorization flag false.,3 boundary rows|3 synthetic/no-PII/certification|0 authorization flags,BLOCKING; Program 223 transaction rolls back; no positive evidence or lifecycle transition persists.,RUN_EVIDENCE_AFTER_128_OF_128_PASS_ONLY,Policy/latest/registry boundary constraints; WP3 stop boundary,01_sql_normal/223_msbf_m2_12_positive_validation_128_controls_v1.sql,WP3_POSITIVE_CONTROL_DEFINITION M2_12_POS_122_POLICY_LATEST_REGISTRY_BOUNDARY_COHERENCE,122,4029,4b9721e614b00509a4d690c6f1b167b3445dee5b25433964c437cb5ccacdf7d3
123,M2_12_POS_123_NINE_FAMILY_COUNTS_AND_ROW_HASHES,223,10,CANONICAL_AND_G3_HASHES,All nine canonical families contain exactly 134 entities with zero row-hash mismatch,all nine M2.12 canonical families; Program-223-owned hash reconstruction,Use the independently reconstructed physical reconciliation row for family counts and row hashes.,9 families|134 entities|0 family count mismatch|0 row hash mismatch,BLOCKING; Program 223 transaction rolls back; no positive evidence or lifecycle transition persists.,RUN_EVIDENCE_AFTER_128_OF_128_PASS_ONLY,M2_12_HASH_PREIMAGE_AND_SEQUENCE_SPECIFICATION.csv; Program 222 phase-9 reconstruction authority,01_sql_normal/223_msbf_m2_12_positive_validation_128_controls_v1.sql,WP3_POSITIVE_CONTROL_DEFINITION M2_12_POS_123_NINE_FAMILY_COUNTS_AND_ROW_HASHES,123,1512,fc950d2a61831583eb42323c2ca9a4d0564a7284aea773c88c59f537452b12f7
124,M2_12_POS_124_NINE_FAMILY_SET_HASHES,223,10,CANONICAL_AND_G3_HASHES,All nine canonical family set hashes reconstruct with zero mismatch,all nine canonical families; msbf_ctl.m2_12_g3_bundle_registry,Recalculate ordered family set hashes from row hashes and compare to registry values.,0 set-hash mismatches,BLOCKING; Program 223 transaction rolls back; no positive evidence or lifecycle transition persists.,RUN_EVIDENCE_AFTER_128_OF_128_PASS_ONLY,M2_12_ORDERED_HASH_SPECIFICATION.md; hash dependency DAG,01_sql_normal/223_msbf_m2_12_positive_validation_128_controls_v1.sql,WP3_POSITIVE_CONTROL_DEFINITION M2_12_POS_124_NINE_FAMILY_SET_HASHES,124,1142,ec01868e423c157359f30b5ec44e7b682f99d63656283cd7d371fb4fbc863cf0
125,M2_12_POS_125_CONTRACT_AND_COMBINED_HASH_CHAIN,223,10,CANONICAL_AND_G3_HASHES,G3 contract-set and 134-entity combined hashes reconstruct with zero mismatch,msbf_ctl.m2_12_g3_bundle_registry; all nine canonical families,Recalculate contract-set and combined hashes in frozen dependency order.,0 contract mismatches|0 combined mismatches,BLOCKING; Program 223 transaction rolls back; no positive evidence or lifecycle transition persists.,RUN_EVIDENCE_AFTER_128_OF_128_PASS_ONLY,M2_12_HASH_DEPENDENCY_DAG.csv; ordered hash specification,01_sql_normal/223_msbf_m2_12_positive_validation_128_controls_v1.sql,WP3_POSITIVE_CONTROL_DEFINITION M2_12_POS_125_CONTRACT_AND_COMBINED_HASH_CHAIN,125,1312,4e862bb62a4416e42adae805c141823e8088ff458f0bec275e3d9ed23814d491
126,M2_12_POS_126_ACCEPTED_SOURCE_HASH_CHAIN,223,10,CANONICAL_AND_G3_HASHES,"Accepted M2.11 project and registry hashes are identical across policy, G3 latest, G3 registry, and physical M2.11 source",policy; G3 latest; G3 registry; accepted M2.11 registry,Compare every copied accepted source hash to the physical accepted M2.11 source and approved project ZIP SHA-256.,one coherent accepted-source hash chain,BLOCKING; Program 223 transaction rolls back; no positive evidence or lifecycle transition persists.,RUN_EVIDENCE_AFTER_128_OF_128_PASS_ONLY,Accepted M2.11 full-project ZIP; M2.12 accepted-source inventory,01_sql_normal/223_msbf_m2_12_positive_validation_128_controls_v1.sql,WP3_POSITIVE_CONTROL_DEFINITION M2_12_POS_126_ACCEPTED_SOURCE_HASH_CHAIN,126,4218,2d2359dff3b201d9522a8bf2ee895e5e81cd7c6d28683dba043e0be1661dc750
127,M2_12_POS_127_OWNED_SEQUENCE_STATES,223,10,CANONICAL_AND_G3_HASHES,All three M2.12-owned identity sequences remain exactly at last_value 1 and is_called true,three M2.12-owned sequences,Read last_value and is_called directly from each owned sequence.,"1|true for policy, archive, and registry sequences",BLOCKING; Program 223 transaction rolls back; no positive evidence or lifecycle transition persists.,RUN_EVIDENCE_AFTER_128_OF_128_PASS_ONLY,M2_12_HASH_PREIMAGE_AND_SEQUENCE_SPECIFICATION.csv,01_sql_normal/223_msbf_m2_12_positive_validation_128_controls_v1.sql,WP3_POSITIVE_CONTROL_DEFINITION M2_12_POS_127_OWNED_SEQUENCE_STATES,127,1604,25f0300f2b900c19d980a1e3fcd2a71335a3a7af3842a45d755ab55d970e7fe6
128,M2_12_POS_128_FULL_RECONCILIATION_AND_GENERATION_EVIDENCE,223,10,CANONICAL_AND_G3_HASHES,Full deterministic reconstruction has zero mismatch and the exact 24 generation-evidence rows remain PASS,Program-223-owned physical reconciliation; msbf_ctl.run_evidence,Require the one reconstruction row total_mismatch_count zero and exact 24 generation evidence codes/statuses with no extras.,1 reconciliation PASS|0 mismatches|24 exact generation PASS,BLOCKING; Program 223 transaction rolls back; no positive evidence or lifecycle transition persists.,RUN_EVIDENCE_AFTER_128_OF_128_PASS_ONLY,Program 222 generation evidence; phase-9 reconstruction authority,01_sql_normal/223_msbf_m2_12_positive_validation_128_controls_v1.sql,WP3_POSITIVE_CONTROL_DEFINITION M2_12_POS_128_FULL_RECONCILIATION_AND_GENERATION_EVIDENCE,128,31869,b1551309608aacf291726044a78f0509a658b1f8a68ba21aec8238df38e80037
