control_id,area,subject,observed,expected,original_status,original_severity_if_fail,final_status,final_severity,physical_evidence,original_notes,governance_disposition,reconciliation_authority
PKG-001,PACKAGE,ZIP SHA-256,d8fb5d749838a4c60f590766856d3faa472a4555670e8797cdb0ae683df9bffa,d8fb5d749838a4c60f590766856d3faa472a4555670e8797cdb0ae683df9bffa,PASS,BLOCKER,PASS,BLOCKER,M2_12_LIVE_EXECUTION_INDEPENDENT_AUDIT_SUBMISSION_R2(1).zip,,Original independently recalculated control result retained.,
PKG-002,PACKAGE,ZIP byte size,3420690,3420690,PASS,BLOCKER,PASS,BLOCKER,M2_12_LIVE_EXECUTION_INDEPENDENT_AUDIT_SUBMISSION_R2(1).zip,,Original independently recalculated control result retained.,
PKG-003,PACKAGE,External sidecar hash,d8fb5d749838a4c60f590766856d3faa472a4555670e8797cdb0ae683df9bffa,d8fb5d749838a4c60f590766856d3faa472a4555670e8797cdb0ae683df9bffa,PASS,BLOCKER,PASS,BLOCKER,M2_12_LIVE_EXECUTION_INDEPENDENT_AUDIT_SUBMISSION_R2.zip(1).sha256,,Original independently recalculated control result retained.,
PKG-004,PACKAGE,External sidecar filename,M2_12_LIVE_EXECUTION_INDEPENDENT_AUDIT_SUBMISSION_R2.zip,M2_12_LIVE_EXECUTION_INDEPENDENT_AUDIT_SUBMISSION_R2.zip,PASS,BLOCKER,PASS,BLOCKER,M2_12_LIVE_EXECUTION_INDEPENDENT_AUDIT_SUBMISSION_R2.zip(1).sha256,,Original independently recalculated control result retained.,
PKG-005,PACKAGE,ZIP CRC,PASS,PASS,PASS,BLOCKER,PASS,BLOCKER,M2_12_LIVE_EXECUTION_INDEPENDENT_AUDIT_SUBMISSION_R2(1).zip,,Original independently recalculated control result retained.,
PKG-006,PACKAGE,ZIP entries,290,290,PASS,BLOCKER,PASS,BLOCKER,M2_12_LIVE_EXECUTION_INDEPENDENT_AUDIT_SUBMISSION_R2(1).zip,,Original independently recalculated control result retained.,
PKG-007,PACKAGE,Total uncompressed bytes,10633655,10633655,PASS,BLOCKER,PASS,BLOCKER,M2_12_LIVE_EXECUTION_INDEPENDENT_AUDIT_SUBMISSION_R2(1).zip,,Original independently recalculated control result retained.,
PKG-008,PACKAGE,Unsafe paths,0,0,PASS,BLOCKER,PASS,BLOCKER,M2_12_LIVE_EXECUTION_INDEPENDENT_AUDIT_SUBMISSION_R2(1).zip,,Original independently recalculated control result retained.,
PKG-009,PACKAGE,Duplicate paths,0,0,PASS,BLOCKER,PASS,BLOCKER,M2_12_LIVE_EXECUTION_INDEPENDENT_AUDIT_SUBMISSION_R2(1).zip,,Original independently recalculated control result retained.,
PKG-010,PACKAGE,Case-insensitive duplicate groups,0,0,PASS,BLOCKER,PASS,BLOCKER,M2_12_LIVE_EXECUTION_INDEPENDENT_AUDIT_SUBMISSION_R2(1).zip,[],Original independently recalculated control result retained.,
PKG-011,PACKAGE,Symbolic links,0,0,PASS,BLOCKER,PASS,BLOCKER,M2_12_LIVE_EXECUTION_INDEPENDENT_AUDIT_SUBMISSION_R2(1).zip,,Original independently recalculated control result retained.,
PKG-012,PACKAGE,MANIFEST.csv records,286/286,286/286,PASS,BLOCKER,PASS,BLOCKER,99_PACKAGE_METADATA/MANIFEST.csv,,Original independently recalculated control result retained.,
PKG-013,PACKAGE,PACKAGE_INVENTORY.csv records,289/289,289/289,PASS,BLOCKER,PASS,BLOCKER,99_PACKAGE_METADATA/PACKAGE_INVENTORY.csv,,Original independently recalculated control result retained.,
PKG-014,PACKAGE,manifest.json records,286/286,286/286,PASS,BLOCKER,PASS,BLOCKER,99_PACKAGE_METADATA/manifest.json,,Original independently recalculated control result retained.,
PKG-015,PACKAGE,SHA256SUMS.txt records,288/288,288/288,PASS,BLOCKER,PASS,BLOCKER,99_PACKAGE_METADATA/SHA256SUMS.txt,,Original independently recalculated control result retained.,
RAW-001,RAW_EVIDENCE,Raw ZIP SHA-256,174e5ede6b6389a37770896aae4954a604d40ad48515d9e08f4b5f64771e2588,174e5ede6b6389a37770896aae4954a604d40ad48515d9e08f4b5f64771e2588,PASS,BLOCKER,PASS,BLOCKER,05_RAW_SUBMISSION/module_M2_12_evidence.zip,,Original independently recalculated control result retained.,
RAW-002,RAW_EVIDENCE,Raw ZIP bytes,194250,194250,PASS,BLOCKER,PASS,BLOCKER,05_RAW_SUBMISSION/module_M2_12_evidence.zip,,Original independently recalculated control result retained.,
RAW-003,RAW_EVIDENCE,Raw ZIP sidecar,174e5ede6b6389a37770896aae4954a604d40ad48515d9e08f4b5f64771e2588  module_M2_12_evidence.zip,174e5ede6b6389a37770896aae4954a604d40ad48515d9e08f4b5f64771e2588  module_M2_12_evidence.zip,PASS,BLOCKER,PASS,BLOCKER,05_RAW_SUBMISSION/module_M2_12_evidence.zip.sha256,,Original independently recalculated control result retained.,
RAW-004,RAW_EVIDENCE,Raw ZIP CRC,PASS,PASS,PASS,BLOCKER,PASS,BLOCKER,05_RAW_SUBMISSION/module_M2_12_evidence.zip,,Original independently recalculated control result retained.,
RAW-005,RAW_EVIDENCE,Raw ZIP entries,123,123,PASS,BLOCKER,PASS,BLOCKER,05_RAW_SUBMISSION/module_M2_12_evidence.zip,,Original independently recalculated control result retained.,
RAW-006,RAW_EVIDENCE,Raw ZIP uncompressed bytes,669760,669760,PASS,BLOCKER,PASS,BLOCKER,05_RAW_SUBMISSION/module_M2_12_evidence.zip,,Original independently recalculated control result retained.,
RAW-007,RAW_EVIDENCE,Raw ZIP unsafe/duplicate/symlink paths,0,0,PASS,BLOCKER,PASS,BLOCKER,05_RAW_SUBMISSION/module_M2_12_evidence.zip,,Original independently recalculated control result retained.,
RAW-008,RAW_EVIDENCE,Raw evidence file types,123,123 CSV / 0 non-CSV,PASS,BLOCKER,PASS,BLOCKER,05_RAW_SUBMISSION/module_M2_12_evidence.zip,,Original independently recalculated control result retained.,
RAW-PROFILE-001,RAW_EVIDENCE_PROFILE,220_msbf_m2_12_schema_policy_certification_structures_g3_bundle_triggers_views_v1_HF4_results_20260810.csv,"{""bad_width_rows"": 0, ""bytes"": 267, ""column_count"": 10, ""data_rows"": 1, ""header"": ""installation_status|run_code|run_version|installed_top_level_objects|executable_ddl_statements|policy_rows|nonpolicy_rows|policy_identity|policy_sequence_state|disposition"", ""sha256"": ""34b84dafe9a4eb979df97bcbd55bbaf0274bb7d3c73d84ae1a95b192df718c5e""}",bytes=267;sha256=34b84dafe9a4eb979df97bcbd55bbaf0274bb7d3c73d84ae1a95b192df718c5e;rows=1;cols=10;bad=0,PASS,BLOCKER,PASS,BLOCKER,06_AUDIT_LEDGERS/M2_12_SUBMITTED_EVIDENCE_FILE_PROFILE.csv,,Original independently recalculated control result retained.,
RAW-PROFILE-002,RAW_EVIDENCE_PROFILE,221_HF5_pre_rerun_state_verification_results_20260811.csv,"{""bad_width_rows"": 0, ""bytes"": 476, ""column_count"": 18, ""data_rows"": 1, ""header"": ""state_verification_status|predecessor_rows|module1_run_id|run_code|run_version|run_status|contract_status|installed_top_level_objects|policy_rows|nonpolicy_rows|m2_12_evidence_rows|g3_result_rows|gate_rows|exact_gate_rows|policy_sequence_state|archive_sequence_state|registry_sequence_state|disposition"", ""sha256"": ""dd5e72247e22ae6417b318866a08adfdfa36f605c4d0897cf082c47acb58817d""}",bytes=476;sha256=dd5e72247e22ae6417b318866a08adfdfa36f605c4d0897cf082c47acb58817d;rows=1;cols=18;bad=0,PASS,BLOCKER,PASS,BLOCKER,06_AUDIT_LEDGERS/M2_12_SUBMITTED_EVIDENCE_FILE_PROFILE.csv,,Original independently recalculated control result retained.,
RAW-PROFILE-003,RAW_EVIDENCE_PROFILE,221_HF6_pre_rerun_source_graph_detail_20260811.csv,"{""bad_width_rows"": 0, ""bytes"": 597, ""column_count"": 22, ""data_rows"": 1, ""header"": ""state_verification_status|predecessor_rows|module1_run_id|run_code|run_version|run_status|contract_status|installed_top_level_objects|policy_rows|nonpolicy_rows|m2_12_evidence_rows|g3_result_rows|gate_rows|exact_gate_rows|policy_sequence_state|archive_sequence_state|registry_sequence_state|source_graph_rows|source_graph_pass_rows|source_graph_distinct_sequences|source_graph_distinct_codes|disposition"", ""sha256"": ""82cab44198530bf35acef51afc7a2b52f632b16bb17fe1a3ee3464fb00b237c1""}",bytes=597;sha256=82cab44198530bf35acef51afc7a2b52f632b16bb17fe1a3ee3464fb00b237c1;rows=1;cols=22;bad=0,PASS,BLOCKER,PASS,BLOCKER,06_AUDIT_LEDGERS/M2_12_SUBMITTED_EVIDENCE_FILE_PROFILE.csv,,Original independently recalculated control result retained.,
RAW-PROFILE-004,RAW_EVIDENCE_PROFILE,221_HF6_pre_rerun_state_summary_20260811.csv,"{""bad_width_rows"": 0, ""bytes"": 3607, ""column_count"": 12, ""data_rows"": 19, ""header"": ""edge_sequence|edge_code|target_node_code|expected_source_hash|observed_accepted_source_hash|observed_target_recorded_source_hash|source_gate_status|source_registry_row_count|target_registry_row_count|source_hash_mismatch_flag|target_hash_mismatch_flag|edge_status"", ""sha256"": ""7ebf5d740b03ae0a603ebbbb02f6166a60db1649b142d76dc638ad6e36943a4e""}",bytes=3607;sha256=7ebf5d740b03ae0a603ebbbb02f6166a60db1649b142d76dc638ad6e36943a4e;rows=19;cols=12;bad=0,PASS,BLOCKER,PASS,BLOCKER,06_AUDIT_LEDGERS/M2_12_SUBMITTED_EVIDENCE_FILE_PROFILE.csv,,Original independently recalculated control result retained.,
RAW-PROFILE-005,RAW_EVIDENCE_PROFILE,221_msbf_m2_12_accepted_source_pristine_target_preflight_v1_HF6_results_20260811.csv,"{""bad_width_rows"": 0, ""bytes"": 313, ""column_count"": 12, ""data_rows"": 1, ""header"": ""preflight_status|run_code|run_version|run_status|assertion_rows|assertions_passed|source_edges|component_contracts|certification_nodes|mandatory_evidence_rows|capability_rows|disposition"", ""sha256"": ""93c68c3ef097ee6ba1691cd2767e02f4bd95c4b270b4a01faeed21b76927eb05""}",bytes=313;sha256=93c68c3ef097ee6ba1691cd2767e02f4bd95c4b270b4a01faeed21b76927eb05;rows=1;cols=12;bad=0,PASS,BLOCKER,PASS,BLOCKER,06_AUDIT_LEDGERS/M2_12_SUBMITTED_EVIDENCE_FILE_PROFILE.csv,,Original independently recalculated control result retained.,
RAW-PROFILE-006,RAW_EVIDENCE_PROFILE,222A_msbf_m2_12_failed_precommit_certification_generation_sequence_state_recovery_v1_results_20260811.csv,"{""bad_width_rows"": 0, ""bytes"": 245, ""column_count"": 7, ""data_rows"": 1, ""header"": ""recovery_program|recovery_decision_code|recovery_status|policy_sequence_state|archive_sequence_state|registry_sequence_state|disposition"", ""sha256"": ""d5e63f400b9e79868f66ecb95798fe9ce3e02c896f708fbe29efc89698891c18""}",bytes=245;sha256=d5e63f400b9e79868f66ecb95798fe9ce3e02c896f708fbe29efc89698891c18;rows=1;cols=7;bad=0,PASS,BLOCKER,PASS,BLOCKER,06_AUDIT_LEDGERS/M2_12_SUBMITTED_EVIDENCE_FILE_PROFILE.csv,,Original independently recalculated control result retained.,
RAW-PROFILE-007,RAW_EVIDENCE_PROFILE,222A_post_recovery_state_verification_results_20260811.csv,"{""bad_width_rows"": 0, ""bytes"": 523, ""column_count"": 17, ""data_rows"": 1, ""header"": ""post_recovery_verification_status|recovery_decision_code|module1_run_id|run_code|run_version|run_status|contract_status|installed_top_level_objects|policy_rows|exact_policy_rows|nonpolicy_rows|m2_12_evidence_rows|g3_result_rows|policy_sequence_state|archive_sequence_state|registry_sequence_state|disposition"", ""sha256"": ""e54cde4a1990f83ea331fbd96c229d821b698e887d2a5bc2f5affa9c91193b9b""}",bytes=523;sha256=e54cde4a1990f83ea331fbd96c229d821b698e887d2a5bc2f5affa9c91193b9b;rows=1;cols=17;bad=0,PASS,BLOCKER,PASS,BLOCKER,06_AUDIT_LEDGERS/M2_12_SUBMITTED_EVIDENCE_FILE_PROFILE.csv,,Original independently recalculated control result retained.,
RAW-PROFILE-008,RAW_EVIDENCE_PROFILE,222A_pre_recovery_state_verification_results_20260811.csv,"{""bad_width_rows"": 0, ""bytes"": 510, ""column_count"": 17, ""data_rows"": 1, ""header"": ""recovery_authorization_status|recovery_decision_code|module1_run_id|run_code|run_version|run_status|contract_status|installed_top_level_objects|policy_rows|exact_policy_rows|nonpolicy_rows|m2_12_evidence_rows|g3_result_rows|policy_sequence_state|archive_sequence_state|registry_sequence_state|disposition"", ""sha256"": ""0ac1132ff800617aa8895d39bd72c439282e3d17d2ec5351130862e74a274c77""}",bytes=510;sha256=0ac1132ff800617aa8895d39bd72c439282e3d17d2ec5351130862e74a274c77;rows=1;cols=17;bad=0,PASS,BLOCKER,PASS,BLOCKER,06_AUDIT_LEDGERS/M2_12_SUBMITTED_EVIDENCE_FILE_PROFILE.csv,,Original independently recalculated control result retained.,
RAW-PROFILE-009,RAW_EVIDENCE_PROFILE,222_HF7_pre_execution_source_graph_detail_20260811.csv,"{""bad_width_rows"": 0, ""bytes"": 3607, ""column_count"": 12, ""data_rows"": 19, ""header"": ""edge_sequence|edge_code|target_node_code|expected_source_hash|observed_accepted_source_hash|observed_target_recorded_source_hash|source_gate_status|source_registry_row_count|target_registry_row_count|source_hash_mismatch_flag|target_hash_mismatch_flag|edge_status"", ""sha256"": ""7ebf5d740b03ae0a603ebbbb02f6166a60db1649b142d76dc638ad6e36943a4e""}",bytes=3607;sha256=7ebf5d740b03ae0a603ebbbb02f6166a60db1649b142d76dc638ad6e36943a4e;rows=19;cols=12;bad=0,PASS,BLOCKER,PASS,BLOCKER,06_AUDIT_LEDGERS/M2_12_SUBMITTED_EVIDENCE_FILE_PROFILE.csv,,Original independently recalculated control result retained.,
RAW-PROFILE-010,RAW_EVIDENCE_PROFILE,222_HF7_pre_execution_state_summary_20260811.csv,"{""bad_width_rows"": 0, ""bytes"": 597, ""column_count"": 22, ""data_rows"": 1, ""header"": ""state_verification_status|predecessor_rows|module1_run_id|run_code|run_version|run_status|contract_status|installed_top_level_objects|policy_rows|nonpolicy_rows|m2_12_evidence_rows|g3_result_rows|gate_rows|exact_gate_rows|policy_sequence_state|archive_sequence_state|registry_sequence_state|source_graph_rows|source_graph_pass_rows|source_graph_distinct_sequences|source_graph_distinct_codes|disposition"", ""sha256"": ""60ca6f9dfbf90e321ac2e6a4b34c6861d1652e3a9c4779209adfbfc2daec2049""}",bytes=597;sha256=60ca6f9dfbf90e321ac2e6a4b34c6861d1652e3a9c4779209adfbfc2daec2049;rows=1;cols=22;bad=0,PASS,BLOCKER,PASS,BLOCKER,06_AUDIT_LEDGERS/M2_12_SUBMITTED_EVIDENCE_FILE_PROFILE.csv,,Original independently recalculated control result retained.,
RAW-PROFILE-011,RAW_EVIDENCE_PROFILE,222_HF8_pre_execution_source_graph_detail_20260811.csv,"{""bad_width_rows"": 0, ""bytes"": 3607, ""column_count"": 12, ""data_rows"": 19, ""header"": ""edge_sequence|edge_code|target_node_code|expected_source_hash|observed_accepted_source_hash|observed_target_recorded_source_hash|source_gate_status|source_registry_row_count|target_registry_row_count|source_hash_mismatch_flag|target_hash_mismatch_flag|edge_status"", ""sha256"": ""7ebf5d740b03ae0a603ebbbb02f6166a60db1649b142d76dc638ad6e36943a4e""}",bytes=3607;sha256=7ebf5d740b03ae0a603ebbbb02f6166a60db1649b142d76dc638ad6e36943a4e;rows=19;cols=12;bad=0,PASS,BLOCKER,PASS,BLOCKER,06_AUDIT_LEDGERS/M2_12_SUBMITTED_EVIDENCE_FILE_PROFILE.csv,,Original independently recalculated control result retained.,
RAW-PROFILE-012,RAW_EVIDENCE_PROFILE,222_HF8_pre_execution_stage_boundary_detail_20260811.csv,"{""bad_width_rows"": 0, ""bytes"": 3400, ""column_count"": 15, ""data_rows"": 12, ""header"": ""node_sequence|stage_code|certification_status|acceptance_summary_pass_rows|acceptance_summary_rows|required_evidence_rows|physical_required_evidence_rows|observed_required_evidence_rows|duplicate_required_evidence_rows|missing_required_evidence_codes|nonpass_evidence_codes|violation_evidence_codes|source_relation_set|source_evidence_row_hash|observed_count_or_identity"", ""sha256"": ""62661da776951e841d65fb5ca2a657a5dd0b0ec84e7d2c26f33dca8564427474""}",bytes=3400;sha256=62661da776951e841d65fb5ca2a657a5dd0b0ec84e7d2c26f33dca8564427474;rows=12;cols=15;bad=0,PASS,BLOCKER,PASS,BLOCKER,06_AUDIT_LEDGERS/M2_12_SUBMITTED_EVIDENCE_FILE_PROFILE.csv,,Original independently recalculated control result retained.,
RAW-PROFILE-013,RAW_EVIDENCE_PROFILE,222_HF8_pre_execution_state_summary_20260811.csv,"{""bad_width_rows"": 0, ""bytes"": 728, ""column_count"": 26, ""data_rows"": 1, ""header"": ""state_verification_status|predecessor_rows|module1_run_id|run_code|run_version|run_status|contract_status|installed_top_level_objects|policy_rows|nonpolicy_rows|m2_12_evidence_rows|g3_result_rows|gate_rows|exact_gate_rows|policy_sequence_state|archive_sequence_state|registry_sequence_state|source_graph_rows|source_graph_pass_rows|source_graph_distinct_sequences|source_graph_distinct_codes|stage_boundary_rows|stage_boundary_pass_rows|stage_boundary_required_controls|stage_boundary_physical_controls|disposition"", ""sha256"": ""55001917bec6e5607c52455d93ceb5871fb1f2ab77230a776f2b3a86f82c7387""}",bytes=728;sha256=55001917bec6e5607c52455d93ceb5871fb1f2ab77230a776f2b3a86f82c7387;rows=1;cols=26;bad=0,PASS,BLOCKER,PASS,BLOCKER,06_AUDIT_LEDGERS/M2_12_SUBMITTED_EVIDENCE_FILE_PROFILE.csv,,Original independently recalculated control result retained.,
RAW-PROFILE-014,RAW_EVIDENCE_PROFILE,222_HF9_pre_execution_source_graph_detail_20260811.csv,"{""bad_width_rows"": 0, ""bytes"": 3607, ""column_count"": 12, ""data_rows"": 19, ""header"": ""edge_sequence|edge_code|target_node_code|expected_source_hash|observed_accepted_source_hash|observed_target_recorded_source_hash|source_gate_status|source_registry_row_count|target_registry_row_count|source_hash_mismatch_flag|target_hash_mismatch_flag|edge_status"", ""sha256"": ""7ebf5d740b03ae0a603ebbbb02f6166a60db1649b142d76dc638ad6e36943a4e""}",bytes=3607;sha256=7ebf5d740b03ae0a603ebbbb02f6166a60db1649b142d76dc638ad6e36943a4e;rows=19;cols=12;bad=0,PASS,BLOCKER,PASS,BLOCKER,06_AUDIT_LEDGERS/M2_12_SUBMITTED_EVIDENCE_FILE_PROFILE.csv,,Original independently recalculated control result retained.,
RAW-PROFILE-015,RAW_EVIDENCE_PROFILE,222_HF9_pre_execution_stage_boundary_detail_20260811.csv,"{""bad_width_rows"": 0, ""bytes"": 3400, ""column_count"": 15, ""data_rows"": 12, ""header"": ""node_sequence|stage_code|certification_status|acceptance_summary_pass_rows|acceptance_summary_rows|required_evidence_rows|physical_required_evidence_rows|observed_required_evidence_rows|duplicate_required_evidence_rows|missing_required_evidence_codes|nonpass_evidence_codes|violation_evidence_codes|source_relation_set|source_evidence_row_hash|observed_count_or_identity"", ""sha256"": ""62661da776951e841d65fb5ca2a657a5dd0b0ec84e7d2c26f33dca8564427474""}",bytes=3400;sha256=62661da776951e841d65fb5ca2a657a5dd0b0ec84e7d2c26f33dca8564427474;rows=12;cols=15;bad=0,PASS,BLOCKER,PASS,BLOCKER,06_AUDIT_LEDGERS/M2_12_SUBMITTED_EVIDENCE_FILE_PROFILE.csv,,Original independently recalculated control result retained.,
RAW-PROFILE-016,RAW_EVIDENCE_PROFILE,222_HF9_pre_execution_state_summary_20260811.csv,"{""bad_width_rows"": 0, ""bytes"": 728, ""column_count"": 26, ""data_rows"": 1, ""header"": ""state_verification_status|predecessor_rows|module1_run_id|run_code|run_version|run_status|contract_status|installed_top_level_objects|policy_rows|nonpolicy_rows|m2_12_evidence_rows|g3_result_rows|gate_rows|exact_gate_rows|policy_sequence_state|archive_sequence_state|registry_sequence_state|source_graph_rows|source_graph_pass_rows|source_graph_distinct_sequences|source_graph_distinct_codes|stage_boundary_rows|stage_boundary_pass_rows|stage_boundary_required_controls|stage_boundary_physical_controls|disposition"", ""sha256"": ""bd80d38732fd4a3f97f53339f625d3973c08644e3a64785d0a4654c3fbed7890""}",bytes=728;sha256=bd80d38732fd4a3f97f53339f625d3973c08644e3a64785d0a4654c3fbed7890;rows=1;cols=26;bad=0,PASS,BLOCKER,PASS,BLOCKER,06_AUDIT_LEDGERS/M2_12_SUBMITTED_EVIDENCE_FILE_PROFILE.csv,,Original independently recalculated control result retained.,
RAW-PROFILE-017,RAW_EVIDENCE_PROFILE,222_msbf_m2_12_end_to_end_certification_generation_physical_reconciliation_v1_HF9_results_20260811.csv,"{""bad_width_rows"": 0, ""bytes"": 466, ""column_count"": 15, ""data_rows"": 1, ""header"": ""generation_status|final_run_status|final_contract_status|canonical_families|canonical_entities|generation_evidence_rows|application_consumption_rows|operational_account_rows|strategy_scope_rows|policy_identity|archive_identity|registry_identity|owned_sequence_states|combined_set_hash|disposition"", ""sha256"": ""aec00adce943b1e6ce5abfa69975b6bed5f2c96768b4dc1b547c0a09948ea988""}",bytes=466;sha256=aec00adce943b1e6ce5abfa69975b6bed5f2c96768b4dc1b547c0a09948ea988;rows=1;cols=15;bad=0,PASS,BLOCKER,PASS,BLOCKER,06_AUDIT_LEDGERS/M2_12_SUBMITTED_EVIDENCE_FILE_PROFILE.csv,,Original independently recalculated control result retained.,
RAW-PROFILE-018,RAW_EVIDENCE_PROFILE,223_HF10_pre_execution_canonical_family_detail_20260811.csv,"{""bad_width_rows"": 0, ""bytes"": 1083, ""column_count"": 9, ""data_rows"": 9, ""header"": ""family_sequence|family_code|expected_rows|observed_rows|row_hash_mismatch_count|reconstructed_set_hash|stored_set_hash|set_hash_mismatch_count|family_status"", ""sha256"": ""6433b353becfae0d881b7e653b1ab3cc4a235a64bb6a5a868d6f953d81fc47b7""}",bytes=1083;sha256=6433b353becfae0d881b7e653b1ab3cc4a235a64bb6a5a868d6f953d81fc47b7;rows=9;cols=9;bad=0,PASS,BLOCKER,PASS,BLOCKER,06_AUDIT_LEDGERS/M2_12_SUBMITTED_EVIDENCE_FILE_PROFILE.csv,,Original independently recalculated control result retained.,
RAW-PROFILE-019,RAW_EVIDENCE_PROFILE,223_HF10_pre_execution_generation_evidence_detail_20260811.csv,"{""bad_width_rows"": 0, ""bytes"": 2613, ""column_count"": 10, ""data_rows"": 24, ""header"": ""evidence_sequence|evidence_code|expected_observed_value|actual_rows|distinct_values|actual_observed_value|distinct_statuses|actual_status|value_mismatch_flag|evidence_status"", ""sha256"": ""0b5f3c4e35e477e9ac0f27deeb0e85c2c0d24402cbe3298b6922744762ff1d7c""}",bytes=2613;sha256=0b5f3c4e35e477e9ac0f27deeb0e85c2c0d24402cbe3298b6922744762ff1d7c;rows=24;cols=10;bad=0,PASS,BLOCKER,PASS,BLOCKER,06_AUDIT_LEDGERS/M2_12_SUBMITTED_EVIDENCE_FILE_PROFILE.csv,,Original independently recalculated control result retained.,
RAW-PROFILE-020,RAW_EVIDENCE_PROFILE,223_HF10_pre_execution_source_graph_detail_20260811.csv,"{""bad_width_rows"": 0, ""bytes"": 3607, ""column_count"": 12, ""data_rows"": 19, ""header"": ""edge_sequence|edge_code|target_node_code|expected_source_hash|observed_accepted_source_hash|observed_target_recorded_source_hash|source_gate_status|source_registry_row_count|target_registry_row_count|source_hash_mismatch_flag|target_hash_mismatch_flag|edge_status"", ""sha256"": ""7ebf5d740b03ae0a603ebbbb02f6166a60db1649b142d76dc638ad6e36943a4e""}",bytes=3607;sha256=7ebf5d740b03ae0a603ebbbb02f6166a60db1649b142d76dc638ad6e36943a4e;rows=19;cols=12;bad=0,PASS,BLOCKER,PASS,BLOCKER,06_AUDIT_LEDGERS/M2_12_SUBMITTED_EVIDENCE_FILE_PROFILE.csv,,Original independently recalculated control result retained.,
RAW-PROFILE-021,RAW_EVIDENCE_PROFILE,223_HF10_pre_execution_stage_boundary_detail_20260811.csv,"{""bad_width_rows"": 0, ""bytes"": 3400, ""column_count"": 15, ""data_rows"": 12, ""header"": ""node_sequence|stage_code|certification_status|acceptance_summary_pass_rows|acceptance_summary_rows|required_evidence_rows|physical_required_evidence_rows|observed_required_evidence_rows|duplicate_required_evidence_rows|missing_required_evidence_codes|nonpass_evidence_codes|violation_evidence_codes|source_relation_set|source_evidence_row_hash|observed_count_or_identity"", ""sha256"": ""62661da776951e841d65fb5ca2a657a5dd0b0ec84e7d2c26f33dca8564427474""}",bytes=3400;sha256=62661da776951e841d65fb5ca2a657a5dd0b0ec84e7d2c26f33dca8564427474;rows=12;cols=15;bad=0,PASS,BLOCKER,PASS,BLOCKER,06_AUDIT_LEDGERS/M2_12_SUBMITTED_EVIDENCE_FILE_PROFILE.csv,,Original independently recalculated control result retained.,
RAW-PROFILE-022,RAW_EVIDENCE_PROFILE,223_HF10_pre_execution_state_summary_20260811.csv,"{""bad_width_rows"": 0, ""bytes"": 1111, ""column_count"": 40, ""data_rows"": 1, ""header"": ""state_verification_status|module1_run_id|run_code|run_version|run_status|contract_status|generated_at|validated_at|accepted_at|policy_rows|stage_rows|component_rows|evidence_certification_rows|reproduction_rows|capability_rows|latest_rows|archive_rows|registry_rows|canonical_entities|canonical_families|canonical_families_pass|deterministic_mismatches|generation_evidence_rows|generation_evidence_pass_rows|source_graph_rows|source_graph_pass_rows|stage_boundary_rows|stage_boundary_pass_rows|stage_boundary_required_controls|stage_boundary_physical_controls|positive_rows|negative_rows|acceptance_rows|g3_gate_rows|policy_sequence_state|archive_sequence_state|registry_sequence_state|combined_set_hash|expected_combined_set_hash|disposition"", ""sha256"": ""8c9c88435b290ca3e38b8110ffe4f5f8900e7990ece661b08b658602cebe147e""}",bytes=1111;sha256=8c9c88435b290ca3e38b8110ffe4f5f8900e7990ece661b08b658602cebe147e;rows=1;cols=40;bad=0,PASS,BLOCKER,PASS,BLOCKER,06_AUDIT_LEDGERS/M2_12_SUBMITTED_EVIDENCE_FILE_PROFILE.csv,,Original independently recalculated control result retained.,
RAW-PROFILE-023,RAW_EVIDENCE_PROFILE,223_HF11_pre_execution_canonical_family_detail_20260811.csv,"{""bad_width_rows"": 0, ""bytes"": 1083, ""column_count"": 9, ""data_rows"": 9, ""header"": ""family_sequence|family_code|expected_rows|observed_rows|row_hash_mismatch_count|reconstructed_set_hash|stored_set_hash|set_hash_mismatch_count|family_status"", ""sha256"": ""6433b353becfae0d881b7e653b1ab3cc4a235a64bb6a5a868d6f953d81fc47b7""}",bytes=1083;sha256=6433b353becfae0d881b7e653b1ab3cc4a235a64bb6a5a868d6f953d81fc47b7;rows=9;cols=9;bad=0,PASS,BLOCKER,PASS,BLOCKER,06_AUDIT_LEDGERS/M2_12_SUBMITTED_EVIDENCE_FILE_PROFILE.csv,,Original independently recalculated control result retained.,
RAW-PROFILE-024,RAW_EVIDENCE_PROFILE,223_HF11_pre_execution_generation_evidence_detail_20260811.csv,"{""bad_width_rows"": 0, ""bytes"": 2613, ""column_count"": 10, ""data_rows"": 24, ""header"": ""evidence_sequence|evidence_code|expected_observed_value|actual_rows|distinct_values|actual_observed_value|distinct_statuses|actual_status|value_mismatch_flag|evidence_status"", ""sha256"": ""0b5f3c4e35e477e9ac0f27deeb0e85c2c0d24402cbe3298b6922744762ff1d7c""}",bytes=2613;sha256=0b5f3c4e35e477e9ac0f27deeb0e85c2c0d24402cbe3298b6922744762ff1d7c;rows=24;cols=10;bad=0,PASS,BLOCKER,PASS,BLOCKER,06_AUDIT_LEDGERS/M2_12_SUBMITTED_EVIDENCE_FILE_PROFILE.csv,,Original independently recalculated control result retained.,
RAW-PROFILE-025,RAW_EVIDENCE_PROFILE,223_HF11_pre_execution_source_graph_detail_20260811.csv,"{""bad_width_rows"": 0, ""bytes"": 3607, ""column_count"": 12, ""data_rows"": 19, ""header"": ""edge_sequence|edge_code|target_node_code|expected_source_hash|observed_accepted_source_hash|observed_target_recorded_source_hash|source_gate_status|source_registry_row_count|target_registry_row_count|source_hash_mismatch_flag|target_hash_mismatch_flag|edge_status"", ""sha256"": ""7ebf5d740b03ae0a603ebbbb02f6166a60db1649b142d76dc638ad6e36943a4e""}",bytes=3607;sha256=7ebf5d740b03ae0a603ebbbb02f6166a60db1649b142d76dc638ad6e36943a4e;rows=19;cols=12;bad=0,PASS,BLOCKER,PASS,BLOCKER,06_AUDIT_LEDGERS/M2_12_SUBMITTED_EVIDENCE_FILE_PROFILE.csv,,Original independently recalculated control result retained.,
RAW-PROFILE-026,RAW_EVIDENCE_PROFILE,223_HF11_pre_execution_stage_boundary_detail_20260811.csv,"{""bad_width_rows"": 0, ""bytes"": 3400, ""column_count"": 15, ""data_rows"": 12, ""header"": ""node_sequence|stage_code|certification_status|acceptance_summary_pass_rows|acceptance_summary_rows|required_evidence_rows|physical_required_evidence_rows|observed_required_evidence_rows|duplicate_required_evidence_rows|missing_required_evidence_codes|nonpass_evidence_codes|violation_evidence_codes|source_relation_set|source_evidence_row_hash|observed_count_or_identity"", ""sha256"": ""62661da776951e841d65fb5ca2a657a5dd0b0ec84e7d2c26f33dca8564427474""}",bytes=3400;sha256=62661da776951e841d65fb5ca2a657a5dd0b0ec84e7d2c26f33dca8564427474;rows=12;cols=15;bad=0,PASS,BLOCKER,PASS,BLOCKER,06_AUDIT_LEDGERS/M2_12_SUBMITTED_EVIDENCE_FILE_PROFILE.csv,,Original independently recalculated control result retained.,
RAW-PROFILE-027,RAW_EVIDENCE_PROFILE,223_HF11_pre_execution_state_summary_20260811.csv,"{""bad_width_rows"": 0, ""bytes"": 1111, ""column_count"": 40, ""data_rows"": 1, ""header"": ""state_verification_status|module1_run_id|run_code|run_version|run_status|contract_status|generated_at|validated_at|accepted_at|policy_rows|stage_rows|component_rows|evidence_certification_rows|reproduction_rows|capability_rows|latest_rows|archive_rows|registry_rows|canonical_entities|canonical_families|canonical_families_pass|deterministic_mismatches|generation_evidence_rows|generation_evidence_pass_rows|source_graph_rows|source_graph_pass_rows|stage_boundary_rows|stage_boundary_pass_rows|stage_boundary_required_controls|stage_boundary_physical_controls|positive_rows|negative_rows|acceptance_rows|g3_gate_rows|policy_sequence_state|archive_sequence_state|registry_sequence_state|combined_set_hash|expected_combined_set_hash|disposition"", ""sha256"": ""b3b2d17b52245307a5d656678ccb28409a969f52626033d393605da4e08932f1""}",bytes=1111;sha256=b3b2d17b52245307a5d656678ccb28409a969f52626033d393605da4e08932f1;rows=1;cols=40;bad=0,PASS,BLOCKER,PASS,BLOCKER,06_AUDIT_LEDGERS/M2_12_SUBMITTED_EVIDENCE_FILE_PROFILE.csv,,Original independently recalculated control result retained.,
RAW-PROFILE-028,RAW_EVIDENCE_PROFILE,223_HF12_pre_execution_canonical_family_detail_20260811.csv,"{""bad_width_rows"": 0, ""bytes"": 1083, ""column_count"": 9, ""data_rows"": 9, ""header"": ""family_sequence|family_code|expected_rows|observed_rows|row_hash_mismatch_count|reconstructed_set_hash|stored_set_hash|set_hash_mismatch_count|family_status"", ""sha256"": ""6433b353becfae0d881b7e653b1ab3cc4a235a64bb6a5a868d6f953d81fc47b7""}",bytes=1083;sha256=6433b353becfae0d881b7e653b1ab3cc4a235a64bb6a5a868d6f953d81fc47b7;rows=9;cols=9;bad=0,PASS,BLOCKER,PASS,BLOCKER,06_AUDIT_LEDGERS/M2_12_SUBMITTED_EVIDENCE_FILE_PROFILE.csv,,Original independently recalculated control result retained.,
RAW-PROFILE-029,RAW_EVIDENCE_PROFILE,223_HF12_pre_execution_generation_evidence_detail_20260811.csv,"{""bad_width_rows"": 0, ""bytes"": 2613, ""column_count"": 10, ""data_rows"": 24, ""header"": ""evidence_sequence|evidence_code|expected_observed_value|actual_rows|distinct_values|actual_observed_value|distinct_statuses|actual_status|value_mismatch_flag|evidence_status"", ""sha256"": ""0b5f3c4e35e477e9ac0f27deeb0e85c2c0d24402cbe3298b6922744762ff1d7c""}",bytes=2613;sha256=0b5f3c4e35e477e9ac0f27deeb0e85c2c0d24402cbe3298b6922744762ff1d7c;rows=24;cols=10;bad=0,PASS,BLOCKER,PASS,BLOCKER,06_AUDIT_LEDGERS/M2_12_SUBMITTED_EVIDENCE_FILE_PROFILE.csv,,Original independently recalculated control result retained.,
RAW-PROFILE-030,RAW_EVIDENCE_PROFILE,223_HF12_pre_execution_positive_control_detail_20260811.csv,"{""bad_width_rows"": 0, ""bytes"": 69860, ""column_count"": 10, ""data_rows"": 128, ""header"": ""control_sequence|evidence_code|control_family_sequence|control_family_code|control_title|observed_value|expected_value|mismatch_count|status|interpretation"", ""sha256"": ""341b6deb1d459ac529eaa20ea017671be78c9a0e8d6df6aaa4560a4279dd1a48""}",bytes=69860;sha256=341b6deb1d459ac529eaa20ea017671be78c9a0e8d6df6aaa4560a4279dd1a48;rows=128;cols=10;bad=0,PASS,BLOCKER,PASS,BLOCKER,06_AUDIT_LEDGERS/M2_12_SUBMITTED_EVIDENCE_FILE_PROFILE.csv,,Original independently recalculated control result retained.,
RAW-PROFILE-031,RAW_EVIDENCE_PROFILE,223_HF12_pre_execution_positive_control_diagnostic_summary_20260811.csv,"{""bad_width_rows"": 0, ""bytes"": 262, ""column_count"": 10, ""data_rows"": 1, ""header"": ""control_rows|distinct_control_codes|minimum_control_sequence|maximum_control_sequence|pass_rows|failure_rows|family_pass_rows|family_failure_rows|diagnostic_status|disposition"", ""sha256"": ""9d002f632677aae267b91c25605d49ba822dbea6f3af1050da8ea6ea959790f9""}",bytes=262;sha256=9d002f632677aae267b91c25605d49ba822dbea6f3af1050da8ea6ea959790f9;rows=1;cols=10;bad=0,PASS,BLOCKER,PASS,BLOCKER,06_AUDIT_LEDGERS/M2_12_SUBMITTED_EVIDENCE_FILE_PROFILE.csv,,Original independently recalculated control result retained.,
RAW-PROFILE-032,RAW_EVIDENCE_PROFILE,223_HF12_pre_execution_positive_control_failures_20260811.csv,"{""bad_width_rows"": 0, ""bytes"": 177, ""column_count"": 10, ""data_rows"": 0, ""header"": ""control_sequence|evidence_code|control_family_sequence|control_family_code|control_title|observed_value|expected_value|mismatch_count|status|interpretation"", ""sha256"": ""fbbfe3d531b7a60b3d30038d3eb30c63ee5bce057b45d5dbbb737be105df1542""}",bytes=177;sha256=fbbfe3d531b7a60b3d30038d3eb30c63ee5bce057b45d5dbbb737be105df1542;rows=0;cols=10;bad=0,PASS,BLOCKER,PASS,BLOCKER,06_AUDIT_LEDGERS/M2_12_SUBMITTED_EVIDENCE_FILE_PROFILE.csv,,Original independently recalculated control result retained.,
RAW-PROFILE-033,RAW_EVIDENCE_PROFILE,223_HF12_pre_execution_positive_control_family_summary_20260811.csv,"{""bad_width_rows"": 0, ""bytes"": 496, ""column_count"": 7, ""data_rows"": 10, ""header"": ""family_sequence|family_code|expected_rows|observed_rows|pass_rows|failure_rows|family_status"", ""sha256"": ""94c49ded12f56bda33e790f83769c119f38ba0df9fa1d9abd695f60cd4cc58d3""}",bytes=496;sha256=94c49ded12f56bda33e790f83769c119f38ba0df9fa1d9abd695f60cd4cc58d3;rows=10;cols=7;bad=0,PASS,BLOCKER,PASS,BLOCKER,06_AUDIT_LEDGERS/M2_12_SUBMITTED_EVIDENCE_FILE_PROFILE.csv,,Original independently recalculated control result retained.,
RAW-PROFILE-034,RAW_EVIDENCE_PROFILE,223_HF12_pre_execution_source_graph_detail_20260811.csv,"{""bad_width_rows"": 0, ""bytes"": 3607, ""column_count"": 12, ""data_rows"": 19, ""header"": ""edge_sequence|edge_code|target_node_code|expected_source_hash|observed_accepted_source_hash|observed_target_recorded_source_hash|source_gate_status|source_registry_row_count|target_registry_row_count|source_hash_mismatch_flag|target_hash_mismatch_flag|edge_status"", ""sha256"": ""7ebf5d740b03ae0a603ebbbb02f6166a60db1649b142d76dc638ad6e36943a4e""}",bytes=3607;sha256=7ebf5d740b03ae0a603ebbbb02f6166a60db1649b142d76dc638ad6e36943a4e;rows=19;cols=12;bad=0,PASS,BLOCKER,PASS,BLOCKER,06_AUDIT_LEDGERS/M2_12_SUBMITTED_EVIDENCE_FILE_PROFILE.csv,,Original independently recalculated control result retained.,
RAW-PROFILE-035,RAW_EVIDENCE_PROFILE,223_HF12_pre_execution_stage_boundary_detail_20260811.csv,"{""bad_width_rows"": 0, ""bytes"": 3400, ""column_count"": 15, ""data_rows"": 12, ""header"": ""node_sequence|stage_code|certification_status|acceptance_summary_pass_rows|acceptance_summary_rows|required_evidence_rows|physical_required_evidence_rows|observed_required_evidence_rows|duplicate_required_evidence_rows|missing_required_evidence_codes|nonpass_evidence_codes|violation_evidence_codes|source_relation_set|source_evidence_row_hash|observed_count_or_identity"", ""sha256"": ""62661da776951e841d65fb5ca2a657a5dd0b0ec84e7d2c26f33dca8564427474""}",bytes=3400;sha256=62661da776951e841d65fb5ca2a657a5dd0b0ec84e7d2c26f33dca8564427474;rows=12;cols=15;bad=0,PASS,BLOCKER,PASS,BLOCKER,06_AUDIT_LEDGERS/M2_12_SUBMITTED_EVIDENCE_FILE_PROFILE.csv,,Original independently recalculated control result retained.,
RAW-PROFILE-036,RAW_EVIDENCE_PROFILE,223_HF12_pre_execution_state_summary_20260811.csv,"{""bad_width_rows"": 0, ""bytes"": 1111, ""column_count"": 40, ""data_rows"": 1, ""header"": ""state_verification_status|module1_run_id|run_code|run_version|run_status|contract_status|generated_at|validated_at|accepted_at|policy_rows|stage_rows|component_rows|evidence_certification_rows|reproduction_rows|capability_rows|latest_rows|archive_rows|registry_rows|canonical_entities|canonical_families|canonical_families_pass|deterministic_mismatches|generation_evidence_rows|generation_evidence_pass_rows|source_graph_rows|source_graph_pass_rows|stage_boundary_rows|stage_boundary_pass_rows|stage_boundary_required_controls|stage_boundary_physical_controls|positive_rows|negative_rows|acceptance_rows|g3_gate_rows|policy_sequence_state|archive_sequence_state|registry_sequence_state|combined_set_hash|expected_combined_set_hash|disposition"", ""sha256"": ""9f4c90c9d521f2ea35caf11bdf4459667ddb6a31e7b75507c2670c6a2ed8066f""}",bytes=1111;sha256=9f4c90c9d521f2ea35caf11bdf4459667ddb6a31e7b75507c2670c6a2ed8066f;rows=1;cols=40;bad=0,PASS,BLOCKER,PASS,BLOCKER,06_AUDIT_LEDGERS/M2_12_SUBMITTED_EVIDENCE_FILE_PROFILE.csv,,Original independently recalculated control result retained.,
RAW-PROFILE-037,RAW_EVIDENCE_PROFILE,223_msbf_m2_12_positive_validation_128_controls_v1_HF12_positive_results_20260811.csv,"{""bad_width_rows"": 0, ""bytes"": 56889, ""column_count"": 8, ""data_rows"": 128, ""header"": ""control_sequence|evidence_code|control_family_code|observed_value|expected_value|mismatch_count|status|interpretation"", ""sha256"": ""476286bfb63870c10d1e72e236c58eba0582fcef739d1d836d4279eb4589036c""}",bytes=56889;sha256=476286bfb63870c10d1e72e236c58eba0582fcef739d1d836d4279eb4589036c;rows=128;cols=8;bad=0,PASS,BLOCKER,PASS,BLOCKER,06_AUDIT_LEDGERS/M2_12_SUBMITTED_EVIDENCE_FILE_PROFILE.csv,,Original independently recalculated control result retained.,
RAW-PROFILE-038,RAW_EVIDENCE_PROFILE,223_msbf_m2_12_positive_validation_128_controls_v1_HF12_validation_persistence_results_20260811.csv,"{""bad_width_rows"": 0, ""bytes"": 231, ""column_count"": 11, ""data_rows"": 1, ""header"": ""run_id|run_status|contract_status|positive_pass|positive_codes|negative_rows|acceptance_rows|gate_rows|hash_compare_rows|hash_exact_rows|persistence_status"", ""sha256"": ""293c2785c530157e91de80d752a7aed70e54e44513c6a2ea4f873f0823a8ef99""}",bytes=231;sha256=293c2785c530157e91de80d752a7aed70e54e44513c6a2ea4f873f0823a8ef99;rows=1;cols=11;bad=0,PASS,BLOCKER,PASS,BLOCKER,06_AUDIT_LEDGERS/M2_12_SUBMITTED_EVIDENCE_FILE_PROFILE.csv,,Original independently recalculated control result retained.,
RAW-PROFILE-039,RAW_EVIDENCE_PROFILE,224_HF13_pre_execution_canonical_family_detail_20260811.csv,"{""bad_width_rows"": 0, ""bytes"": 1083, ""column_count"": 9, ""data_rows"": 9, ""header"": ""family_sequence|family_code|expected_rows|observed_rows|row_hash_mismatch_count|reconstructed_set_hash|stored_set_hash|set_hash_mismatch_count|family_status"", ""sha256"": ""6433b353becfae0d881b7e653b1ab3cc4a235a64bb6a5a868d6f953d81fc47b7""}",bytes=1083;sha256=6433b353becfae0d881b7e653b1ab3cc4a235a64bb6a5a868d6f953d81fc47b7;rows=9;cols=9;bad=0,PASS,BLOCKER,PASS,BLOCKER,06_AUDIT_LEDGERS/M2_12_SUBMITTED_EVIDENCE_FILE_PROFILE.csv,,Original independently recalculated control result retained.,
RAW-PROFILE-040,RAW_EVIDENCE_PROFILE,224_HF13_pre_execution_generation_evidence_detail_20260811.csv,"{""bad_width_rows"": 0, ""bytes"": 2613, ""column_count"": 10, ""data_rows"": 24, ""header"": ""evidence_sequence|evidence_code|expected_observed_value|actual_rows|distinct_values|actual_observed_value|distinct_statuses|actual_status|value_mismatch_flag|evidence_status"", ""sha256"": ""0b5f3c4e35e477e9ac0f27deeb0e85c2c0d24402cbe3298b6922744762ff1d7c""}",bytes=2613;sha256=0b5f3c4e35e477e9ac0f27deeb0e85c2c0d24402cbe3298b6922744762ff1d7c;rows=24;cols=10;bad=0,PASS,BLOCKER,PASS,BLOCKER,06_AUDIT_LEDGERS/M2_12_SUBMITTED_EVIDENCE_FILE_PROFILE.csv,,Original independently recalculated control result retained.,
RAW-PROFILE-041,RAW_EVIDENCE_PROFILE,224_HF13_pre_execution_negative_control_detail_20260811.csv,"{""bad_width_rows"": 0, ""bytes"": 15141, ""column_count"": 22, ""data_rows"": 20, ""header"": ""control_sequence|evidence_code|control_family|expected_sqlstate|authority_message_prefix|effective_message_signature|message_match_mode|expected_constraint|observed_sqlstate|observed_message|observed_constraint|canonical_before|canonical_after|hash_before|hash_after|sequence_before|sequence_after|lifecycle_before|lifecycle_after|isolation_status|status|interpretation"", ""sha256"": ""b84ea93b7dc13e8f6542d4d9c3755eb95365183624b27188affc8182bc85bcf9""}",bytes=15141;sha256=b84ea93b7dc13e8f6542d4d9c3755eb95365183624b27188affc8182bc85bcf9;rows=20;cols=22;bad=0,PASS,BLOCKER,PASS,BLOCKER,06_AUDIT_LEDGERS/M2_12_SUBMITTED_EVIDENCE_FILE_PROFILE.csv,,Original independently recalculated control result retained.,
RAW-PROFILE-042,RAW_EVIDENCE_PROFILE,224_HF13_pre_execution_negative_control_diagnostic_summary_20260811.csv,"{""bad_width_rows"": 0, ""bytes"": 271, ""column_count"": 11, ""data_rows"": 1, ""header"": ""control_rows|distinct_control_codes|minimum_control_sequence|maximum_control_sequence|pass_rows|isolation_pass_rows|failure_rows|family_pass_rows|family_failure_rows|diagnostic_status|disposition"", ""sha256"": ""adaa9b00ad79b371fa7d893bdbfc2d5c9aedd0908ab660c7a6df09e7f42bfa9c""}",bytes=271;sha256=adaa9b00ad79b371fa7d893bdbfc2d5c9aedd0908ab660c7a6df09e7f42bfa9c;rows=1;cols=11;bad=0,PASS,BLOCKER,PASS,BLOCKER,06_AUDIT_LEDGERS/M2_12_SUBMITTED_EVIDENCE_FILE_PROFILE.csv,,Original independently recalculated control result retained.,
RAW-PROFILE-043,RAW_EVIDENCE_PROFILE,224_HF13_pre_execution_negative_control_failures_20260811.csv,"{""bad_width_rows"": 0, ""bytes"": 1103, ""column_count"": 22, ""data_rows"": 1, ""header"": ""control_sequence|evidence_code|control_family|expected_sqlstate|authority_message_prefix|effective_message_signature|message_match_mode|expected_constraint|observed_sqlstate|observed_message|observed_constraint|canonical_before|canonical_after|hash_before|hash_after|sequence_before|sequence_after|lifecycle_before|lifecycle_after|isolation_status|status|interpretation"", ""sha256"": ""8d3ebdeedc9d654ca5d6fc1724b43b2f2316f397ddb5448456df80f6c4f16d98""}",bytes=1103;sha256=8d3ebdeedc9d654ca5d6fc1724b43b2f2316f397ddb5448456df80f6c4f16d98;rows=1;cols=22;bad=0,PASS,BLOCKER,PASS,BLOCKER,06_AUDIT_LEDGERS/M2_12_SUBMITTED_EVIDENCE_FILE_PROFILE.csv,,Original independently recalculated control result retained.,
RAW-PROFILE-044,RAW_EVIDENCE_PROFILE,224_HF13_pre_execution_negative_control_family_summary_20260811.csv,"{""bad_width_rows"": 0, ""bytes"": 641, ""column_count"": 8, ""data_rows"": 14, ""header"": ""family_sequence|control_family|expected_rows|observed_rows|pass_rows|isolation_pass_rows|failure_rows|family_status"", ""sha256"": ""442e3afff4436ee8e7956612e6c214d23264bd8f1fbeb87e4cdf074d199035e7""}",bytes=641;sha256=442e3afff4436ee8e7956612e6c214d23264bd8f1fbeb87e4cdf074d199035e7;rows=14;cols=8;bad=0,PASS,BLOCKER,PASS,BLOCKER,06_AUDIT_LEDGERS/M2_12_SUBMITTED_EVIDENCE_FILE_PROFILE.csv,,Original independently recalculated control result retained.,
RAW-PROFILE-045,RAW_EVIDENCE_PROFILE,224_HF13_pre_execution_positive_evidence_detail_20260811.csv,"{""bad_width_rows"": 0, ""bytes"": 41857, ""column_count"": 11, ""data_rows"": 128, ""header"": ""control_sequence|evidence_code|expected_observed_value|expected_status|actual_rows|distinct_values|actual_observed_value|distinct_statuses|actual_status|value_mismatch_flag|positive_evidence_status"", ""sha256"": ""95cc16d4f29cbdbf746786245e879e2406442915f881d6400e5b8e7cf4105177""}",bytes=41857;sha256=95cc16d4f29cbdbf746786245e879e2406442915f881d6400e5b8e7cf4105177;rows=128;cols=11;bad=0,PASS,BLOCKER,PASS,BLOCKER,06_AUDIT_LEDGERS/M2_12_SUBMITTED_EVIDENCE_FILE_PROFILE.csv,,Original independently recalculated control result retained.,
RAW-PROFILE-046,RAW_EVIDENCE_PROFILE,224_HF13_pre_execution_source_graph_detail_20260811.csv,"{""bad_width_rows"": 0, ""bytes"": 3607, ""column_count"": 12, ""data_rows"": 19, ""header"": ""edge_sequence|edge_code|target_node_code|expected_source_hash|observed_accepted_source_hash|observed_target_recorded_source_hash|source_gate_status|source_registry_row_count|target_registry_row_count|source_hash_mismatch_flag|target_hash_mismatch_flag|edge_status"", ""sha256"": ""7ebf5d740b03ae0a603ebbbb02f6166a60db1649b142d76dc638ad6e36943a4e""}",bytes=3607;sha256=7ebf5d740b03ae0a603ebbbb02f6166a60db1649b142d76dc638ad6e36943a4e;rows=19;cols=12;bad=0,PASS,BLOCKER,PASS,BLOCKER,06_AUDIT_LEDGERS/M2_12_SUBMITTED_EVIDENCE_FILE_PROFILE.csv,,Original independently recalculated control result retained.,
RAW-PROFILE-047,RAW_EVIDENCE_PROFILE,224_HF13_pre_execution_stage_boundary_detail_20260811.csv,"{""bad_width_rows"": 0, ""bytes"": 3400, ""column_count"": 15, ""data_rows"": 12, ""header"": ""node_sequence|stage_code|certification_status|acceptance_summary_pass_rows|acceptance_summary_rows|required_evidence_rows|physical_required_evidence_rows|observed_required_evidence_rows|duplicate_required_evidence_rows|missing_required_evidence_codes|nonpass_evidence_codes|violation_evidence_codes|source_relation_set|source_evidence_row_hash|observed_count_or_identity"", ""sha256"": ""62661da776951e841d65fb5ca2a657a5dd0b0ec84e7d2c26f33dca8564427474""}",bytes=3400;sha256=62661da776951e841d65fb5ca2a657a5dd0b0ec84e7d2c26f33dca8564427474;rows=12;cols=15;bad=0,PASS,BLOCKER,PASS,BLOCKER,06_AUDIT_LEDGERS/M2_12_SUBMITTED_EVIDENCE_FILE_PROFILE.csv,,Original independently recalculated control result retained.,
RAW-PROFILE-048,RAW_EVIDENCE_PROFILE,224_HF13_pre_execution_state_summary_20260811.csv,"{""bad_width_rows"": 0, ""bytes"": 1223, ""column_count"": 43, ""data_rows"": 1, ""header"": ""state_verification_status|module1_run_id|run_code|run_version|run_status|contract_status|generated_at|validated_at|accepted_at|policy_rows|stage_rows|component_rows|evidence_certification_rows|reproduction_rows|capability_rows|latest_rows|archive_rows|registry_rows|canonical_entities|canonical_families|canonical_families_pass|deterministic_mismatches|generation_evidence_rows|generation_evidence_pass_rows|source_graph_rows|source_graph_pass_rows|stage_boundary_rows|stage_boundary_pass_rows|stage_boundary_required_controls|stage_boundary_physical_controls|positive_rows|positive_pass_rows|positive_distinct_codes|positive_exact_rows|negative_rows|acceptance_rows|g3_gate_rows|policy_sequence_state|archive_sequence_state|registry_sequence_state|combined_set_hash|expected_combined_set_hash|disposition"", ""sha256"": ""427e3da23f176a5b48646af151fd0ff52d21c803764c6b509ef3c8a7abf3bbd3""}",bytes=1223;sha256=427e3da23f176a5b48646af151fd0ff52d21c803764c6b509ef3c8a7abf3bbd3;rows=1;cols=43;bad=0,PASS,BLOCKER,PASS,BLOCKER,06_AUDIT_LEDGERS/M2_12_SUBMITTED_EVIDENCE_FILE_PROFILE.csv,,Original independently recalculated control result retained.,
RAW-PROFILE-049,RAW_EVIDENCE_PROFILE,224_HF14_pre_execution_canonical_family_detail_20260811.csv,"{""bad_width_rows"": 0, ""bytes"": 1083, ""column_count"": 9, ""data_rows"": 9, ""header"": ""family_sequence|family_code|expected_rows|observed_rows|row_hash_mismatch_count|reconstructed_set_hash|stored_set_hash|set_hash_mismatch_count|family_status"", ""sha256"": ""6433b353becfae0d881b7e653b1ab3cc4a235a64bb6a5a868d6f953d81fc47b7""}",bytes=1083;sha256=6433b353becfae0d881b7e653b1ab3cc4a235a64bb6a5a868d6f953d81fc47b7;rows=9;cols=9;bad=0,PASS,BLOCKER,PASS,BLOCKER,06_AUDIT_LEDGERS/M2_12_SUBMITTED_EVIDENCE_FILE_PROFILE.csv,,Original independently recalculated control result retained.,
RAW-PROFILE-050,RAW_EVIDENCE_PROFILE,224_HF14_pre_execution_generation_evidence_detail_20260811.csv,"{""bad_width_rows"": 0, ""bytes"": 2613, ""column_count"": 10, ""data_rows"": 24, ""header"": ""evidence_sequence|evidence_code|expected_observed_value|actual_rows|distinct_values|actual_observed_value|distinct_statuses|actual_status|value_mismatch_flag|evidence_status"", ""sha256"": ""0b5f3c4e35e477e9ac0f27deeb0e85c2c0d24402cbe3298b6922744762ff1d7c""}",bytes=2613;sha256=0b5f3c4e35e477e9ac0f27deeb0e85c2c0d24402cbe3298b6922744762ff1d7c;rows=24;cols=10;bad=0,PASS,BLOCKER,PASS,BLOCKER,06_AUDIT_LEDGERS/M2_12_SUBMITTED_EVIDENCE_FILE_PROFILE.csv,,Original independently recalculated control result retained.,
RAW-PROFILE-051,RAW_EVIDENCE_PROFILE,224_HF14_pre_execution_negative_control_detail_20260811.csv,"{""bad_width_rows"": 0, ""bytes"": 15128, ""column_count"": 22, ""data_rows"": 20, ""header"": ""control_sequence|evidence_code|control_family|expected_sqlstate|authority_message_prefix|effective_message_signature|message_match_mode|expected_constraint|observed_sqlstate|observed_message|observed_constraint|canonical_before|canonical_after|hash_before|hash_after|sequence_before|sequence_after|lifecycle_before|lifecycle_after|isolation_status|status|interpretation"", ""sha256"": ""742b6e03b9a28ef0675f8e0bb7fdb56747968443f8d3cae9074d865d3c92a9af""}",bytes=15128;sha256=742b6e03b9a28ef0675f8e0bb7fdb56747968443f8d3cae9074d865d3c92a9af;rows=20;cols=22;bad=0,PASS,BLOCKER,PASS,BLOCKER,06_AUDIT_LEDGERS/M2_12_SUBMITTED_EVIDENCE_FILE_PROFILE.csv,,Original independently recalculated control result retained.,
RAW-PROFILE-052,RAW_EVIDENCE_PROFILE,224_HF14_pre_execution_negative_control_diagnostic_summary_20260811.csv,"{""bad_width_rows"": 0, ""bytes"": 283, ""column_count"": 11, ""data_rows"": 1, ""header"": ""control_rows|distinct_control_codes|minimum_control_sequence|maximum_control_sequence|pass_rows|isolation_pass_rows|failure_rows|family_pass_rows|family_failure_rows|diagnostic_status|disposition"", ""sha256"": ""0de8979f87679dd8b3a3d9e567d4f47bce2eb91c4b9738b02cccf741fe25dcae""}",bytes=283;sha256=0de8979f87679dd8b3a3d9e567d4f47bce2eb91c4b9738b02cccf741fe25dcae;rows=1;cols=11;bad=0,PASS,BLOCKER,PASS,BLOCKER,06_AUDIT_LEDGERS/M2_12_SUBMITTED_EVIDENCE_FILE_PROFILE.csv,,Original independently recalculated control result retained.,
RAW-PROFILE-053,RAW_EVIDENCE_PROFILE,224_HF14_pre_execution_negative_control_failures_20260811.csv,"{""bad_width_rows"": 0, ""bytes"": 415, ""column_count"": 22, ""data_rows"": 0, ""header"": ""control_sequence|evidence_code|control_family|expected_sqlstate|authority_message_prefix|effective_message_signature|message_match_mode|expected_constraint|observed_sqlstate|observed_message|observed_constraint|canonical_before|canonical_after|hash_before|hash_after|sequence_before|sequence_after|lifecycle_before|lifecycle_after|isolation_status|status|interpretation"", ""sha256"": ""28786acf3bbe0b0964f98ef726da64069ede566bc64d73be6231e51a2b66830a""}",bytes=415;sha256=28786acf3bbe0b0964f98ef726da64069ede566bc64d73be6231e51a2b66830a;rows=0;cols=22;bad=0,PASS,BLOCKER,PASS,BLOCKER,06_AUDIT_LEDGERS/M2_12_SUBMITTED_EVIDENCE_FILE_PROFILE.csv,,Original independently recalculated control result retained.,
RAW-PROFILE-054,RAW_EVIDENCE_PROFILE,224_HF14_pre_execution_negative_control_family_summary_20260811.csv,"{""bad_width_rows"": 0, ""bytes"": 641, ""column_count"": 8, ""data_rows"": 14, ""header"": ""family_sequence|control_family|expected_rows|observed_rows|pass_rows|isolation_pass_rows|failure_rows|family_status"", ""sha256"": ""248126b527c5cf21a99befc5a9ead0e957dedf64c648f30a11d8264b677d39c9""}",bytes=641;sha256=248126b527c5cf21a99befc5a9ead0e957dedf64c648f30a11d8264b677d39c9;rows=14;cols=8;bad=0,PASS,BLOCKER,PASS,BLOCKER,06_AUDIT_LEDGERS/M2_12_SUBMITTED_EVIDENCE_FILE_PROFILE.csv,,Original independently recalculated control result retained.,
RAW-PROFILE-055,RAW_EVIDENCE_PROFILE,224_HF14_pre_execution_positive_evidence_detail_20260811.csv,"{""bad_width_rows"": 0, ""bytes"": 41857, ""column_count"": 11, ""data_rows"": 128, ""header"": ""control_sequence|evidence_code|expected_observed_value|expected_status|actual_rows|distinct_values|actual_observed_value|distinct_statuses|actual_status|value_mismatch_flag|positive_evidence_status"", ""sha256"": ""95cc16d4f29cbdbf746786245e879e2406442915f881d6400e5b8e7cf4105177""}",bytes=41857;sha256=95cc16d4f29cbdbf746786245e879e2406442915f881d6400e5b8e7cf4105177;rows=128;cols=11;bad=0,PASS,BLOCKER,PASS,BLOCKER,06_AUDIT_LEDGERS/M2_12_SUBMITTED_EVIDENCE_FILE_PROFILE.csv,,Original independently recalculated control result retained.,
RAW-PROFILE-056,RAW_EVIDENCE_PROFILE,224_HF14_pre_execution_source_graph_detail_20260811.csv,"{""bad_width_rows"": 0, ""bytes"": 3607, ""column_count"": 12, ""data_rows"": 19, ""header"": ""edge_sequence|edge_code|target_node_code|expected_source_hash|observed_accepted_source_hash|observed_target_recorded_source_hash|source_gate_status|source_registry_row_count|target_registry_row_count|source_hash_mismatch_flag|target_hash_mismatch_flag|edge_status"", ""sha256"": ""7ebf5d740b03ae0a603ebbbb02f6166a60db1649b142d76dc638ad6e36943a4e""}",bytes=3607;sha256=7ebf5d740b03ae0a603ebbbb02f6166a60db1649b142d76dc638ad6e36943a4e;rows=19;cols=12;bad=0,PASS,BLOCKER,PASS,BLOCKER,06_AUDIT_LEDGERS/M2_12_SUBMITTED_EVIDENCE_FILE_PROFILE.csv,,Original independently recalculated control result retained.,
RAW-PROFILE-057,RAW_EVIDENCE_PROFILE,224_HF14_pre_execution_stage_boundary_detail_20260811.csv,"{""bad_width_rows"": 0, ""bytes"": 3400, ""column_count"": 15, ""data_rows"": 12, ""header"": ""node_sequence|stage_code|certification_status|acceptance_summary_pass_rows|acceptance_summary_rows|required_evidence_rows|physical_required_evidence_rows|observed_required_evidence_rows|duplicate_required_evidence_rows|missing_required_evidence_codes|nonpass_evidence_codes|violation_evidence_codes|source_relation_set|source_evidence_row_hash|observed_count_or_identity"", ""sha256"": ""62661da776951e841d65fb5ca2a657a5dd0b0ec84e7d2c26f33dca8564427474""}",bytes=3400;sha256=62661da776951e841d65fb5ca2a657a5dd0b0ec84e7d2c26f33dca8564427474;rows=12;cols=15;bad=0,PASS,BLOCKER,PASS,BLOCKER,06_AUDIT_LEDGERS/M2_12_SUBMITTED_EVIDENCE_FILE_PROFILE.csv,,Original independently recalculated control result retained.,
RAW-PROFILE-058,RAW_EVIDENCE_PROFILE,224_HF14_pre_execution_state_summary_20260811.csv,"{""bad_width_rows"": 0, ""bytes"": 1223, ""column_count"": 43, ""data_rows"": 1, ""header"": ""state_verification_status|module1_run_id|run_code|run_version|run_status|contract_status|generated_at|validated_at|accepted_at|policy_rows|stage_rows|component_rows|evidence_certification_rows|reproduction_rows|capability_rows|latest_rows|archive_rows|registry_rows|canonical_entities|canonical_families|canonical_families_pass|deterministic_mismatches|generation_evidence_rows|generation_evidence_pass_rows|source_graph_rows|source_graph_pass_rows|stage_boundary_rows|stage_boundary_pass_rows|stage_boundary_required_controls|stage_boundary_physical_controls|positive_rows|positive_pass_rows|positive_distinct_codes|positive_exact_rows|negative_rows|acceptance_rows|g3_gate_rows|policy_sequence_state|archive_sequence_state|registry_sequence_state|combined_set_hash|expected_combined_set_hash|disposition"", ""sha256"": ""167ecf1a4829146fd764c4d27e1ea593b4a6f16ea156ff57640ae312dd7f396c""}",bytes=1223;sha256=167ecf1a4829146fd764c4d27e1ea593b4a6f16ea156ff57640ae312dd7f396c;rows=1;cols=43;bad=0,PASS,BLOCKER,PASS,BLOCKER,06_AUDIT_LEDGERS/M2_12_SUBMITTED_EVIDENCE_FILE_PROFILE.csv,,Original independently recalculated control result retained.,
RAW-PROFILE-059,RAW_EVIDENCE_PROFILE,224_msbf_m2_12_negative_controls_20_isolated_v1_HF14_persistence_result_20260811.csv,"{""bad_width_rows"": 0, ""bytes"": 287, ""column_count"": 13, ""data_rows"": 1, ""header"": ""module1_run_id|run_status|contract_status|positive_total_rows|positive_rows|positive_codes|negative_total_rows|negative_rows|negative_codes|acceptance_rows|gate_rows|exact_flag|persistence_status"", ""sha256"": ""10600f5bb011e1a8b48a35c2abe7935e874afa2c1762b22aa6e41f04e96afe01""}",bytes=287;sha256=10600f5bb011e1a8b48a35c2abe7935e874afa2c1762b22aa6e41f04e96afe01;rows=1;cols=13;bad=0,PASS,BLOCKER,PASS,BLOCKER,06_AUDIT_LEDGERS/M2_12_SUBMITTED_EVIDENCE_FILE_PROFILE.csv,,Original independently recalculated control result retained.,
RAW-PROFILE-060,RAW_EVIDENCE_PROFILE,224_msbf_m2_12_negative_controls_20_isolated_v1_HF14_results_20260811.csv,"{""bad_width_rows"": 0, ""bytes"": 15128, ""column_count"": 22, ""data_rows"": 20, ""header"": ""control_sequence|evidence_code|control_family|expected_sqlstate|authority_message_prefix|effective_message_signature|message_match_mode|expected_constraint|observed_sqlstate|observed_message|observed_constraint|canonical_before|canonical_after|hash_before|hash_after|sequence_before|sequence_after|lifecycle_before|lifecycle_after|isolation_status|status|interpretation"", ""sha256"": ""742b6e03b9a28ef0675f8e0bb7fdb56747968443f8d3cae9074d865d3c92a9af""}",bytes=15128;sha256=742b6e03b9a28ef0675f8e0bb7fdb56747968443f8d3cae9074d865d3c92a9af;rows=20;cols=22;bad=0,PASS,BLOCKER,PASS,BLOCKER,06_AUDIT_LEDGERS/M2_12_SUBMITTED_EVIDENCE_FILE_PROFILE.csv,,Original independently recalculated control result retained.,
RAW-PROFILE-061,RAW_EVIDENCE_PROFILE,225_HF16_pre_execution_canonical_family_detail_20260811.csv,"{""bad_width_rows"": 0, ""bytes"": 1083, ""column_count"": 9, ""data_rows"": 9, ""header"": ""family_sequence|family_code|expected_rows|observed_rows|row_hash_mismatch_count|reconstructed_set_hash|stored_set_hash|set_hash_mismatch_count|family_status"", ""sha256"": ""6433b353becfae0d881b7e653b1ab3cc4a235a64bb6a5a868d6f953d81fc47b7""}",bytes=1083;sha256=6433b353becfae0d881b7e653b1ab3cc4a235a64bb6a5a868d6f953d81fc47b7;rows=9;cols=9;bad=0,PASS,BLOCKER,PASS,BLOCKER,06_AUDIT_LEDGERS/M2_12_SUBMITTED_EVIDENCE_FILE_PROFILE.csv,,Original independently recalculated control result retained.,
RAW-PROFILE-062,RAW_EVIDENCE_PROFILE,225_HF16_pre_execution_generation_evidence_detail_20260811.csv,"{""bad_width_rows"": 0, ""bytes"": 2613, ""column_count"": 10, ""data_rows"": 24, ""header"": ""evidence_sequence|evidence_code|expected_observed_value|actual_rows|distinct_values|actual_observed_value|distinct_statuses|actual_status|value_mismatch_flag|evidence_status"", ""sha256"": ""0b5f3c4e35e477e9ac0f27deeb0e85c2c0d24402cbe3298b6922744762ff1d7c""}",bytes=2613;sha256=0b5f3c4e35e477e9ac0f27deeb0e85c2c0d24402cbe3298b6922744762ff1d7c;rows=24;cols=10;bad=0,PASS,BLOCKER,PASS,BLOCKER,06_AUDIT_LEDGERS/M2_12_SUBMITTED_EVIDENCE_FILE_PROFILE.csv,,Original independently recalculated control result retained.,
RAW-PROFILE-063,RAW_EVIDENCE_PROFILE,225_HF16_pre_execution_negative_evidence_detail_20260811.csv,"{""bad_width_rows"": 0, ""bytes"": 5659, ""column_count"": 14, ""data_rows"": 20, ""header"": ""control_sequence|evidence_code|expected_sqlstate|expected_constraint|expected_message|expected_observed_value|expected_status|actual_rows|distinct_values|actual_observed_value|distinct_statuses|actual_status|value_mismatch_flag|negative_evidence_status"", ""sha256"": ""9c77c37f5f3b14db8027d4abb6688817ec59d486646c317b9de9f0587fdcc861""}",bytes=5659;sha256=9c77c37f5f3b14db8027d4abb6688817ec59d486646c317b9de9f0587fdcc861;rows=20;cols=14;bad=0,PASS,BLOCKER,PASS,BLOCKER,06_AUDIT_LEDGERS/M2_12_SUBMITTED_EVIDENCE_FILE_PROFILE.csv,,Original independently recalculated control result retained.,
RAW-PROFILE-064,RAW_EVIDENCE_PROFILE,225_HF16_pre_execution_negative_evidence_encoding_detail_20260811.csv,"{""bad_width_rows"": 0, ""bytes"": 5538, ""column_count"": 13, ""data_rows"": 20, ""header"": ""control_sequence|evidence_code|expected_sqlstate|expected_constraint|expected_message|expected_metric_value_text|actual_rows|distinct_values|actual_metric_value_text|distinct_statuses|actual_status|value_mismatch_flag|evidence_status"", ""sha256"": ""eca0dc34333f1da3b689a4ae0624c84251a0b7e09a6b352fc7e39e6bf36ece5c""}",bytes=5538;sha256=eca0dc34333f1da3b689a4ae0624c84251a0b7e09a6b352fc7e39e6bf36ece5c;rows=20;cols=13;bad=0,PASS,BLOCKER,PASS,BLOCKER,06_AUDIT_LEDGERS/M2_12_SUBMITTED_EVIDENCE_FILE_PROFILE.csv,,Original independently recalculated control result retained.,
RAW-PROFILE-065,RAW_EVIDENCE_PROFILE,225_HF16_pre_execution_negative_evidence_encoding_failure_20260811.csv,"{""bad_width_rows"": 0, ""bytes"": 200, ""column_count"": 10, ""data_rows"": 0, ""header"": ""control_sequence|evidence_code|expected_metric_value_text|actual_metric_value_text|actual_rows|distinct_values|distinct_statuses|actual_status|value_mismatch_flag|evidence_status"", ""sha256"": ""24049a39c424f34f52ced877cc7c952c34d42a1f4cefdc385dc39c62f4b808f2""}",bytes=200;sha256=24049a39c424f34f52ced877cc7c952c34d42a1f4cefdc385dc39c62f4b808f2;rows=0;cols=10;bad=0,PASS,BLOCKER,PASS,BLOCKER,06_AUDIT_LEDGERS/M2_12_SUBMITTED_EVIDENCE_FILE_PROFILE.csv,,Original independently recalculated control result retained.,
RAW-PROFILE-066,RAW_EVIDENCE_PROFILE,225_HF16_pre_execution_negative_evidence_encoding_summary_20260811.csv,"{""bad_width_rows"": 0, ""bytes"": 250, ""column_count"": 9, ""data_rows"": 1, ""header"": ""context_rows|control_rows|distinct_control_codes|exact_pass_rows|failure_rows|empty_constraint_controls|named_constraint_controls|diagnostic_status|disposition"", ""sha256"": ""eb6952ebaca6294fc2e3728a799d7c435c01a01fc23555eeaac760cc9e134518""}",bytes=250;sha256=eb6952ebaca6294fc2e3728a799d7c435c01a01fc23555eeaac760cc9e134518;rows=1;cols=9;bad=0,PASS,BLOCKER,PASS,BLOCKER,06_AUDIT_LEDGERS/M2_12_SUBMITTED_EVIDENCE_FILE_PROFILE.csv,,Original independently recalculated control result retained.,
RAW-PROFILE-067,RAW_EVIDENCE_PROFILE,225_HF16_pre_execution_positive_evidence_detail_20260811.csv,"{""bad_width_rows"": 0, ""bytes"": 41857, ""column_count"": 11, ""data_rows"": 128, ""header"": ""control_sequence|evidence_code|expected_observed_value|expected_status|actual_rows|distinct_values|actual_observed_value|distinct_statuses|actual_status|value_mismatch_flag|positive_evidence_status"", ""sha256"": ""95cc16d4f29cbdbf746786245e879e2406442915f881d6400e5b8e7cf4105177""}",bytes=41857;sha256=95cc16d4f29cbdbf746786245e879e2406442915f881d6400e5b8e7cf4105177;rows=128;cols=11;bad=0,PASS,BLOCKER,PASS,BLOCKER,06_AUDIT_LEDGERS/M2_12_SUBMITTED_EVIDENCE_FILE_PROFILE.csv,,Original independently recalculated control result retained.,
RAW-PROFILE-068,RAW_EVIDENCE_PROFILE,225_HF16_pre_execution_source_graph_detail_20260811.csv,"{""bad_width_rows"": 0, ""bytes"": 3607, ""column_count"": 12, ""data_rows"": 19, ""header"": ""edge_sequence|edge_code|target_node_code|expected_source_hash|observed_accepted_source_hash|observed_target_recorded_source_hash|source_gate_status|source_registry_row_count|target_registry_row_count|source_hash_mismatch_flag|target_hash_mismatch_flag|edge_status"", ""sha256"": ""7ebf5d740b03ae0a603ebbbb02f6166a60db1649b142d76dc638ad6e36943a4e""}",bytes=3607;sha256=7ebf5d740b03ae0a603ebbbb02f6166a60db1649b142d76dc638ad6e36943a4e;rows=19;cols=12;bad=0,PASS,BLOCKER,PASS,BLOCKER,06_AUDIT_LEDGERS/M2_12_SUBMITTED_EVIDENCE_FILE_PROFILE.csv,,Original independently recalculated control result retained.,
RAW-PROFILE-069,RAW_EVIDENCE_PROFILE,225_HF16_pre_execution_stage_boundary_detail_20260811.csv,"{""bad_width_rows"": 0, ""bytes"": 3400, ""column_count"": 15, ""data_rows"": 12, ""header"": ""node_sequence|stage_code|certification_status|acceptance_summary_pass_rows|acceptance_summary_rows|required_evidence_rows|physical_required_evidence_rows|observed_required_evidence_rows|duplicate_required_evidence_rows|missing_required_evidence_codes|nonpass_evidence_codes|violation_evidence_codes|source_relation_set|source_evidence_row_hash|observed_count_or_identity"", ""sha256"": ""62661da776951e841d65fb5ca2a657a5dd0b0ec84e7d2c26f33dca8564427474""}",bytes=3400;sha256=62661da776951e841d65fb5ca2a657a5dd0b0ec84e7d2c26f33dca8564427474;rows=12;cols=15;bad=0,PASS,BLOCKER,PASS,BLOCKER,06_AUDIT_LEDGERS/M2_12_SUBMITTED_EVIDENCE_FILE_PROFILE.csv,,Original independently recalculated control result retained.,
RAW-PROFILE-070,RAW_EVIDENCE_PROFILE,225_HF16_pre_execution_state_summary_20260811.csv,"{""bad_width_rows"": 0, ""bytes"": 1302, ""column_count"": 46, ""data_rows"": 1, ""header"": ""state_verification_status|module1_run_id|run_code|run_version|run_status|contract_status|generated_at|validated_at|accepted_at|policy_rows|stage_rows|component_rows|evidence_certification_rows|reproduction_rows|capability_rows|latest_rows|archive_rows|registry_rows|canonical_entities|canonical_families|canonical_families_pass|deterministic_mismatches|generation_evidence_rows|generation_evidence_pass_rows|source_graph_rows|source_graph_pass_rows|stage_boundary_rows|stage_boundary_pass_rows|stage_boundary_required_controls|stage_boundary_physical_controls|positive_rows|positive_pass_rows|positive_distinct_codes|positive_exact_rows|negative_rows|negative_pass_rows|negative_distinct_codes|negative_exact_rows|acceptance_rows|g3_gate_rows|policy_sequence_state|archive_sequence_state|registry_sequence_state|combined_set_hash|expected_combined_set_hash|disposition"", ""sha256"": ""caa5ffb05c302cb6d87d9112f766191592796b4f0268aca2842468abfa540ae1""}",bytes=1302;sha256=caa5ffb05c302cb6d87d9112f766191592796b4f0268aca2842468abfa540ae1;rows=1;cols=46;bad=0,PASS,BLOCKER,PASS,BLOCKER,06_AUDIT_LEDGERS/M2_12_SUBMITTED_EVIDENCE_FILE_PROFILE.csv,,Original independently recalculated control result retained.,
RAW-PROFILE-071,RAW_EVIDENCE_PROFILE,225_HF19_pre_execution_application_view_column_detail_20260811.csv,"{""bad_width_rows"": 0, ""bytes"": 460, ""column_count"": 4, ""data_rows"": 12, ""header"": ""column_sequence|column_name|catalog_rows|column_status"", ""sha256"": ""e676693a7a8a28ceb53c3fca3d27f551441d05c4dc4e34b7219ca84d1b3865c2""}",bytes=460;sha256=e676693a7a8a28ceb53c3fca3d27f551441d05c4dc4e34b7219ca84d1b3865c2;rows=12;cols=4;bad=0,PASS,BLOCKER,PASS,BLOCKER,06_AUDIT_LEDGERS/M2_12_SUBMITTED_EVIDENCE_FILE_PROFILE.csv,,Original independently recalculated control result retained.,
RAW-PROFILE-072,RAW_EVIDENCE_PROFILE,225_HF19_pre_execution_application_view_data_summary_20260811.csv,"{""bad_width_rows"": 0, ""bytes"": 142, ""column_count"": 6, ""data_rows"": 1, ""header"": ""row_count|distinct_applications|distinct_scenarios|duplicate_business_keys|missing_lineage_rows|data_status"", ""sha256"": ""77113f4207cf6b9f032bff627b6d11198dd77c11275ee29b434a3a42e234fc30""}",bytes=142;sha256=77113f4207cf6b9f032bff627b6d11198dd77c11275ee29b434a3a42e234fc30;rows=1;cols=6;bad=0,PASS,BLOCKER,PASS,BLOCKER,06_AUDIT_LEDGERS/M2_12_SUBMITTED_EVIDENCE_FILE_PROFILE.csv,,Original independently recalculated control result retained.,
RAW-PROFILE-073,RAW_EVIDENCE_PROFILE,225_HF19_pre_execution_application_view_lineage_diagnostic_summary_20260811.csv,"{""bad_width_rows"": 0, ""bytes"": 249, ""column_count"": 9, ""data_rows"": 1, ""header"": ""required_columns|present_columns|row_count|distinct_applications|distinct_scenarios|duplicate_business_keys|missing_lineage_rows|diagnostic_status|disposition"", ""sha256"": ""ef6bcfe543d1f79efd502ad881d8bae3a5cfe00c640052ecd92f9ff0c23e66dd""}",bytes=249;sha256=ef6bcfe543d1f79efd502ad881d8bae3a5cfe00c640052ecd92f9ff0c23e66dd;rows=1;cols=9;bad=0,PASS,BLOCKER,PASS,BLOCKER,06_AUDIT_LEDGERS/M2_12_SUBMITTED_EVIDENCE_FILE_PROFILE.csv,,Original independently recalculated control result retained.,
RAW-PROFILE-074,RAW_EVIDENCE_PROFILE,225_HF20C2_pre_execution_acceptance_requirement_detail_20260811.csv,"{""bad_width_rows"": 0, ""bytes"": 9567, ""column_count"": 9, ""data_rows"": 47, ""header"": ""requirement_sequence|requirement_code|requirement_family|requirement_description|observed_value|expected_value|status|failure_detail|authoritative_source"", ""sha256"": ""5f7e7c3661d0ae029c307bc758a2b57fac84b040948b0f64c7976816d7a95380""}",bytes=9567;sha256=5f7e7c3661d0ae029c307bc758a2b57fac84b040948b0f64c7976816d7a95380;rows=47;cols=9;bad=0,PASS,BLOCKER,PASS,BLOCKER,06_AUDIT_LEDGERS/M2_12_SUBMITTED_EVIDENCE_FILE_PROFILE.csv,,Original independently recalculated control result retained.,
RAW-PROFILE-075,RAW_EVIDENCE_PROFILE,225_HF20C2_pre_execution_acceptance_requirement_diagnostic_summary_20260811.csv,"{""bad_width_rows"": 0, ""bytes"": 255, ""column_count"": 10, ""data_rows"": 1, ""header"": ""requirement_rows|distinct_requirement_codes|minimum_requirement_sequence|maximum_requirement_sequence|pass_rows|failure_rows|family_rows|family_pass_rows|diagnostic_status|disposition"", ""sha256"": ""0ada4e3b957dc007dd46077c8ab791b6cc09b266dcdc4560e73aa411ed15c1ec""}",bytes=255;sha256=0ada4e3b957dc007dd46077c8ab791b6cc09b266dcdc4560e73aa411ed15c1ec;rows=1;cols=10;bad=0,PASS,BLOCKER,PASS,BLOCKER,06_AUDIT_LEDGERS/M2_12_SUBMITTED_EVIDENCE_FILE_PROFILE.csv,,Original independently recalculated control result retained.,
RAW-PROFILE-076,RAW_EVIDENCE_PROFILE,225_HF20C2_pre_execution_acceptance_requirement_failures_20260811.csv,"{""bad_width_rows"": 0, ""bytes"": 728, ""column_count"": 9, ""data_rows"": 2, ""header"": ""requirement_sequence|requirement_code|requirement_family|requirement_description|observed_value|expected_value|status|failure_detail|authoritative_source"", ""sha256"": ""a2d462d258494e60771fcc02722fab16595cafe70841afe0873244ababafde90""}",bytes=728;sha256=a2d462d258494e60771fcc02722fab16595cafe70841afe0873244ababafde90;rows=2;cols=9;bad=0,PASS,BLOCKER,PASS,BLOCKER,06_AUDIT_LEDGERS/M2_12_SUBMITTED_EVIDENCE_FILE_PROFILE.csv,,Original independently recalculated control result retained.,
RAW-PROFILE-077,RAW_EVIDENCE_PROFILE,225_HF20C2_pre_execution_acceptance_requirement_family_summary_20260811.csv,"{""bad_width_rows"": 0, ""bytes"": 430, ""column_count"": 5, ""data_rows"": 17, ""header"": ""requirement_family|requirement_rows|pass_rows|failure_rows|family_status"", ""sha256"": ""7a34a185be1af674eeb1f96638e5f8445158638375ed1c7b2a96e71bc5fd0849""}",bytes=430;sha256=7a34a185be1af674eeb1f96638e5f8445158638375ed1c7b2a96e71bc5fd0849;rows=17;cols=5;bad=0,PASS,BLOCKER,PASS,BLOCKER,06_AUDIT_LEDGERS/M2_12_SUBMITTED_EVIDENCE_FILE_PROFILE.csv,,Original independently recalculated control result retained.,
RAW-PROFILE-078,RAW_EVIDENCE_PROFILE,225_HF20_pre_execution_module3_boundary_detail_20260811.csv,"{""bad_width_rows"": 0, ""bytes"": 173, ""column_count"": 6, ""data_rows"": 1, ""header"": ""module1_run_id|module3_object_rows|exact_policy_rows|policy_module3_authorized_rows|exact_validated_registry_rows|registry_module3_authorized_rows"", ""sha256"": ""af99f9a15c9112d5b47236125a104b540147c14018eee7e1c24de55df12d1a39""}",bytes=173;sha256=af99f9a15c9112d5b47236125a104b540147c14018eee7e1c24de55df12d1a39;rows=1;cols=6;bad=0,PASS,BLOCKER,PASS,BLOCKER,06_AUDIT_LEDGERS/M2_12_SUBMITTED_EVIDENCE_FILE_PROFILE.csv,,Original independently recalculated control result retained.,
RAW-PROFILE-079,RAW_EVIDENCE_PROFILE,225_HF20_pre_execution_module3_boundary_diagnostic_summary_20260811.csv,"{""bad_width_rows"": 0, ""bytes"": 164, ""column_count"": 5, ""data_rows"": 1, ""header"": ""module1_run_id|observed_vector|expected_vector|diagnostic_status|disposition"", ""sha256"": ""c27bd6883d37c94676a1fe88ba6f3081dee2a5579a405cf98a1635a2cc028459""}",bytes=164;sha256=c27bd6883d37c94676a1fe88ba6f3081dee2a5579a405cf98a1635a2cc028459;rows=1;cols=5;bad=0,PASS,BLOCKER,PASS,BLOCKER,06_AUDIT_LEDGERS/M2_12_SUBMITTED_EVIDENCE_FILE_PROFILE.csv,,Original independently recalculated control result retained.,
RAW-PROFILE-080,RAW_EVIDENCE_PROFILE,225_HF20_pre_execution_module3_object_detail_20260811.csv,"{""bad_width_rows"": 0, ""bytes"": 45, ""column_count"": 3, ""data_rows"": 0, ""header"": ""schema_name|object_name|relation_kind"", ""sha256"": ""a5474d55771df5e68134add4ecefbf07e47597601949c24e9c3ab61876b94a92""}",bytes=45;sha256=a5474d55771df5e68134add4ecefbf07e47597601949c24e9c3ab61876b94a92;rows=0;cols=3;bad=0,PASS,BLOCKER,PASS,BLOCKER,06_AUDIT_LEDGERS/M2_12_SUBMITTED_EVIDENCE_FILE_PROFILE.csv,,Original independently recalculated control result retained.,
RAW-PROFILE-081,RAW_EVIDENCE_PROFILE,225_HF23_pre_execution_acceptance_requirement_detail_20260811.csv,"{""bad_width_rows"": 0, ""bytes"": 9481, ""column_count"": 9, ""data_rows"": 47, ""header"": ""requirement_sequence|requirement_code|requirement_family|requirement_description|observed_value|expected_value|status|failure_detail|authoritative_source"", ""sha256"": ""83d2e8ca803dab03a2fb050d0d812ea85834737f94a05e7858fbed9580653828""}",bytes=9481;sha256=83d2e8ca803dab03a2fb050d0d812ea85834737f94a05e7858fbed9580653828;rows=47;cols=9;bad=0,PASS,BLOCKER,PASS,BLOCKER,06_AUDIT_LEDGERS/M2_12_SUBMITTED_EVIDENCE_FILE_PROFILE.csv,,Original independently recalculated control result retained.,
RAW-PROFILE-082,RAW_EVIDENCE_PROFILE,225_HF23_pre_execution_acceptance_requirement_diagnostic_summary_20260811.csv,"{""bad_width_rows"": 0, ""bytes"": 267, ""column_count"": 10, ""data_rows"": 1, ""header"": ""requirement_rows|distinct_requirement_codes|minimum_requirement_sequence|maximum_requirement_sequence|pass_rows|failure_rows|family_rows|family_pass_rows|diagnostic_status|disposition"", ""sha256"": ""def3fd7473821824910123a5e5bc2e6a8d2af433f1aece6b2e79e5f5d1546adb""}",bytes=267;sha256=def3fd7473821824910123a5e5bc2e6a8d2af433f1aece6b2e79e5f5d1546adb;rows=1;cols=10;bad=0,PASS,BLOCKER,PASS,BLOCKER,06_AUDIT_LEDGERS/M2_12_SUBMITTED_EVIDENCE_FILE_PROFILE.csv,,Original independently recalculated control result retained.,
RAW-PROFILE-083,RAW_EVIDENCE_PROFILE,225_HF23_pre_execution_acceptance_requirement_failures_20260811.csv,"{""bad_width_rows"": 0, ""bytes"": 173, ""column_count"": 9, ""data_rows"": 0, ""header"": ""requirement_sequence|requirement_code|requirement_family|requirement_description|observed_value|expected_value|status|failure_detail|authoritative_source"", ""sha256"": ""35e030d3d43828e33cb283579f8620188d8ba35d6c8f5ec70fc9f70fcf22385f""}",bytes=173;sha256=35e030d3d43828e33cb283579f8620188d8ba35d6c8f5ec70fc9f70fcf22385f;rows=0;cols=9;bad=0,PASS,BLOCKER,PASS,BLOCKER,06_AUDIT_LEDGERS/M2_12_SUBMITTED_EVIDENCE_FILE_PROFILE.csv,,Original independently recalculated control result retained.,
RAW-PROFILE-084,RAW_EVIDENCE_PROFILE,225_HF23_pre_execution_acceptance_requirement_family_summary_20260811.csv,"{""bad_width_rows"": 0, ""bytes"": 430, ""column_count"": 5, ""data_rows"": 17, ""header"": ""requirement_family|requirement_rows|pass_rows|failure_rows|family_status"", ""sha256"": ""c46de6f9893536dc2ecfc00c9945b798748df7297943bfde6da4c87a2040e740""}",bytes=430;sha256=c46de6f9893536dc2ecfc00c9945b798748df7297943bfde6da4c87a2040e740;rows=17;cols=5;bad=0,PASS,BLOCKER,PASS,BLOCKER,06_AUDIT_LEDGERS/M2_12_SUBMITTED_EVIDENCE_FILE_PROFILE.csv,,Original independently recalculated control result retained.,
RAW-PROFILE-085,RAW_EVIDENCE_PROFILE,225_msbf_m2_12_acceptance_finalizer_v1_HF23_results_20260811.csv,"{""bad_width_rows"": 0, ""bytes"": 954, ""column_count"": 26, ""data_rows"": 1, ""header"": ""run_id|run_code|run_version|final_run_status|bundle_code|contract_version|final_contract_status|gate_id|review_version|acceptance_gate_status|acceptance_evidence_code|acceptance_evidence_status|acceptance_requirements|acceptance_requirements_passed|positive_controls_passed|negative_controls_passed|canonical_entity_count|contract_set_hash|combined_set_hash|registry_row_hash|acceptance_scope|deployment_authorization_status|legal_or_regulatory_certification_status|autonomous_champion_status|module3_authorization_status|acceptance_status"", ""sha256"": ""bcdfe27248d600f1e2114aaf89230aebb32b0cb1d7223ba078882a4fc6e0c542""}",bytes=954;sha256=bcdfe27248d600f1e2114aaf89230aebb32b0cb1d7223ba078882a4fc6e0c542;rows=1;cols=26;bad=0,PASS,BLOCKER,PASS,BLOCKER,06_AUDIT_LEDGERS/M2_12_SUBMITTED_EVIDENCE_FILE_PROFILE.csv,,Original independently recalculated control result retained.,
RAW-PROFILE-086,RAW_EVIDENCE_PROFILE,226_HF24_pre_execution_evidence_summary_20260811.csv,"{""bad_width_rows"": 0, ""bytes"": 381, ""column_count"": 16, ""data_rows"": 1, ""header"": ""positive_rows|positive_pass_rows|positive_distinct_codes|negative_rows|negative_pass_rows|negative_distinct_codes|generation_rows|generation_pass_rows|generation_distinct_codes|acceptance_rows|acceptance_pass_rows|nonpass_rows|gate_rows|exact_gate_rows|exact_acceptance_total_rows|exact_acceptance_rows"", ""sha256"": ""11941fe3a9e93a7419a48d41a5d5beff1a4d3ea9ed12aa926dee40ae6a3f4849""}",bytes=381;sha256=11941fe3a9e93a7419a48d41a5d5beff1a4d3ea9ed12aa926dee40ae6a3f4849;rows=1;cols=16;bad=0,PASS,BLOCKER,PASS,BLOCKER,06_AUDIT_LEDGERS/M2_12_SUBMITTED_EVIDENCE_FILE_PROFILE.csv,,Original independently recalculated control result retained.,
RAW-PROFILE-087,RAW_EVIDENCE_PROFILE,226_HF24_pre_execution_hash_detail_20260811.csv,"{""bad_width_rows"": 0, ""bytes"": 2282, ""column_count"": 7, ""data_rows"": 12, ""header"": ""hash_sequence|hash_code|stored_hash|reconstructed_hash|mismatch_flag|authoritative_source|ordered_business_key"", ""sha256"": ""ec0e2d1bf62c2f8bdeedd611c4e2b3da8f679e6a4a5b875777500056e67b25b3""}",bytes=2282;sha256=ec0e2d1bf62c2f8bdeedd611c4e2b3da8f679e6a4a5b875777500056e67b25b3;rows=12;cols=7;bad=0,PASS,BLOCKER,PASS,BLOCKER,06_AUDIT_LEDGERS/M2_12_SUBMITTED_EVIDENCE_FILE_PROFILE.csv,,Original independently recalculated control result retained.,
RAW-PROFILE-088,RAW_EVIDENCE_PROFILE,226_HF24_pre_execution_source_graph_detail_20260811.csv,"{""bad_width_rows"": 0, ""bytes"": 3607, ""column_count"": 12, ""data_rows"": 19, ""header"": ""edge_sequence|edge_code|target_node_code|expected_source_hash|observed_accepted_source_hash|observed_target_recorded_source_hash|source_gate_status|source_registry_row_count|target_registry_row_count|source_hash_mismatch_flag|target_hash_mismatch_flag|edge_status"", ""sha256"": ""7ebf5d740b03ae0a603ebbbb02f6166a60db1649b142d76dc638ad6e36943a4e""}",bytes=3607;sha256=7ebf5d740b03ae0a603ebbbb02f6166a60db1649b142d76dc638ad6e36943a4e;rows=19;cols=12;bad=0,PASS,BLOCKER,PASS,BLOCKER,06_AUDIT_LEDGERS/M2_12_SUBMITTED_EVIDENCE_FILE_PROFILE.csv,,Original independently recalculated control result retained.,
RAW-PROFILE-089,RAW_EVIDENCE_PROFILE,226_HF24_pre_execution_stage_boundary_detail_20260811.csv,"{""bad_width_rows"": 0, ""bytes"": 3400, ""column_count"": 15, ""data_rows"": 12, ""header"": ""node_sequence|stage_code|certification_status|acceptance_summary_pass_rows|acceptance_summary_rows|required_evidence_rows|physical_required_evidence_rows|observed_required_evidence_rows|duplicate_required_evidence_rows|missing_required_evidence_codes|nonpass_evidence_codes|violation_evidence_codes|source_relation_set|source_evidence_row_hash|observed_count_or_identity"", ""sha256"": ""62661da776951e841d65fb5ca2a657a5dd0b0ec84e7d2c26f33dca8564427474""}",bytes=3400;sha256=62661da776951e841d65fb5ca2a657a5dd0b0ec84e7d2c26f33dca8564427474;rows=12;cols=15;bad=0,PASS,BLOCKER,PASS,BLOCKER,06_AUDIT_LEDGERS/M2_12_SUBMITTED_EVIDENCE_FILE_PROFILE.csv,,Original independently recalculated control result retained.,
RAW-PROFILE-090,RAW_EVIDENCE_PROFILE,226_HF24_pre_execution_state_summary_20260811.csv,"{""bad_width_rows"": 0, ""bytes"": 1125, ""column_count"": 40, ""data_rows"": 1, ""header"": ""module1_run_id|run_code|run_version|run_status|contract_status|gate_status|contract_set_hash|combined_set_hash|registry_row_hash|positive_rows|positive_pass_rows|positive_distinct_codes|negative_rows|negative_pass_rows|negative_distinct_codes|generation_rows|generation_pass_rows|generation_distinct_codes|acceptance_rows|acceptance_pass_rows|nonpass_rows|source_graph_rows|source_graph_pass_rows|stage_boundary_rows|stage_boundary_pass_rows|stage_boundary_required_controls|stage_boundary_physical_controls|canonical_families|canonical_entities|deterministic_mismatches|g3_parity_status|chain_findings|boundary_findings|application_rows|operational_rows|strategy_rows|strategy_partial_rows|stress_nonimprovement_pass_rows|verification_status|disposition"", ""sha256"": ""819caf681c31792563400b333def75930e9f430d769c6fa7b14704435e471e8c""}",bytes=1125;sha256=819caf681c31792563400b333def75930e9f430d769c6fa7b14704435e471e8c;rows=1;cols=40;bad=0,PASS,BLOCKER,PASS,BLOCKER,06_AUDIT_LEDGERS/M2_12_SUBMITTED_EVIDENCE_FILE_PROFILE.csv,,Original independently recalculated control result retained.,
RAW-PROFILE-091,RAW_EVIDENCE_PROFILE,227_HF25_pre_execution_evidence_summary_20260812.csv,"{""bad_width_rows"": 0, ""bytes"": 381, ""column_count"": 16, ""data_rows"": 1, ""header"": ""positive_rows|positive_pass_rows|positive_distinct_codes|negative_rows|negative_pass_rows|negative_distinct_codes|generation_rows|generation_pass_rows|generation_distinct_codes|acceptance_rows|acceptance_pass_rows|nonpass_rows|gate_rows|exact_gate_rows|exact_acceptance_total_rows|exact_acceptance_rows"", ""sha256"": ""11941fe3a9e93a7419a48d41a5d5beff1a4d3ea9ed12aa926dee40ae6a3f4849""}",bytes=381;sha256=11941fe3a9e93a7419a48d41a5d5beff1a4d3ea9ed12aa926dee40ae6a3f4849;rows=1;cols=16;bad=0,PASS,BLOCKER,PASS,BLOCKER,06_AUDIT_LEDGERS/M2_12_SUBMITTED_EVIDENCE_FILE_PROFILE.csv,,Original independently recalculated control result retained.,
RAW-PROFILE-092,RAW_EVIDENCE_PROFILE,227_HF25_pre_execution_hash_detail_20260812.csv,"{""bad_width_rows"": 0, ""bytes"": 2282, ""column_count"": 7, ""data_rows"": 12, ""header"": ""hash_sequence|hash_code|stored_hash|reconstructed_hash|mismatch_flag|authoritative_source|ordered_business_key"", ""sha256"": ""ec0e2d1bf62c2f8bdeedd611c4e2b3da8f679e6a4a5b875777500056e67b25b3""}",bytes=2282;sha256=ec0e2d1bf62c2f8bdeedd611c4e2b3da8f679e6a4a5b875777500056e67b25b3;rows=12;cols=7;bad=0,PASS,BLOCKER,PASS,BLOCKER,06_AUDIT_LEDGERS/M2_12_SUBMITTED_EVIDENCE_FILE_PROFILE.csv,,Original independently recalculated control result retained.,
RAW-PROFILE-093,RAW_EVIDENCE_PROFILE,227_HF25_pre_execution_source_graph_detail_20260812.csv,"{""bad_width_rows"": 0, ""bytes"": 3607, ""column_count"": 12, ""data_rows"": 19, ""header"": ""edge_sequence|edge_code|target_node_code|expected_source_hash|observed_accepted_source_hash|observed_target_recorded_source_hash|source_gate_status|source_registry_row_count|target_registry_row_count|source_hash_mismatch_flag|target_hash_mismatch_flag|edge_status"", ""sha256"": ""7ebf5d740b03ae0a603ebbbb02f6166a60db1649b142d76dc638ad6e36943a4e""}",bytes=3607;sha256=7ebf5d740b03ae0a603ebbbb02f6166a60db1649b142d76dc638ad6e36943a4e;rows=19;cols=12;bad=0,PASS,BLOCKER,PASS,BLOCKER,06_AUDIT_LEDGERS/M2_12_SUBMITTED_EVIDENCE_FILE_PROFILE.csv,,Original independently recalculated control result retained.,
RAW-PROFILE-094,RAW_EVIDENCE_PROFILE,227_HF25_pre_execution_stage_boundary_detail_20260812.csv,"{""bad_width_rows"": 0, ""bytes"": 3400, ""column_count"": 15, ""data_rows"": 12, ""header"": ""node_sequence|stage_code|certification_status|acceptance_summary_pass_rows|acceptance_summary_rows|required_evidence_rows|physical_required_evidence_rows|observed_required_evidence_rows|duplicate_required_evidence_rows|missing_required_evidence_codes|nonpass_evidence_codes|violation_evidence_codes|source_relation_set|source_evidence_row_hash|observed_count_or_identity"", ""sha256"": ""62661da776951e841d65fb5ca2a657a5dd0b0ec84e7d2c26f33dca8564427474""}",bytes=3400;sha256=62661da776951e841d65fb5ca2a657a5dd0b0ec84e7d2c26f33dca8564427474;rows=12;cols=15;bad=0,PASS,BLOCKER,PASS,BLOCKER,06_AUDIT_LEDGERS/M2_12_SUBMITTED_EVIDENCE_FILE_PROFILE.csv,,Original independently recalculated control result retained.,
RAW-PROFILE-095,RAW_EVIDENCE_PROFILE,227_HF25_pre_execution_state_summary_20260812.csv,"{""bad_width_rows"": 0, ""bytes"": 1125, ""column_count"": 40, ""data_rows"": 1, ""header"": ""module1_run_id|run_code|run_version|run_status|contract_status|gate_status|contract_set_hash|combined_set_hash|registry_row_hash|positive_rows|positive_pass_rows|positive_distinct_codes|negative_rows|negative_pass_rows|negative_distinct_codes|generation_rows|generation_pass_rows|generation_distinct_codes|acceptance_rows|acceptance_pass_rows|nonpass_rows|source_graph_rows|source_graph_pass_rows|stage_boundary_rows|stage_boundary_pass_rows|stage_boundary_required_controls|stage_boundary_physical_controls|canonical_families|canonical_entities|deterministic_mismatches|g3_parity_status|chain_findings|boundary_findings|application_rows|operational_rows|strategy_rows|strategy_partial_rows|stress_nonimprovement_pass_rows|verification_status|disposition"", ""sha256"": ""1292f6490e584eb77f71639db48a2baadb5f2e2725095c02f07411eaa8a585fb""}",bytes=1125;sha256=1292f6490e584eb77f71639db48a2baadb5f2e2725095c02f07411eaa8a585fb;rows=1;cols=40;bad=0,PASS,BLOCKER,PASS,BLOCKER,06_AUDIT_LEDGERS/M2_12_SUBMITTED_EVIDENCE_FILE_PROFILE.csv,,Original independently recalculated control result retained.,
RAW-PROFILE-096,RAW_EVIDENCE_PROFILE,227_HF27_pre_execution_application_summary_detail_20260812.csv,"{""bad_width_rows"": 0, ""bytes"": 487, ""column_count"": 14, ""data_rows"": 3, ""header"": ""reporting_scope_code|expected_rows|row_count|expected_distinct_applications|distinct_application_count|orphan_count|multiplicity_error_count|source_contract_count|complete_evidence_count|partial_evidence_count|blocked_evidence_count|invalid_evidence_status_count|missing_lineage_count|scope_status"", ""sha256"": ""6cc79ebda2649be3ac0462ca01ca8a0866a50b92bfeca736564b39f1bb70cc01""}",bytes=487;sha256=6cc79ebda2649be3ac0462ca01ca8a0866a50b92bfeca736564b39f1bb70cc01;rows=3;cols=14;bad=0,PASS,BLOCKER,PASS,BLOCKER,06_AUDIT_LEDGERS/M2_12_SUBMITTED_EVIDENCE_FILE_PROFILE.csv,,Original independently recalculated control result retained.,
RAW-PROFILE-097,RAW_EVIDENCE_PROFILE,227_HF27_pre_execution_application_summary_diagnostic_summary_20260812.csv,"{""bad_width_rows"": 0, ""bytes"": 319, ""column_count"": 11, ""data_rows"": 1, ""header"": ""scope_rows|scope_pass_rows|failure_rows|scope_row_count_sum|complete_evidence_count_sum|partial_evidence_count_sum|blocked_evidence_count_sum|invalid_evidence_status_count_sum|missing_lineage_count_sum|diagnostic_status|disposition"", ""sha256"": ""389aedbd56f2a8efdb5930fa39096e8ee6166bb4cadfe8d7c796f362d2124d3e""}",bytes=319;sha256=389aedbd56f2a8efdb5930fa39096e8ee6166bb4cadfe8d7c796f362d2124d3e;rows=1;cols=11;bad=0,PASS,BLOCKER,PASS,BLOCKER,06_AUDIT_LEDGERS/M2_12_SUBMITTED_EVIDENCE_FILE_PROFILE.csv,,Original independently recalculated control result retained.,
RAW-PROFILE-098,RAW_EVIDENCE_PROFILE,227_HF27_pre_execution_application_summary_failures_20260812.csv,"{""bad_width_rows"": 0, ""bytes"": 327, ""column_count"": 14, ""data_rows"": 0, ""header"": ""reporting_scope_code|expected_rows|row_count|expected_distinct_applications|distinct_application_count|orphan_count|multiplicity_error_count|source_contract_count|complete_evidence_count|partial_evidence_count|blocked_evidence_count|invalid_evidence_status_count|missing_lineage_count|scope_status"", ""sha256"": ""1728d9aa3643d09b157476ae46f2e6390cf9156a499bcca9a9782532964136b5""}",bytes=327;sha256=1728d9aa3643d09b157476ae46f2e6390cf9156a499bcca9a9782532964136b5;rows=0;cols=14;bad=0,PASS,BLOCKER,PASS,BLOCKER,06_AUDIT_LEDGERS/M2_12_SUBMITTED_EVIDENCE_FILE_PROFILE.csv,,Original independently recalculated control result retained.,
RAW-PROFILE-099,RAW_EVIDENCE_PROFILE,MSBF_M2_12_Enterprise_Portfolio_Certification_&_Consumption_Contract_Detail_Report_v1_Application_Consumption_Summary_20260812.csv,"{""bad_width_rows"": 0, ""bytes"": 252, ""column_count"": 7, ""data_rows"": 3, ""header"": ""reporting_scope_code|row_count|distinct_application_count|orphan_count|multiplicity_error_count|source_contract_count|blocked_evidence_count"", ""sha256"": ""8c30821d4a800407164d0cc12a7aae3348eb7e90c22f2248a928164daf66443c""}",bytes=252;sha256=8c30821d4a800407164d0cc12a7aae3348eb7e90c22f2248a928164daf66443c;rows=3;cols=7;bad=0,PASS,BLOCKER,PASS,BLOCKER,06_AUDIT_LEDGERS/M2_12_SUBMITTED_EVIDENCE_FILE_PROFILE.csv,,Original independently recalculated control result retained.,
RAW-PROFILE-100,RAW_EVIDENCE_PROFILE,MSBF_M2_12_Enterprise_Portfolio_Certification_&_Consumption_Contract_Detail_Report_v1_Blocking_Stage_Boundary_Violations_20260812.csv,"{""bad_width_rows"": 0, ""bytes"": 83, ""column_count"": 6, ""data_rows"": 0, ""header"": ""violation_type|entity_type|entity_key|source_relation|severity|detail"", ""sha256"": ""ffca7d90c9dce5da0a818b6c57573fd71e4edd803d2dfd37081ebd3590479808""}",bytes=83;sha256=ffca7d90c9dce5da0a818b6c57573fd71e4edd803d2dfd37081ebd3590479808;rows=0;cols=6;bad=0,PASS,BLOCKER,PASS,BLOCKER,06_AUDIT_LEDGERS/M2_12_SUBMITTED_EVIDENCE_FILE_PROFILE.csv,,Original independently recalculated control result retained.,
RAW-PROFILE-101,RAW_EVIDENCE_PROFILE,MSBF_M2_12_Enterprise_Portfolio_Certification_&_Consumption_Contract_Detail_Report_v1_Capability_Coverage_20260812.csv,"{""bad_width_rows"": 0, ""bytes"": 5352, ""column_count"": 9, ""data_rows"": 20, ""header"": ""capability_sequence|capability_code|coverage_status_code|certifying_stage_code|claim_boundary|production_action_authorized_flag|legal_or_regulatory_certified_flag|notes|row_hash"", ""sha256"": ""aad96fad2c47b18f33882cebdd3d7b393c8f4b41c288c03889a951751aff9c81""}",bytes=5352;sha256=aad96fad2c47b18f33882cebdd3d7b393c8f4b41c288c03889a951751aff9c81;rows=20;cols=9;bad=0,PASS,BLOCKER,PASS,BLOCKER,06_AUDIT_LEDGERS/M2_12_SUBMITTED_EVIDENCE_FILE_PROFILE.csv,,Original independently recalculated control result retained.,
RAW-PROFILE-102,RAW_EVIDENCE_PROFILE,MSBF_M2_12_Enterprise_Portfolio_Certification_&_Consumption_Contract_Detail_Report_v1_Complete_Nineteen_Edge_Source_Graph_20260812.csv,"{""bad_width_rows"": 0, ""bytes"": 6083, ""column_count"": 13, ""data_rows"": 19, ""header"": ""edge_sequence|edge_code|edge_family|source_node_code|target_node_code|edge_role|source_hash_field|expected_source_hash|observed_source_hash|source_status|target_status|edge_status|interpretation"", ""sha256"": ""e865682bd6f2039d095587a2b3ec409b80d330d4b7428fcd3a6eed0a5cda1401""}",bytes=6083;sha256=e865682bd6f2039d095587a2b3ec409b80d330d4b7428fcd3a6eed0a5cda1401;rows=19;cols=13;bad=0,PASS,BLOCKER,PASS,BLOCKER,06_AUDIT_LEDGERS/M2_12_SUBMITTED_EVIDENCE_FILE_PROFILE.csv,,Original independently recalculated control result retained.,
RAW-PROFILE-103,RAW_EVIDENCE_PROFILE,MSBF_M2_12_Enterprise_Portfolio_Certification_&_Consumption_Contract_Detail_Report_v1_Component_Latest_Archive_Inventory_20260812.csv,"{""bad_width_rows"": 0, ""bytes"": 3976, ""column_count"": 12, ""data_rows"": 13, ""header"": ""component_sequence|component_contract_code|latest_relation|archive_relation|latest_business_grain|expected_latest_rows|observed_latest_rows|expected_archive_rows|observed_archive_rows|latest_set_hash|archive_set_hash|archive_trigger_status"", ""sha256"": ""6a64b33a5892f25a20a22ffc7a308bfb8077f066a79af0ca4fbe6ed0282e9d8a""}",bytes=3976;sha256=6a64b33a5892f25a20a22ffc7a308bfb8077f066a79af0ca4fbe6ed0282e9d8a;rows=13;cols=12;bad=0,PASS,BLOCKER,PASS,BLOCKER,06_AUDIT_LEDGERS/M2_12_SUBMITTED_EVIDENCE_FILE_PROFILE.csv,,Original independently recalculated control result retained.,
RAW-PROFILE-104,RAW_EVIDENCE_PROFILE,MSBF_M2_12_Enterprise_Portfolio_Certification_&_Consumption_Contract_Detail_Report_v1_Contract_Reproduction_20260812.csv,"{""bad_width_rows"": 0, ""bytes"": 2608, ""column_count"": 14, ""data_rows"": 13, ""header"": ""component_sequence|component_contract_code|contract_version|latest_rows|archive_rows|latest_set_hash|archive_set_hash|payload_mismatches|missing_latest_rows|missing_archive_rows|duplicate_key_rows|immutability_trigger_status|reproduction_status|row_hash"", ""sha256"": ""cffc1567ede90168c69397d66f1479a051ad26593d554cef552e6cb2358d9d6c""}",bytes=2608;sha256=cffc1567ede90168c69397d66f1479a051ad26593d554cef552e6cb2358d9d6c;rows=13;cols=14;bad=0,PASS,BLOCKER,PASS,BLOCKER,06_AUDIT_LEDGERS/M2_12_SUBMITTED_EVIDENCE_FILE_PROFILE.csv,,Original independently recalculated control result retained.,
RAW-PROFILE-105,RAW_EVIDENCE_PROFILE,MSBF_M2_12_Enterprise_Portfolio_Certification_&_Consumption_Contract_Detail_Report_v1_Deterministic_Mismatches_20260812.csv,"{""bad_width_rows"": 0, ""bytes"": 139, ""column_count"": 8, ""data_rows"": 0, ""header"": ""entity_type|entity_key|stored_row_hash|reconstructed_row_hash|stored_set_hash|reconstructed_set_hash|mismatch_type|detail"", ""sha256"": ""616c27f255e9acba0d595691c529c0c8e95ec54d5890d35150db54ffd033ef9a""}",bytes=139;sha256=616c27f255e9acba0d595691c529c0c8e95ec54d5890d35150db54ffd033ef9a;rows=0;cols=8;bad=0,PASS,BLOCKER,PASS,BLOCKER,06_AUDIT_LEDGERS/M2_12_SUBMITTED_EVIDENCE_FILE_PROFILE.csv,,Original independently recalculated control result retained.,
RAW-PROFILE-106,RAW_EVIDENCE_PROFILE,MSBF_M2_12_Enterprise_Portfolio_Certification_&_Consumption_Contract_Detail_Report_v1_Frontier_Non_Dominated_Summary_20260812.csv,"{""bad_width_rows"": 0, ""bytes"": 3534, ""column_count"": 14, ""data_rows"": 24, ""header"": ""reporting_scope_code|strategy_profile_code|frontier_eligible_flag|dominance_status|dominated_by_count|frontier_rank|governance_balance_score|selected_exposure_amount|access_rate|expected_loss_density|risk_adjusted_contribution|annualized_return|servicing_burden_units|payment_burden_rate"", ""sha256"": ""2005f996dcad1993e4b924c9121370e08ee9c96622b06b4e97dd783a4653e2cf""}",bytes=3534;sha256=2005f996dcad1993e4b924c9121370e08ee9c96622b06b4e97dd783a4653e2cf;rows=24;cols=14;bad=0,PASS,BLOCKER,PASS,BLOCKER,06_AUDIT_LEDGERS/M2_12_SUBMITTED_EVIDENCE_FILE_PROFILE.csv,,Original independently recalculated control result retained.,
RAW-PROFILE-107,RAW_EVIDENCE_PROFILE,MSBF_M2_12_Enterprise_Portfolio_Certification_&_Consumption_Contract_Detail_Report_v1_Full_1500_Row_Application_Detail_20260812.csv,"{""bad_width_rows"": 0, ""bytes"": 80281, ""column_count"": 18, ""data_rows"": 200, ""header"": ""run_id|scenario_id|scenario_code|merchant_application_id|merchant_id|application_date|as_of_date|m1_17_contract_row_hash|m2_1_contract_row_hash|m2_2_request_contract_row_hash|m2_2_pricing_contract_row_hash|m2_3_contract_row_hash|m2_4_contract_row_hash|eligibility_status|pricing_disposition|final_decision_outcome|activation_outcome|evidence_status"", ""sha256"": ""f820387c499555cfd2dd1d9d7a3f4445ac5fe9642b222a4640b8c447f8a78226""}",bytes=80281;sha256=f820387c499555cfd2dd1d9d7a3f4445ac5fe9642b222a4640b8c447f8a78226;rows=200;cols=18;bad=0,PASS,BLOCKER,PASS,BLOCKER,06_AUDIT_LEDGERS/M2_12_SUBMITTED_EVIDENCE_FILE_PROFILE.csv,,Original independently recalculated control result retained.,
RAW-PROFILE-108,RAW_EVIDENCE_PROFILE,MSBF_M2_12_Enterprise_Portfolio_Certification_&_Consumption_Contract_Detail_Report_v1_Full_59_Row_Operational_Account_Detail_20260812.csv,"{""bad_width_rows"": 0, ""bytes"": 32101, ""column_count"": 23, ""data_rows"": 59, ""header"": ""run_id|scenario_id|scenario_code|merchant_application_id|synthetic_account_id|synthetic_advance_id|m2_4_contract_row_hash|m2_5_contract_row_hash|m2_6_contract_row_hash|m2_7_contract_row_hash|m2_8_contract_row_hash|m2_9_contract_row_hash|m2_10_contract_row_hash|activation_outcome|monitoring_state|intervention_posture|operational_setup_state|lifecycle_state|certified_state|performance_tier|servicing_queue|certified_exposure_amount|servicing_burden_units"", ""sha256"": ""e2236f6c67918d375a7571ce8b72ccbc695fb39a317b5d18608ffa88e2ea29a7""}",bytes=32101;sha256=e2236f6c67918d375a7571ce8b72ccbc695fb39a317b5d18608ffa88e2ea29a7;rows=59;cols=23;bad=0,PASS,BLOCKER,PASS,BLOCKER,06_AUDIT_LEDGERS/M2_12_SUBMITTED_EVIDENCE_FILE_PROFILE.csv,,Original independently recalculated control result retained.,
RAW-PROFILE-109,RAW_EVIDENCE_PROFILE,MSBF_M2_12_Enterprise_Portfolio_Certification_&_Consumption_Contract_Detail_Report_v1_G3_Bundle_Latest_20260812.csv,"{""bad_width_rows"": 0, ""bytes"": 10529, ""column_count"": 16, ""data_rows"": 1, ""header"": ""bundle_code|contract_version|schema_version|methodology_version|run_id|source_node_count|component_contract_count|canonical_family_count|canonical_entity_count|application_consumption_rows|operational_account_consumption_rows|strategy_scope_consumption_rows|capability_summary|nonproduction_flags|contract_row_hash|row_hash"", ""sha256"": ""93a7a156b4c61f4427b37249d7b7e7d35d7d81222ea9c992e32948acaaf5b28a""}",bytes=10529;sha256=93a7a156b4c61f4427b37249d7b7e7d35d7d81222ea9c992e32948acaaf5b28a;rows=1;cols=16;bad=0,PASS,BLOCKER,PASS,BLOCKER,06_AUDIT_LEDGERS/M2_12_SUBMITTED_EVIDENCE_FILE_PROFILE.csv,,Original independently recalculated control result retained.,
RAW-PROFILE-110,RAW_EVIDENCE_PROFILE,MSBF_M2_12_Enterprise_Portfolio_Certification_&_Consumption_Contract_Detail_Report_v1_G3_Latest_Archive_Reproduction_20260812.csv,"{""bad_width_rows"": 0, ""bytes"": 435, ""column_count"": 10, ""data_rows"": 1, ""header"": ""bundle_code|contract_version|latest_contract_row_hash|archive_contract_row_hash|source_latest_row_hash|latest_row_hash|archive_row_hash|payload_mismatch_count|immutability_trigger_status|reproduction_status"", ""sha256"": ""9df992ce46fd7c923260a6010826cf7af0ac612be31ddc6567f4e8314c71380c""}",bytes=435;sha256=9df992ce46fd7c923260a6010826cf7af0ac612be31ddc6567f4e8314c71380c;rows=1;cols=10;bad=0,PASS,BLOCKER,PASS,BLOCKER,06_AUDIT_LEDGERS/M2_12_SUBMITTED_EVIDENCE_FILE_PROFILE.csv,,Original independently recalculated control result retained.,
RAW-PROFILE-111,RAW_EVIDENCE_PROFILE,MSBF_M2_12_Enterprise_Portfolio_Certification_&_Consumption_Contract_Detail_Report_v1_G3_Registry_Canonical_Hashes_20260812.csv,"{""bad_width_rows"": 0, ""bytes"": 2282, ""column_count"": 7, ""data_rows"": 12, ""header"": ""hash_sequence|hash_code|stored_hash|reconstructed_hash|mismatch_flag|authoritative_source|ordered_business_key"", ""sha256"": ""ec0e2d1bf62c2f8bdeedd611c4e2b3da8f679e6a4a5b875777500056e67b25b3""}",bytes=2282;sha256=ec0e2d1bf62c2f8bdeedd611c4e2b3da8f679e6a4a5b875777500056e67b25b3;rows=12;cols=7;bad=0,PASS,BLOCKER,PASS,BLOCKER,06_AUDIT_LEDGERS/M2_12_SUBMITTED_EVIDENCE_FILE_PROFILE.csv,,Original independently recalculated control result retained.,
RAW-PROFILE-112,RAW_EVIDENCE_PROFILE,MSBF_M2_12_Enterprise_Portfolio_Certification_&_Consumption_Contract_Detail_Report_v1_Governance_Review_Priorities_20260812.csv,"{""bad_width_rows"": 0, ""bytes"": 1840, ""column_count"": 9, ""data_rows"": 3, ""header"": ""reporting_scope_code|strategy_profile_code|governance_priority_code|frontier_rank|evidence_status|governance_balance_score|baseline_delta_payload|deployment_authorized_flag|interpretation"", ""sha256"": ""32846c071aec9fac3e01e87413bf9bf1ed215c1140c3558b2bda7e917d314756""}",bytes=1840;sha256=32846c071aec9fac3e01e87413bf9bf1ed215c1140c3558b2bda7e917d314756;rows=3;cols=9;bad=0,PASS,BLOCKER,PASS,BLOCKER,06_AUDIT_LEDGERS/M2_12_SUBMITTED_EVIDENCE_FILE_PROFILE.csv,,Original independently recalculated control result retained.,
RAW-PROFILE-113,RAW_EVIDENCE_PROFILE,MSBF_M2_12_Enterprise_Portfolio_Certification_&_Consumption_Contract_Detail_Report_v1_Governed_Evidence_And_Acceptance_Summary_20260812.csv,"{""bad_width_rows"": 0, ""bytes"": 366, ""column_count"": 7, ""data_rows"": 6, ""header"": ""evidence_family_code|expected_rows|observed_rows|pass_rows|fail_rows|acceptance_phase|overall_status"", ""sha256"": ""b380ff28e9f21892b4ede4e73addb80d82898d3835ea0a2b6c873919b24a7a42""}",bytes=366;sha256=b380ff28e9f21892b4ede4e73addb80d82898d3835ea0a2b6c873919b24a7a42;rows=6;cols=7;bad=0,PASS,BLOCKER,PASS,BLOCKER,06_AUDIT_LEDGERS/M2_12_SUBMITTED_EVIDENCE_FILE_PROFILE.csv,,Original independently recalculated control result retained.,
RAW-PROFILE-114,RAW_EVIDENCE_PROFILE,MSBF_M2_12_Enterprise_Portfolio_Certification_&_Consumption_Contract_Detail_Report_v1_Lifecycle_And_G3_Acceptance_20260812.csv,"{""bad_width_rows"": 0, ""bytes"": 318, ""column_count"": 12, ""data_rows"": 1, ""header"": ""run_id|run_code|run_version|run_status|bundle_code|contract_version|contract_status|gate_id|review_version|gate_status|acceptance_evidence_code|acceptance_status"", ""sha256"": ""20cc0be0fa27ee49d74dc2bd81dfb7536d025e974b31b5d3198aad8f1d49d375""}",bytes=318;sha256=20cc0be0fa27ee49d74dc2bd81dfb7536d025e974b31b5d3198aad8f1d49d375;rows=1;cols=12;bad=0,PASS,BLOCKER,PASS,BLOCKER,06_AUDIT_LEDGERS/M2_12_SUBMITTED_EVIDENCE_FILE_PROFILE.csv,,Original independently recalculated control result retained.,
RAW-PROFILE-115,RAW_EVIDENCE_PROFILE,MSBF_M2_12_Enterprise_Portfolio_Certification_&_Consumption_Contract_Detail_Report_v1_M1_17_G2_Source_Identity_20260812.csv,"{""bad_width_rows"": 0, ""bytes"": 409, ""column_count"": 12, ""data_rows"": 1, ""header"": ""contract_code|contract_version|schema_version|methodology_version|contract_status|gate_id|gate_status|contract_set_hash|combined_set_hash|registry_row_hash|latest_rows|archive_rows"", ""sha256"": ""5946acb885a63b66bbb0804daa7b453f39e6c7af21a7a5a7e2a2891cff97add5""}",bytes=409;sha256=5946acb885a63b66bbb0804daa7b453f39e6c7af21a7a5a7e2a2891cff97add5;rows=1;cols=12;bad=0,PASS,BLOCKER,PASS,BLOCKER,06_AUDIT_LEDGERS/M2_12_SUBMITTED_EVIDENCE_FILE_PROFILE.csv,,Original independently recalculated control result retained.,
RAW-PROFILE-116,RAW_EVIDENCE_PROFILE,MSBF_M2_12_Enterprise_Portfolio_Certification_&_Consumption_Contract_Detail_Report_v1_M2_12_Policy_And_Expected_Counts_20260812.csv,"{""bad_width_rows"": 0, ""bytes"": 824, ""column_count"": 11, ""data_rows"": 1, ""header"": ""policy_code|policy_version|policy_status|methodology_version|bundle_code|bundle_version|schema_version|acceptance_gate_id|expected_counts|configuration_hash|row_hash"", ""sha256"": ""ee7d98d2f31a08229923114924853660678085d572ee8e8d78d8569eaf06d153""}",bytes=824;sha256=ee7d98d2f31a08229923114924853660678085d572ee8e8d78d8569eaf06d153;rows=1;cols=11;bad=0,PASS,BLOCKER,PASS,BLOCKER,06_AUDIT_LEDGERS/M2_12_SUBMITTED_EVIDENCE_FILE_PROFILE.csv,,Original independently recalculated control result retained.,
RAW-PROFILE-117,RAW_EVIDENCE_PROFILE,MSBF_M2_12_Enterprise_Portfolio_Certification_&_Consumption_Contract_Detail_Report_v1_Operational_Account_Summary_20260812.csv,"{""bad_width_rows"": 0, ""bytes"": 332, ""column_count"": 9, ""data_rows"": 3, ""header"": ""reporting_scope_code|row_count|distinct_application_count|distinct_account_count|orphan_count|multiplicity_error_count|certified_exposure_amount|unresolved_exception_count|servicing_burden_units"", ""sha256"": ""0fa974e991472c46cb3ab9d8c02167f1ec454e295d2c5c57de9cce227e58a5cc""}",bytes=332;sha256=0fa974e991472c46cb3ab9d8c02167f1ec454e295d2c5c57de9cce227e58a5cc;rows=3;cols=9;bad=0,PASS,BLOCKER,PASS,BLOCKER,06_AUDIT_LEDGERS/M2_12_SUBMITTED_EVIDENCE_FILE_PROFILE.csv,,Original independently recalculated control result retained.,
RAW-PROFILE-118,RAW_EVIDENCE_PROFILE,MSBF_M2_12_Enterprise_Portfolio_Certification_&_Consumption_Contract_Detail_Report_v1_Seventy_Two_Evidence_Certification_Rows_20260812.csv,"{""bad_width_rows"": 0, ""bytes"": 22581, ""column_count"": 15, ""data_rows"": 72, ""header"": ""node_sequence|stage_code|evidence_family_sequence|evidence_family_code|applicability_code|authoritative_source_locator|expected_count_or_identity|observed_count_or_identity|expected_status|observed_status|expected_hash|observed_hash|mismatch_count|certification_status|row_hash"", ""sha256"": ""52519aecaeae312b0a36b3ab2d4e44d2c6f3dcedbf736902843cadcf1001cce3""}",bytes=22581;sha256=52519aecaeae312b0a36b3ab2d4e44d2c6f3dcedbf736902843cadcf1001cce3;rows=72;cols=15;bad=0,PASS,BLOCKER,PASS,BLOCKER,06_AUDIT_LEDGERS/M2_12_SUBMITTED_EVIDENCE_FILE_PROFILE.csv,,Original independently recalculated control result retained.,
RAW-PROFILE-119,RAW_EVIDENCE_PROFILE,MSBF_M2_12_Enterprise_Portfolio_Certification_&_Consumption_Contract_Detail_Report_v1_Strategy_Scope_Consumption_20260812.csv,"{""bad_width_rows"": 0, ""bytes"": 5714, ""column_count"": 17, ""data_rows"": 24, ""header"": ""strategy_profile_code|reporting_scope_code|source_contract_row_hash|application_count|access_rate|selected_exposure_amount|expected_loss_density|risk_adjusted_contribution|annualized_return|servicing_burden_units|payment_burden_rate|frontier_eligible_flag|frontier_rank|dominance_status|governance_priority_code|stress_nonimprovement_pass_flag|contract_row_hash"", ""sha256"": ""a49294e40d5d37a523efb215d9eb37dbb8994ed54a20bdf4b3b30fdb5387e304""}",bytes=5714;sha256=a49294e40d5d37a523efb215d9eb37dbb8994ed54a20bdf4b3b30fdb5387e304;rows=24;cols=17;bad=0,PASS,BLOCKER,PASS,BLOCKER,06_AUDIT_LEDGERS/M2_12_SUBMITTED_EVIDENCE_FILE_PROFILE.csv,,Original independently recalculated control result retained.,
RAW-PROFILE-120,RAW_EVIDENCE_PROFILE,MSBF_M2_12_Enterprise_Portfolio_Certification_&_Consumption_Contract_Detail_Report_v1_Stress_And_Burden_Boundary_20260812.csv,"{""bad_width_rows"": 0, ""bytes"": 1092, ""column_count"": 12, ""data_rows"": 8, ""header"": ""strategy_profile_code|matched_comparison_rows|source_risk_improvement_violations|source_return_improvement_violations|strategy_access_improvement_violations|strategy_feasibility_improvement_violations|comparable_payment_burden_improvement_violations|comparable_servicing_burden_improvement_violations|strategy_restriction_rows|absolute_workload_reduction_rows|servicing_burden_coverage_code|new_access_servicing_burden_estimated_flag"", ""sha256"": ""7f3d7e3879c40e497d768d93dee9b359bf93dfa8a0160161ed22b677060388c3""}",bytes=1092;sha256=7f3d7e3879c40e497d768d93dee9b359bf93dfa8a0160161ed22b677060388c3;rows=8;cols=12;bad=0,PASS,BLOCKER,PASS,BLOCKER,06_AUDIT_LEDGERS/M2_12_SUBMITTED_EVIDENCE_FILE_PROFILE.csv,,Original independently recalculated control result retained.,
RAW-PROFILE-121,RAW_EVIDENCE_PROFILE,MSBF_M2_12_Enterprise_Portfolio_Certification_&_Consumption_Contract_Detail_Report_v1_Thirteen_Component_Contracts_20260812.csv,"{""bad_width_rows"": 0, ""bytes"": 5585, ""column_count"": 17, ""data_rows"": 13, ""header"": ""component_sequence|stage_code|component_contract_code|contract_version|schema_version|methodology_version|registry_relation|latest_relation|archive_relation|expected_latest_rows|observed_latest_rows|expected_archive_rows|observed_archive_rows|contract_set_hash|stage_combined_set_hash|certification_status|row_hash"", ""sha256"": ""1b87020c169b9db530f741b7a6932d1968358c6384d7ad9ae11c3ec2f9567e0b""}",bytes=5585;sha256=1b87020c169b9db530f741b7a6932d1968358c6384d7ad9ae11c3ec2f9567e0b;rows=13;cols=17;bad=0,PASS,BLOCKER,PASS,BLOCKER,06_AUDIT_LEDGERS/M2_12_SUBMITTED_EVIDENCE_FILE_PROFILE.csv,,Original independently recalculated control result retained.,
RAW-PROFILE-122,RAW_EVIDENCE_PROFILE,MSBF_M2_12_Enterprise_Portfolio_Certification_&_Consumption_Contract_Detail_Report_v1_Twelve_Source_Node_Certification_Rows_20260812.csv,"{""bad_width_rows"": 0, ""bytes"": 3454, ""column_count"": 13, ""data_rows"": 12, ""header"": ""certification_node_sequence|stage_code|repository_stage|registry_relation|acceptance_gate_id|contract_status|gate_status|expected_canonical_entities|observed_canonical_entities|expected_combined_hash|observed_combined_hash|certification_status|row_hash"", ""sha256"": ""26b193b05d1066471532d96d3a0774252f00642dddb33c6f7299be3cdf421171""}",bytes=3454;sha256=26b193b05d1066471532d96d3a0774252f00642dddb33c6f7299be3cdf421171;rows=12;cols=13;bad=0,PASS,BLOCKER,PASS,BLOCKER,06_AUDIT_LEDGERS/M2_12_SUBMITTED_EVIDENCE_FILE_PROFILE.csv,,Original independently recalculated control result retained.,
RAW-PROFILE-123,RAW_EVIDENCE_PROFILE,MSBF_M2_12_Enterprise_Portfolio_Certification_&_Consumption_Contract_Master_Report_v1_20260811.csv,"{""bad_width_rows"": 0, ""bytes"": 21201, ""column_count"": 92, ""data_rows"": 1, ""header"": ""run_id|run_code|run_version|run_status|as_of_date|bundle_code|contract_version|schema_version|methodology_version|contract_status|gate_id|gate_status|accepted_at|m1_17_bundle_code|m1_17_bundle_version|m1_17_schema_version|m1_17_methodology_version|m1_17_combined_hash|m1_17_registry_row_hash|m2_11_contract_code|m2_11_contract_version|m2_11_schema_version|m2_11_methodology_version|m2_11_contract_set_hash|m2_11_combined_set_hash|m2_11_registry_row_hash|accepted_m2_11_project_sha256|stage_certification_rows|component_contract_rows|evidence_certification_rows|contract_reproduction_rows|capability_coverage_rows|canonical_family_count|canonical_entity_count|application_rows|operational_account_rows|strategy_scope_rows|component_latest_rows_total|component_archive_rows_total|stage_local_canonical_reference_total|policy_set_hash|stage_certification_set_hash|contract_component_set_hash|evidence_certification_set_hash|contract_reproduction_set_hash|capability_coverage_set_hash|latest_set_hash|archive_set_hash|registry_set_hash|contract_set_hash|combined_set_hash|registry_row_hash|positive_rows|positive_pass_rows|negative_rows|negative_pass_rows|generation_rows|generation_pass_rows|acceptance_requirement_rows|acceptance_requirement_pass_rows|acceptance_rows|failed_m2_12_evidence_rows|chain_findings|reproduction_findings|deterministic_hash_findings|deterministic_total_findings|boundary_findings|capability_overclaim_findings|frontier_eligible_rows|nondominated_rows|frontier_rank1_rows|primary_governance_review_rows|m2_11_strategy_violation_count|capability_summary|residual_limitation_payload|deferred_capability_payload|as_built_certification_scope_code|synthetic_data_only_flag|no_pii_flag|certification_only_flag|production_action_authorized_flag|external_system_update_authorized_flag|legal_or_regulatory_certified_flag|empirical_or_causal_optimization_authorized_flag|deployment_authorized_flag|module3_execution_authorized_flag|acceptance_scope|production_authority|legal_or_regulatory_certification_authority|autonomous_champion_or_deployment_authority|module3_execution_authority|master_report_status"", ""sha256"": ""471331aa2e6cecf78e339a5369bba82670b3630c5c2a7a1b0f42a6ef3eb551d6""}",bytes=21201;sha256=471331aa2e6cecf78e339a5369bba82670b3630c5c2a7a1b0f42a6ef3eb551d6;rows=1;cols=92;bad=0,PASS,BLOCKER,PASS,BLOCKER,06_AUDIT_LEDGERS/M2_12_SUBMITTED_EVIDENCE_FILE_PROFILE.csv,,Original independently recalculated control result retained.,
RAW-009,RAW_EVIDENCE,Raw profile aggregate,123/123,123/123,PASS,BLOCKER,PASS,BLOCKER,06_AUDIT_LEDGERS/M2_12_SUBMITTED_EVIDENCE_FILE_PROFILE.csv,,Original independently recalculated control result retained.,
FINAL-PROFILE-001,FINAL_EVIDENCE_PROFILE,220_msbf_m2_12_schema_policy_certification_structures_g3_bundle_triggers_views_v1_HF4_results_20260810.csv,"{""bad_width_rows"": 0, ""bytes"": 267, ""column_count"": 10, ""data_rows"": 1, ""header"": ""installation_status|run_code|run_version|installed_top_level_objects|executable_ddl_statements|policy_rows|nonpolicy_rows|policy_identity|policy_sequence_state|disposition"", ""sha256"": ""34b84dafe9a4eb979df97bcbd55bbaf0274bb7d3c73d84ae1a95b192df718c5e""}",bytes=267;sha256=34b84dafe9a4eb979df97bcbd55bbaf0274bb7d3c73d84ae1a95b192df718c5e;rows=1;cols=10;bad=0,PASS,BLOCKER,PASS,BLOCKER,06_AUDIT_LEDGERS/M2_12_FINAL_EVIDENCE_FILE_PROFILE.csv,,Original independently recalculated control result retained.,
FINAL-PROFILE-002,FINAL_EVIDENCE_PROFILE,221_HF5_pre_rerun_state_verification_results_20260811.csv,"{""bad_width_rows"": 0, ""bytes"": 476, ""column_count"": 18, ""data_rows"": 1, ""header"": ""state_verification_status|predecessor_rows|module1_run_id|run_code|run_version|run_status|contract_status|installed_top_level_objects|policy_rows|nonpolicy_rows|m2_12_evidence_rows|g3_result_rows|gate_rows|exact_gate_rows|policy_sequence_state|archive_sequence_state|registry_sequence_state|disposition"", ""sha256"": ""dd5e72247e22ae6417b318866a08adfdfa36f605c4d0897cf082c47acb58817d""}",bytes=476;sha256=dd5e72247e22ae6417b318866a08adfdfa36f605c4d0897cf082c47acb58817d;rows=1;cols=18;bad=0,PASS,BLOCKER,PASS,BLOCKER,06_AUDIT_LEDGERS/M2_12_FINAL_EVIDENCE_FILE_PROFILE.csv,,Original independently recalculated control result retained.,
FINAL-PROFILE-003,FINAL_EVIDENCE_PROFILE,221_HF6_pre_rerun_source_graph_detail_20260811.csv,"{""bad_width_rows"": 0, ""bytes"": 597, ""column_count"": 22, ""data_rows"": 1, ""header"": ""state_verification_status|predecessor_rows|module1_run_id|run_code|run_version|run_status|contract_status|installed_top_level_objects|policy_rows|nonpolicy_rows|m2_12_evidence_rows|g3_result_rows|gate_rows|exact_gate_rows|policy_sequence_state|archive_sequence_state|registry_sequence_state|source_graph_rows|source_graph_pass_rows|source_graph_distinct_sequences|source_graph_distinct_codes|disposition"", ""sha256"": ""82cab44198530bf35acef51afc7a2b52f632b16bb17fe1a3ee3464fb00b237c1""}",bytes=597;sha256=82cab44198530bf35acef51afc7a2b52f632b16bb17fe1a3ee3464fb00b237c1;rows=1;cols=22;bad=0,PASS,BLOCKER,PASS,BLOCKER,06_AUDIT_LEDGERS/M2_12_FINAL_EVIDENCE_FILE_PROFILE.csv,,Original independently recalculated control result retained.,
FINAL-PROFILE-004,FINAL_EVIDENCE_PROFILE,221_HF6_pre_rerun_state_summary_20260811.csv,"{""bad_width_rows"": 0, ""bytes"": 3607, ""column_count"": 12, ""data_rows"": 19, ""header"": ""edge_sequence|edge_code|target_node_code|expected_source_hash|observed_accepted_source_hash|observed_target_recorded_source_hash|source_gate_status|source_registry_row_count|target_registry_row_count|source_hash_mismatch_flag|target_hash_mismatch_flag|edge_status"", ""sha256"": ""7ebf5d740b03ae0a603ebbbb02f6166a60db1649b142d76dc638ad6e36943a4e""}",bytes=3607;sha256=7ebf5d740b03ae0a603ebbbb02f6166a60db1649b142d76dc638ad6e36943a4e;rows=19;cols=12;bad=0,PASS,BLOCKER,PASS,BLOCKER,06_AUDIT_LEDGERS/M2_12_FINAL_EVIDENCE_FILE_PROFILE.csv,,Original independently recalculated control result retained.,
FINAL-PROFILE-005,FINAL_EVIDENCE_PROFILE,221_msbf_m2_12_accepted_source_pristine_target_preflight_v1_HF6_results_20260811.csv,"{""bad_width_rows"": 0, ""bytes"": 313, ""column_count"": 12, ""data_rows"": 1, ""header"": ""preflight_status|run_code|run_version|run_status|assertion_rows|assertions_passed|source_edges|component_contracts|certification_nodes|mandatory_evidence_rows|capability_rows|disposition"", ""sha256"": ""93c68c3ef097ee6ba1691cd2767e02f4bd95c4b270b4a01faeed21b76927eb05""}",bytes=313;sha256=93c68c3ef097ee6ba1691cd2767e02f4bd95c4b270b4a01faeed21b76927eb05;rows=1;cols=12;bad=0,PASS,BLOCKER,PASS,BLOCKER,06_AUDIT_LEDGERS/M2_12_FINAL_EVIDENCE_FILE_PROFILE.csv,,Original independently recalculated control result retained.,
FINAL-PROFILE-006,FINAL_EVIDENCE_PROFILE,222A_msbf_m2_12_failed_precommit_certification_generation_sequence_state_recovery_v1_results_20260811.csv,"{""bad_width_rows"": 0, ""bytes"": 245, ""column_count"": 7, ""data_rows"": 1, ""header"": ""recovery_program|recovery_decision_code|recovery_status|policy_sequence_state|archive_sequence_state|registry_sequence_state|disposition"", ""sha256"": ""d5e63f400b9e79868f66ecb95798fe9ce3e02c896f708fbe29efc89698891c18""}",bytes=245;sha256=d5e63f400b9e79868f66ecb95798fe9ce3e02c896f708fbe29efc89698891c18;rows=1;cols=7;bad=0,PASS,BLOCKER,PASS,BLOCKER,06_AUDIT_LEDGERS/M2_12_FINAL_EVIDENCE_FILE_PROFILE.csv,,Original independently recalculated control result retained.,
FINAL-PROFILE-007,FINAL_EVIDENCE_PROFILE,222A_post_recovery_state_verification_results_20260811.csv,"{""bad_width_rows"": 0, ""bytes"": 523, ""column_count"": 17, ""data_rows"": 1, ""header"": ""post_recovery_verification_status|recovery_decision_code|module1_run_id|run_code|run_version|run_status|contract_status|installed_top_level_objects|policy_rows|exact_policy_rows|nonpolicy_rows|m2_12_evidence_rows|g3_result_rows|policy_sequence_state|archive_sequence_state|registry_sequence_state|disposition"", ""sha256"": ""e54cde4a1990f83ea331fbd96c229d821b698e887d2a5bc2f5affa9c91193b9b""}",bytes=523;sha256=e54cde4a1990f83ea331fbd96c229d821b698e887d2a5bc2f5affa9c91193b9b;rows=1;cols=17;bad=0,PASS,BLOCKER,PASS,BLOCKER,06_AUDIT_LEDGERS/M2_12_FINAL_EVIDENCE_FILE_PROFILE.csv,,Original independently recalculated control result retained.,
FINAL-PROFILE-008,FINAL_EVIDENCE_PROFILE,222A_pre_recovery_state_verification_results_20260811.csv,"{""bad_width_rows"": 0, ""bytes"": 510, ""column_count"": 17, ""data_rows"": 1, ""header"": ""recovery_authorization_status|recovery_decision_code|module1_run_id|run_code|run_version|run_status|contract_status|installed_top_level_objects|policy_rows|exact_policy_rows|nonpolicy_rows|m2_12_evidence_rows|g3_result_rows|policy_sequence_state|archive_sequence_state|registry_sequence_state|disposition"", ""sha256"": ""0ac1132ff800617aa8895d39bd72c439282e3d17d2ec5351130862e74a274c77""}",bytes=510;sha256=0ac1132ff800617aa8895d39bd72c439282e3d17d2ec5351130862e74a274c77;rows=1;cols=17;bad=0,PASS,BLOCKER,PASS,BLOCKER,06_AUDIT_LEDGERS/M2_12_FINAL_EVIDENCE_FILE_PROFILE.csv,,Original independently recalculated control result retained.,
FINAL-PROFILE-009,FINAL_EVIDENCE_PROFILE,222_HF7_pre_execution_source_graph_detail_20260811.csv,"{""bad_width_rows"": 0, ""bytes"": 3607, ""column_count"": 12, ""data_rows"": 19, ""header"": ""edge_sequence|edge_code|target_node_code|expected_source_hash|observed_accepted_source_hash|observed_target_recorded_source_hash|source_gate_status|source_registry_row_count|target_registry_row_count|source_hash_mismatch_flag|target_hash_mismatch_flag|edge_status"", ""sha256"": ""7ebf5d740b03ae0a603ebbbb02f6166a60db1649b142d76dc638ad6e36943a4e""}",bytes=3607;sha256=7ebf5d740b03ae0a603ebbbb02f6166a60db1649b142d76dc638ad6e36943a4e;rows=19;cols=12;bad=0,PASS,BLOCKER,PASS,BLOCKER,06_AUDIT_LEDGERS/M2_12_FINAL_EVIDENCE_FILE_PROFILE.csv,,Original independently recalculated control result retained.,
FINAL-PROFILE-010,FINAL_EVIDENCE_PROFILE,222_HF7_pre_execution_state_summary_20260811.csv,"{""bad_width_rows"": 0, ""bytes"": 597, ""column_count"": 22, ""data_rows"": 1, ""header"": ""state_verification_status|predecessor_rows|module1_run_id|run_code|run_version|run_status|contract_status|installed_top_level_objects|policy_rows|nonpolicy_rows|m2_12_evidence_rows|g3_result_rows|gate_rows|exact_gate_rows|policy_sequence_state|archive_sequence_state|registry_sequence_state|source_graph_rows|source_graph_pass_rows|source_graph_distinct_sequences|source_graph_distinct_codes|disposition"", ""sha256"": ""60ca6f9dfbf90e321ac2e6a4b34c6861d1652e3a9c4779209adfbfc2daec2049""}",bytes=597;sha256=60ca6f9dfbf90e321ac2e6a4b34c6861d1652e3a9c4779209adfbfc2daec2049;rows=1;cols=22;bad=0,PASS,BLOCKER,PASS,BLOCKER,06_AUDIT_LEDGERS/M2_12_FINAL_EVIDENCE_FILE_PROFILE.csv,,Original independently recalculated control result retained.,
FINAL-PROFILE-011,FINAL_EVIDENCE_PROFILE,222_HF8_pre_execution_source_graph_detail_20260811.csv,"{""bad_width_rows"": 0, ""bytes"": 3607, ""column_count"": 12, ""data_rows"": 19, ""header"": ""edge_sequence|edge_code|target_node_code|expected_source_hash|observed_accepted_source_hash|observed_target_recorded_source_hash|source_gate_status|source_registry_row_count|target_registry_row_count|source_hash_mismatch_flag|target_hash_mismatch_flag|edge_status"", ""sha256"": ""7ebf5d740b03ae0a603ebbbb02f6166a60db1649b142d76dc638ad6e36943a4e""}",bytes=3607;sha256=7ebf5d740b03ae0a603ebbbb02f6166a60db1649b142d76dc638ad6e36943a4e;rows=19;cols=12;bad=0,PASS,BLOCKER,PASS,BLOCKER,06_AUDIT_LEDGERS/M2_12_FINAL_EVIDENCE_FILE_PROFILE.csv,,Original independently recalculated control result retained.,
FINAL-PROFILE-012,FINAL_EVIDENCE_PROFILE,222_HF8_pre_execution_stage_boundary_detail_20260811.csv,"{""bad_width_rows"": 0, ""bytes"": 3400, ""column_count"": 15, ""data_rows"": 12, ""header"": ""node_sequence|stage_code|certification_status|acceptance_summary_pass_rows|acceptance_summary_rows|required_evidence_rows|physical_required_evidence_rows|observed_required_evidence_rows|duplicate_required_evidence_rows|missing_required_evidence_codes|nonpass_evidence_codes|violation_evidence_codes|source_relation_set|source_evidence_row_hash|observed_count_or_identity"", ""sha256"": ""62661da776951e841d65fb5ca2a657a5dd0b0ec84e7d2c26f33dca8564427474""}",bytes=3400;sha256=62661da776951e841d65fb5ca2a657a5dd0b0ec84e7d2c26f33dca8564427474;rows=12;cols=15;bad=0,PASS,BLOCKER,PASS,BLOCKER,06_AUDIT_LEDGERS/M2_12_FINAL_EVIDENCE_FILE_PROFILE.csv,,Original independently recalculated control result retained.,
FINAL-PROFILE-013,FINAL_EVIDENCE_PROFILE,222_HF8_pre_execution_state_summary_20260811.csv,"{""bad_width_rows"": 0, ""bytes"": 728, ""column_count"": 26, ""data_rows"": 1, ""header"": ""state_verification_status|predecessor_rows|module1_run_id|run_code|run_version|run_status|contract_status|installed_top_level_objects|policy_rows|nonpolicy_rows|m2_12_evidence_rows|g3_result_rows|gate_rows|exact_gate_rows|policy_sequence_state|archive_sequence_state|registry_sequence_state|source_graph_rows|source_graph_pass_rows|source_graph_distinct_sequences|source_graph_distinct_codes|stage_boundary_rows|stage_boundary_pass_rows|stage_boundary_required_controls|stage_boundary_physical_controls|disposition"", ""sha256"": ""55001917bec6e5607c52455d93ceb5871fb1f2ab77230a776f2b3a86f82c7387""}",bytes=728;sha256=55001917bec6e5607c52455d93ceb5871fb1f2ab77230a776f2b3a86f82c7387;rows=1;cols=26;bad=0,PASS,BLOCKER,PASS,BLOCKER,06_AUDIT_LEDGERS/M2_12_FINAL_EVIDENCE_FILE_PROFILE.csv,,Original independently recalculated control result retained.,
FINAL-PROFILE-014,FINAL_EVIDENCE_PROFILE,222_HF9_pre_execution_source_graph_detail_20260811.csv,"{""bad_width_rows"": 0, ""bytes"": 3607, ""column_count"": 12, ""data_rows"": 19, ""header"": ""edge_sequence|edge_code|target_node_code|expected_source_hash|observed_accepted_source_hash|observed_target_recorded_source_hash|source_gate_status|source_registry_row_count|target_registry_row_count|source_hash_mismatch_flag|target_hash_mismatch_flag|edge_status"", ""sha256"": ""7ebf5d740b03ae0a603ebbbb02f6166a60db1649b142d76dc638ad6e36943a4e""}",bytes=3607;sha256=7ebf5d740b03ae0a603ebbbb02f6166a60db1649b142d76dc638ad6e36943a4e;rows=19;cols=12;bad=0,PASS,BLOCKER,PASS,BLOCKER,06_AUDIT_LEDGERS/M2_12_FINAL_EVIDENCE_FILE_PROFILE.csv,,Original independently recalculated control result retained.,
FINAL-PROFILE-015,FINAL_EVIDENCE_PROFILE,222_HF9_pre_execution_stage_boundary_detail_20260811.csv,"{""bad_width_rows"": 0, ""bytes"": 3400, ""column_count"": 15, ""data_rows"": 12, ""header"": ""node_sequence|stage_code|certification_status|acceptance_summary_pass_rows|acceptance_summary_rows|required_evidence_rows|physical_required_evidence_rows|observed_required_evidence_rows|duplicate_required_evidence_rows|missing_required_evidence_codes|nonpass_evidence_codes|violation_evidence_codes|source_relation_set|source_evidence_row_hash|observed_count_or_identity"", ""sha256"": ""62661da776951e841d65fb5ca2a657a5dd0b0ec84e7d2c26f33dca8564427474""}",bytes=3400;sha256=62661da776951e841d65fb5ca2a657a5dd0b0ec84e7d2c26f33dca8564427474;rows=12;cols=15;bad=0,PASS,BLOCKER,PASS,BLOCKER,06_AUDIT_LEDGERS/M2_12_FINAL_EVIDENCE_FILE_PROFILE.csv,,Original independently recalculated control result retained.,
FINAL-PROFILE-016,FINAL_EVIDENCE_PROFILE,222_HF9_pre_execution_state_summary_20260811.csv,"{""bad_width_rows"": 0, ""bytes"": 728, ""column_count"": 26, ""data_rows"": 1, ""header"": ""state_verification_status|predecessor_rows|module1_run_id|run_code|run_version|run_status|contract_status|installed_top_level_objects|policy_rows|nonpolicy_rows|m2_12_evidence_rows|g3_result_rows|gate_rows|exact_gate_rows|policy_sequence_state|archive_sequence_state|registry_sequence_state|source_graph_rows|source_graph_pass_rows|source_graph_distinct_sequences|source_graph_distinct_codes|stage_boundary_rows|stage_boundary_pass_rows|stage_boundary_required_controls|stage_boundary_physical_controls|disposition"", ""sha256"": ""bd80d38732fd4a3f97f53339f625d3973c08644e3a64785d0a4654c3fbed7890""}",bytes=728;sha256=bd80d38732fd4a3f97f53339f625d3973c08644e3a64785d0a4654c3fbed7890;rows=1;cols=26;bad=0,PASS,BLOCKER,PASS,BLOCKER,06_AUDIT_LEDGERS/M2_12_FINAL_EVIDENCE_FILE_PROFILE.csv,,Original independently recalculated control result retained.,
FINAL-PROFILE-017,FINAL_EVIDENCE_PROFILE,222_msbf_m2_12_end_to_end_certification_generation_physical_reconciliation_v1_HF9_results_20260811.csv,"{""bad_width_rows"": 0, ""bytes"": 466, ""column_count"": 15, ""data_rows"": 1, ""header"": ""generation_status|final_run_status|final_contract_status|canonical_families|canonical_entities|generation_evidence_rows|application_consumption_rows|operational_account_rows|strategy_scope_rows|policy_identity|archive_identity|registry_identity|owned_sequence_states|combined_set_hash|disposition"", ""sha256"": ""aec00adce943b1e6ce5abfa69975b6bed5f2c96768b4dc1b547c0a09948ea988""}",bytes=466;sha256=aec00adce943b1e6ce5abfa69975b6bed5f2c96768b4dc1b547c0a09948ea988;rows=1;cols=15;bad=0,PASS,BLOCKER,PASS,BLOCKER,06_AUDIT_LEDGERS/M2_12_FINAL_EVIDENCE_FILE_PROFILE.csv,,Original independently recalculated control result retained.,
FINAL-PROFILE-018,FINAL_EVIDENCE_PROFILE,223_HF10_pre_execution_canonical_family_detail_20260811.csv,"{""bad_width_rows"": 0, ""bytes"": 1083, ""column_count"": 9, ""data_rows"": 9, ""header"": ""family_sequence|family_code|expected_rows|observed_rows|row_hash_mismatch_count|reconstructed_set_hash|stored_set_hash|set_hash_mismatch_count|family_status"", ""sha256"": ""6433b353becfae0d881b7e653b1ab3cc4a235a64bb6a5a868d6f953d81fc47b7""}",bytes=1083;sha256=6433b353becfae0d881b7e653b1ab3cc4a235a64bb6a5a868d6f953d81fc47b7;rows=9;cols=9;bad=0,PASS,BLOCKER,PASS,BLOCKER,06_AUDIT_LEDGERS/M2_12_FINAL_EVIDENCE_FILE_PROFILE.csv,,Original independently recalculated control result retained.,
FINAL-PROFILE-019,FINAL_EVIDENCE_PROFILE,223_HF10_pre_execution_generation_evidence_detail_20260811.csv,"{""bad_width_rows"": 0, ""bytes"": 2613, ""column_count"": 10, ""data_rows"": 24, ""header"": ""evidence_sequence|evidence_code|expected_observed_value|actual_rows|distinct_values|actual_observed_value|distinct_statuses|actual_status|value_mismatch_flag|evidence_status"", ""sha256"": ""0b5f3c4e35e477e9ac0f27deeb0e85c2c0d24402cbe3298b6922744762ff1d7c""}",bytes=2613;sha256=0b5f3c4e35e477e9ac0f27deeb0e85c2c0d24402cbe3298b6922744762ff1d7c;rows=24;cols=10;bad=0,PASS,BLOCKER,PASS,BLOCKER,06_AUDIT_LEDGERS/M2_12_FINAL_EVIDENCE_FILE_PROFILE.csv,,Original independently recalculated control result retained.,
FINAL-PROFILE-020,FINAL_EVIDENCE_PROFILE,223_HF10_pre_execution_source_graph_detail_20260811.csv,"{""bad_width_rows"": 0, ""bytes"": 3607, ""column_count"": 12, ""data_rows"": 19, ""header"": ""edge_sequence|edge_code|target_node_code|expected_source_hash|observed_accepted_source_hash|observed_target_recorded_source_hash|source_gate_status|source_registry_row_count|target_registry_row_count|source_hash_mismatch_flag|target_hash_mismatch_flag|edge_status"", ""sha256"": ""7ebf5d740b03ae0a603ebbbb02f6166a60db1649b142d76dc638ad6e36943a4e""}",bytes=3607;sha256=7ebf5d740b03ae0a603ebbbb02f6166a60db1649b142d76dc638ad6e36943a4e;rows=19;cols=12;bad=0,PASS,BLOCKER,PASS,BLOCKER,06_AUDIT_LEDGERS/M2_12_FINAL_EVIDENCE_FILE_PROFILE.csv,,Original independently recalculated control result retained.,
FINAL-PROFILE-021,FINAL_EVIDENCE_PROFILE,223_HF10_pre_execution_stage_boundary_detail_20260811.csv,"{""bad_width_rows"": 0, ""bytes"": 3400, ""column_count"": 15, ""data_rows"": 12, ""header"": ""node_sequence|stage_code|certification_status|acceptance_summary_pass_rows|acceptance_summary_rows|required_evidence_rows|physical_required_evidence_rows|observed_required_evidence_rows|duplicate_required_evidence_rows|missing_required_evidence_codes|nonpass_evidence_codes|violation_evidence_codes|source_relation_set|source_evidence_row_hash|observed_count_or_identity"", ""sha256"": ""62661da776951e841d65fb5ca2a657a5dd0b0ec84e7d2c26f33dca8564427474""}",bytes=3400;sha256=62661da776951e841d65fb5ca2a657a5dd0b0ec84e7d2c26f33dca8564427474;rows=12;cols=15;bad=0,PASS,BLOCKER,PASS,BLOCKER,06_AUDIT_LEDGERS/M2_12_FINAL_EVIDENCE_FILE_PROFILE.csv,,Original independently recalculated control result retained.,
FINAL-PROFILE-022,FINAL_EVIDENCE_PROFILE,223_HF10_pre_execution_state_summary_20260811.csv,"{""bad_width_rows"": 0, ""bytes"": 1111, ""column_count"": 40, ""data_rows"": 1, ""header"": ""state_verification_status|module1_run_id|run_code|run_version|run_status|contract_status|generated_at|validated_at|accepted_at|policy_rows|stage_rows|component_rows|evidence_certification_rows|reproduction_rows|capability_rows|latest_rows|archive_rows|registry_rows|canonical_entities|canonical_families|canonical_families_pass|deterministic_mismatches|generation_evidence_rows|generation_evidence_pass_rows|source_graph_rows|source_graph_pass_rows|stage_boundary_rows|stage_boundary_pass_rows|stage_boundary_required_controls|stage_boundary_physical_controls|positive_rows|negative_rows|acceptance_rows|g3_gate_rows|policy_sequence_state|archive_sequence_state|registry_sequence_state|combined_set_hash|expected_combined_set_hash|disposition"", ""sha256"": ""8c9c88435b290ca3e38b8110ffe4f5f8900e7990ece661b08b658602cebe147e""}",bytes=1111;sha256=8c9c88435b290ca3e38b8110ffe4f5f8900e7990ece661b08b658602cebe147e;rows=1;cols=40;bad=0,PASS,BLOCKER,PASS,BLOCKER,06_AUDIT_LEDGERS/M2_12_FINAL_EVIDENCE_FILE_PROFILE.csv,,Original independently recalculated control result retained.,
FINAL-PROFILE-023,FINAL_EVIDENCE_PROFILE,223_HF11_pre_execution_canonical_family_detail_20260811.csv,"{""bad_width_rows"": 0, ""bytes"": 1083, ""column_count"": 9, ""data_rows"": 9, ""header"": ""family_sequence|family_code|expected_rows|observed_rows|row_hash_mismatch_count|reconstructed_set_hash|stored_set_hash|set_hash_mismatch_count|family_status"", ""sha256"": ""6433b353becfae0d881b7e653b1ab3cc4a235a64bb6a5a868d6f953d81fc47b7""}",bytes=1083;sha256=6433b353becfae0d881b7e653b1ab3cc4a235a64bb6a5a868d6f953d81fc47b7;rows=9;cols=9;bad=0,PASS,BLOCKER,PASS,BLOCKER,06_AUDIT_LEDGERS/M2_12_FINAL_EVIDENCE_FILE_PROFILE.csv,,Original independently recalculated control result retained.,
FINAL-PROFILE-024,FINAL_EVIDENCE_PROFILE,223_HF11_pre_execution_generation_evidence_detail_20260811.csv,"{""bad_width_rows"": 0, ""bytes"": 2613, ""column_count"": 10, ""data_rows"": 24, ""header"": ""evidence_sequence|evidence_code|expected_observed_value|actual_rows|distinct_values|actual_observed_value|distinct_statuses|actual_status|value_mismatch_flag|evidence_status"", ""sha256"": ""0b5f3c4e35e477e9ac0f27deeb0e85c2c0d24402cbe3298b6922744762ff1d7c""}",bytes=2613;sha256=0b5f3c4e35e477e9ac0f27deeb0e85c2c0d24402cbe3298b6922744762ff1d7c;rows=24;cols=10;bad=0,PASS,BLOCKER,PASS,BLOCKER,06_AUDIT_LEDGERS/M2_12_FINAL_EVIDENCE_FILE_PROFILE.csv,,Original independently recalculated control result retained.,
FINAL-PROFILE-025,FINAL_EVIDENCE_PROFILE,223_HF11_pre_execution_source_graph_detail_20260811.csv,"{""bad_width_rows"": 0, ""bytes"": 3607, ""column_count"": 12, ""data_rows"": 19, ""header"": ""edge_sequence|edge_code|target_node_code|expected_source_hash|observed_accepted_source_hash|observed_target_recorded_source_hash|source_gate_status|source_registry_row_count|target_registry_row_count|source_hash_mismatch_flag|target_hash_mismatch_flag|edge_status"", ""sha256"": ""7ebf5d740b03ae0a603ebbbb02f6166a60db1649b142d76dc638ad6e36943a4e""}",bytes=3607;sha256=7ebf5d740b03ae0a603ebbbb02f6166a60db1649b142d76dc638ad6e36943a4e;rows=19;cols=12;bad=0,PASS,BLOCKER,PASS,BLOCKER,06_AUDIT_LEDGERS/M2_12_FINAL_EVIDENCE_FILE_PROFILE.csv,,Original independently recalculated control result retained.,
FINAL-PROFILE-026,FINAL_EVIDENCE_PROFILE,223_HF11_pre_execution_stage_boundary_detail_20260811.csv,"{""bad_width_rows"": 0, ""bytes"": 3400, ""column_count"": 15, ""data_rows"": 12, ""header"": ""node_sequence|stage_code|certification_status|acceptance_summary_pass_rows|acceptance_summary_rows|required_evidence_rows|physical_required_evidence_rows|observed_required_evidence_rows|duplicate_required_evidence_rows|missing_required_evidence_codes|nonpass_evidence_codes|violation_evidence_codes|source_relation_set|source_evidence_row_hash|observed_count_or_identity"", ""sha256"": ""62661da776951e841d65fb5ca2a657a5dd0b0ec84e7d2c26f33dca8564427474""}",bytes=3400;sha256=62661da776951e841d65fb5ca2a657a5dd0b0ec84e7d2c26f33dca8564427474;rows=12;cols=15;bad=0,PASS,BLOCKER,PASS,BLOCKER,06_AUDIT_LEDGERS/M2_12_FINAL_EVIDENCE_FILE_PROFILE.csv,,Original independently recalculated control result retained.,
FINAL-PROFILE-027,FINAL_EVIDENCE_PROFILE,223_HF11_pre_execution_state_summary_20260811.csv,"{""bad_width_rows"": 0, ""bytes"": 1111, ""column_count"": 40, ""data_rows"": 1, ""header"": ""state_verification_status|module1_run_id|run_code|run_version|run_status|contract_status|generated_at|validated_at|accepted_at|policy_rows|stage_rows|component_rows|evidence_certification_rows|reproduction_rows|capability_rows|latest_rows|archive_rows|registry_rows|canonical_entities|canonical_families|canonical_families_pass|deterministic_mismatches|generation_evidence_rows|generation_evidence_pass_rows|source_graph_rows|source_graph_pass_rows|stage_boundary_rows|stage_boundary_pass_rows|stage_boundary_required_controls|stage_boundary_physical_controls|positive_rows|negative_rows|acceptance_rows|g3_gate_rows|policy_sequence_state|archive_sequence_state|registry_sequence_state|combined_set_hash|expected_combined_set_hash|disposition"", ""sha256"": ""b3b2d17b52245307a5d656678ccb28409a969f52626033d393605da4e08932f1""}",bytes=1111;sha256=b3b2d17b52245307a5d656678ccb28409a969f52626033d393605da4e08932f1;rows=1;cols=40;bad=0,PASS,BLOCKER,PASS,BLOCKER,06_AUDIT_LEDGERS/M2_12_FINAL_EVIDENCE_FILE_PROFILE.csv,,Original independently recalculated control result retained.,
FINAL-PROFILE-028,FINAL_EVIDENCE_PROFILE,223_HF12_pre_execution_canonical_family_detail_20260811.csv,"{""bad_width_rows"": 0, ""bytes"": 1083, ""column_count"": 9, ""data_rows"": 9, ""header"": ""family_sequence|family_code|expected_rows|observed_rows|row_hash_mismatch_count|reconstructed_set_hash|stored_set_hash|set_hash_mismatch_count|family_status"", ""sha256"": ""6433b353becfae0d881b7e653b1ab3cc4a235a64bb6a5a868d6f953d81fc47b7""}",bytes=1083;sha256=6433b353becfae0d881b7e653b1ab3cc4a235a64bb6a5a868d6f953d81fc47b7;rows=9;cols=9;bad=0,PASS,BLOCKER,PASS,BLOCKER,06_AUDIT_LEDGERS/M2_12_FINAL_EVIDENCE_FILE_PROFILE.csv,,Original independently recalculated control result retained.,
FINAL-PROFILE-029,FINAL_EVIDENCE_PROFILE,223_HF12_pre_execution_generation_evidence_detail_20260811.csv,"{""bad_width_rows"": 0, ""bytes"": 2613, ""column_count"": 10, ""data_rows"": 24, ""header"": ""evidence_sequence|evidence_code|expected_observed_value|actual_rows|distinct_values|actual_observed_value|distinct_statuses|actual_status|value_mismatch_flag|evidence_status"", ""sha256"": ""0b5f3c4e35e477e9ac0f27deeb0e85c2c0d24402cbe3298b6922744762ff1d7c""}",bytes=2613;sha256=0b5f3c4e35e477e9ac0f27deeb0e85c2c0d24402cbe3298b6922744762ff1d7c;rows=24;cols=10;bad=0,PASS,BLOCKER,PASS,BLOCKER,06_AUDIT_LEDGERS/M2_12_FINAL_EVIDENCE_FILE_PROFILE.csv,,Original independently recalculated control result retained.,
FINAL-PROFILE-030,FINAL_EVIDENCE_PROFILE,223_HF12_pre_execution_positive_control_detail_20260811.csv,"{""bad_width_rows"": 0, ""bytes"": 69860, ""column_count"": 10, ""data_rows"": 128, ""header"": ""control_sequence|evidence_code|control_family_sequence|control_family_code|control_title|observed_value|expected_value|mismatch_count|status|interpretation"", ""sha256"": ""341b6deb1d459ac529eaa20ea017671be78c9a0e8d6df6aaa4560a4279dd1a48""}",bytes=69860;sha256=341b6deb1d459ac529eaa20ea017671be78c9a0e8d6df6aaa4560a4279dd1a48;rows=128;cols=10;bad=0,PASS,BLOCKER,PASS,BLOCKER,06_AUDIT_LEDGERS/M2_12_FINAL_EVIDENCE_FILE_PROFILE.csv,,Original independently recalculated control result retained.,
FINAL-PROFILE-031,FINAL_EVIDENCE_PROFILE,223_HF12_pre_execution_positive_control_diagnostic_summary_20260811.csv,"{""bad_width_rows"": 0, ""bytes"": 262, ""column_count"": 10, ""data_rows"": 1, ""header"": ""control_rows|distinct_control_codes|minimum_control_sequence|maximum_control_sequence|pass_rows|failure_rows|family_pass_rows|family_failure_rows|diagnostic_status|disposition"", ""sha256"": ""9d002f632677aae267b91c25605d49ba822dbea6f3af1050da8ea6ea959790f9""}",bytes=262;sha256=9d002f632677aae267b91c25605d49ba822dbea6f3af1050da8ea6ea959790f9;rows=1;cols=10;bad=0,PASS,BLOCKER,PASS,BLOCKER,06_AUDIT_LEDGERS/M2_12_FINAL_EVIDENCE_FILE_PROFILE.csv,,Original independently recalculated control result retained.,
FINAL-PROFILE-032,FINAL_EVIDENCE_PROFILE,223_HF12_pre_execution_positive_control_failures_20260811.csv,"{""bad_width_rows"": 0, ""bytes"": 177, ""column_count"": 10, ""data_rows"": 0, ""header"": ""control_sequence|evidence_code|control_family_sequence|control_family_code|control_title|observed_value|expected_value|mismatch_count|status|interpretation"", ""sha256"": ""fbbfe3d531b7a60b3d30038d3eb30c63ee5bce057b45d5dbbb737be105df1542""}",bytes=177;sha256=fbbfe3d531b7a60b3d30038d3eb30c63ee5bce057b45d5dbbb737be105df1542;rows=0;cols=10;bad=0,PASS,BLOCKER,PASS,BLOCKER,06_AUDIT_LEDGERS/M2_12_FINAL_EVIDENCE_FILE_PROFILE.csv,,Original independently recalculated control result retained.,
FINAL-PROFILE-033,FINAL_EVIDENCE_PROFILE,223_HF12_pre_execution_positive_control_family_summary_20260811.csv,"{""bad_width_rows"": 0, ""bytes"": 496, ""column_count"": 7, ""data_rows"": 10, ""header"": ""family_sequence|family_code|expected_rows|observed_rows|pass_rows|failure_rows|family_status"", ""sha256"": ""94c49ded12f56bda33e790f83769c119f38ba0df9fa1d9abd695f60cd4cc58d3""}",bytes=496;sha256=94c49ded12f56bda33e790f83769c119f38ba0df9fa1d9abd695f60cd4cc58d3;rows=10;cols=7;bad=0,PASS,BLOCKER,PASS,BLOCKER,06_AUDIT_LEDGERS/M2_12_FINAL_EVIDENCE_FILE_PROFILE.csv,,Original independently recalculated control result retained.,
FINAL-PROFILE-034,FINAL_EVIDENCE_PROFILE,223_HF12_pre_execution_source_graph_detail_20260811.csv,"{""bad_width_rows"": 0, ""bytes"": 3607, ""column_count"": 12, ""data_rows"": 19, ""header"": ""edge_sequence|edge_code|target_node_code|expected_source_hash|observed_accepted_source_hash|observed_target_recorded_source_hash|source_gate_status|source_registry_row_count|target_registry_row_count|source_hash_mismatch_flag|target_hash_mismatch_flag|edge_status"", ""sha256"": ""7ebf5d740b03ae0a603ebbbb02f6166a60db1649b142d76dc638ad6e36943a4e""}",bytes=3607;sha256=7ebf5d740b03ae0a603ebbbb02f6166a60db1649b142d76dc638ad6e36943a4e;rows=19;cols=12;bad=0,PASS,BLOCKER,PASS,BLOCKER,06_AUDIT_LEDGERS/M2_12_FINAL_EVIDENCE_FILE_PROFILE.csv,,Original independently recalculated control result retained.,
FINAL-PROFILE-035,FINAL_EVIDENCE_PROFILE,223_HF12_pre_execution_stage_boundary_detail_20260811.csv,"{""bad_width_rows"": 0, ""bytes"": 3400, ""column_count"": 15, ""data_rows"": 12, ""header"": ""node_sequence|stage_code|certification_status|acceptance_summary_pass_rows|acceptance_summary_rows|required_evidence_rows|physical_required_evidence_rows|observed_required_evidence_rows|duplicate_required_evidence_rows|missing_required_evidence_codes|nonpass_evidence_codes|violation_evidence_codes|source_relation_set|source_evidence_row_hash|observed_count_or_identity"", ""sha256"": ""62661da776951e841d65fb5ca2a657a5dd0b0ec84e7d2c26f33dca8564427474""}",bytes=3400;sha256=62661da776951e841d65fb5ca2a657a5dd0b0ec84e7d2c26f33dca8564427474;rows=12;cols=15;bad=0,PASS,BLOCKER,PASS,BLOCKER,06_AUDIT_LEDGERS/M2_12_FINAL_EVIDENCE_FILE_PROFILE.csv,,Original independently recalculated control result retained.,
FINAL-PROFILE-036,FINAL_EVIDENCE_PROFILE,223_HF12_pre_execution_state_summary_20260811.csv,"{""bad_width_rows"": 0, ""bytes"": 1111, ""column_count"": 40, ""data_rows"": 1, ""header"": ""state_verification_status|module1_run_id|run_code|run_version|run_status|contract_status|generated_at|validated_at|accepted_at|policy_rows|stage_rows|component_rows|evidence_certification_rows|reproduction_rows|capability_rows|latest_rows|archive_rows|registry_rows|canonical_entities|canonical_families|canonical_families_pass|deterministic_mismatches|generation_evidence_rows|generation_evidence_pass_rows|source_graph_rows|source_graph_pass_rows|stage_boundary_rows|stage_boundary_pass_rows|stage_boundary_required_controls|stage_boundary_physical_controls|positive_rows|negative_rows|acceptance_rows|g3_gate_rows|policy_sequence_state|archive_sequence_state|registry_sequence_state|combined_set_hash|expected_combined_set_hash|disposition"", ""sha256"": ""9f4c90c9d521f2ea35caf11bdf4459667ddb6a31e7b75507c2670c6a2ed8066f""}",bytes=1111;sha256=9f4c90c9d521f2ea35caf11bdf4459667ddb6a31e7b75507c2670c6a2ed8066f;rows=1;cols=40;bad=0,PASS,BLOCKER,PASS,BLOCKER,06_AUDIT_LEDGERS/M2_12_FINAL_EVIDENCE_FILE_PROFILE.csv,,Original independently recalculated control result retained.,
FINAL-PROFILE-037,FINAL_EVIDENCE_PROFILE,223_msbf_m2_12_positive_validation_128_controls_v1_HF12_positive_results_20260811.csv,"{""bad_width_rows"": 0, ""bytes"": 56889, ""column_count"": 8, ""data_rows"": 128, ""header"": ""control_sequence|evidence_code|control_family_code|observed_value|expected_value|mismatch_count|status|interpretation"", ""sha256"": ""476286bfb63870c10d1e72e236c58eba0582fcef739d1d836d4279eb4589036c""}",bytes=56889;sha256=476286bfb63870c10d1e72e236c58eba0582fcef739d1d836d4279eb4589036c;rows=128;cols=8;bad=0,PASS,BLOCKER,PASS,BLOCKER,06_AUDIT_LEDGERS/M2_12_FINAL_EVIDENCE_FILE_PROFILE.csv,,Original independently recalculated control result retained.,
FINAL-PROFILE-038,FINAL_EVIDENCE_PROFILE,223_msbf_m2_12_positive_validation_128_controls_v1_HF12_validation_persistence_results_20260811.csv,"{""bad_width_rows"": 0, ""bytes"": 231, ""column_count"": 11, ""data_rows"": 1, ""header"": ""run_id|run_status|contract_status|positive_pass|positive_codes|negative_rows|acceptance_rows|gate_rows|hash_compare_rows|hash_exact_rows|persistence_status"", ""sha256"": ""293c2785c530157e91de80d752a7aed70e54e44513c6a2ea4f873f0823a8ef99""}",bytes=231;sha256=293c2785c530157e91de80d752a7aed70e54e44513c6a2ea4f873f0823a8ef99;rows=1;cols=11;bad=0,PASS,BLOCKER,PASS,BLOCKER,06_AUDIT_LEDGERS/M2_12_FINAL_EVIDENCE_FILE_PROFILE.csv,,Original independently recalculated control result retained.,
FINAL-PROFILE-039,FINAL_EVIDENCE_PROFILE,224_HF13_pre_execution_canonical_family_detail_20260811.csv,"{""bad_width_rows"": 0, ""bytes"": 1083, ""column_count"": 9, ""data_rows"": 9, ""header"": ""family_sequence|family_code|expected_rows|observed_rows|row_hash_mismatch_count|reconstructed_set_hash|stored_set_hash|set_hash_mismatch_count|family_status"", ""sha256"": ""6433b353becfae0d881b7e653b1ab3cc4a235a64bb6a5a868d6f953d81fc47b7""}",bytes=1083;sha256=6433b353becfae0d881b7e653b1ab3cc4a235a64bb6a5a868d6f953d81fc47b7;rows=9;cols=9;bad=0,PASS,BLOCKER,PASS,BLOCKER,06_AUDIT_LEDGERS/M2_12_FINAL_EVIDENCE_FILE_PROFILE.csv,,Original independently recalculated control result retained.,
FINAL-PROFILE-040,FINAL_EVIDENCE_PROFILE,224_HF13_pre_execution_generation_evidence_detail_20260811.csv,"{""bad_width_rows"": 0, ""bytes"": 2613, ""column_count"": 10, ""data_rows"": 24, ""header"": ""evidence_sequence|evidence_code|expected_observed_value|actual_rows|distinct_values|actual_observed_value|distinct_statuses|actual_status|value_mismatch_flag|evidence_status"", ""sha256"": ""0b5f3c4e35e477e9ac0f27deeb0e85c2c0d24402cbe3298b6922744762ff1d7c""}",bytes=2613;sha256=0b5f3c4e35e477e9ac0f27deeb0e85c2c0d24402cbe3298b6922744762ff1d7c;rows=24;cols=10;bad=0,PASS,BLOCKER,PASS,BLOCKER,06_AUDIT_LEDGERS/M2_12_FINAL_EVIDENCE_FILE_PROFILE.csv,,Original independently recalculated control result retained.,
FINAL-PROFILE-041,FINAL_EVIDENCE_PROFILE,224_HF13_pre_execution_negative_control_detail_20260811.csv,"{""bad_width_rows"": 0, ""bytes"": 15141, ""column_count"": 22, ""data_rows"": 20, ""header"": ""control_sequence|evidence_code|control_family|expected_sqlstate|authority_message_prefix|effective_message_signature|message_match_mode|expected_constraint|observed_sqlstate|observed_message|observed_constraint|canonical_before|canonical_after|hash_before|hash_after|sequence_before|sequence_after|lifecycle_before|lifecycle_after|isolation_status|status|interpretation"", ""sha256"": ""b84ea93b7dc13e8f6542d4d9c3755eb95365183624b27188affc8182bc85bcf9""}",bytes=15141;sha256=b84ea93b7dc13e8f6542d4d9c3755eb95365183624b27188affc8182bc85bcf9;rows=20;cols=22;bad=0,PASS,BLOCKER,PASS,BLOCKER,06_AUDIT_LEDGERS/M2_12_FINAL_EVIDENCE_FILE_PROFILE.csv,,Original independently recalculated control result retained.,
FINAL-PROFILE-042,FINAL_EVIDENCE_PROFILE,224_HF13_pre_execution_negative_control_diagnostic_summary_20260811.csv,"{""bad_width_rows"": 0, ""bytes"": 271, ""column_count"": 11, ""data_rows"": 1, ""header"": ""control_rows|distinct_control_codes|minimum_control_sequence|maximum_control_sequence|pass_rows|isolation_pass_rows|failure_rows|family_pass_rows|family_failure_rows|diagnostic_status|disposition"", ""sha256"": ""adaa9b00ad79b371fa7d893bdbfc2d5c9aedd0908ab660c7a6df09e7f42bfa9c""}",bytes=271;sha256=adaa9b00ad79b371fa7d893bdbfc2d5c9aedd0908ab660c7a6df09e7f42bfa9c;rows=1;cols=11;bad=0,PASS,BLOCKER,PASS,BLOCKER,06_AUDIT_LEDGERS/M2_12_FINAL_EVIDENCE_FILE_PROFILE.csv,,Original independently recalculated control result retained.,
FINAL-PROFILE-043,FINAL_EVIDENCE_PROFILE,224_HF13_pre_execution_negative_control_failures_20260811.csv,"{""bad_width_rows"": 0, ""bytes"": 1103, ""column_count"": 22, ""data_rows"": 1, ""header"": ""control_sequence|evidence_code|control_family|expected_sqlstate|authority_message_prefix|effective_message_signature|message_match_mode|expected_constraint|observed_sqlstate|observed_message|observed_constraint|canonical_before|canonical_after|hash_before|hash_after|sequence_before|sequence_after|lifecycle_before|lifecycle_after|isolation_status|status|interpretation"", ""sha256"": ""8d3ebdeedc9d654ca5d6fc1724b43b2f2316f397ddb5448456df80f6c4f16d98""}",bytes=1103;sha256=8d3ebdeedc9d654ca5d6fc1724b43b2f2316f397ddb5448456df80f6c4f16d98;rows=1;cols=22;bad=0,PASS,BLOCKER,PASS,BLOCKER,06_AUDIT_LEDGERS/M2_12_FINAL_EVIDENCE_FILE_PROFILE.csv,,Original independently recalculated control result retained.,
FINAL-PROFILE-044,FINAL_EVIDENCE_PROFILE,224_HF13_pre_execution_negative_control_family_summary_20260811.csv,"{""bad_width_rows"": 0, ""bytes"": 641, ""column_count"": 8, ""data_rows"": 14, ""header"": ""family_sequence|control_family|expected_rows|observed_rows|pass_rows|isolation_pass_rows|failure_rows|family_status"", ""sha256"": ""442e3afff4436ee8e7956612e6c214d23264bd8f1fbeb87e4cdf074d199035e7""}",bytes=641;sha256=442e3afff4436ee8e7956612e6c214d23264bd8f1fbeb87e4cdf074d199035e7;rows=14;cols=8;bad=0,PASS,BLOCKER,PASS,BLOCKER,06_AUDIT_LEDGERS/M2_12_FINAL_EVIDENCE_FILE_PROFILE.csv,,Original independently recalculated control result retained.,
FINAL-PROFILE-045,FINAL_EVIDENCE_PROFILE,224_HF13_pre_execution_positive_evidence_detail_20260811.csv,"{""bad_width_rows"": 0, ""bytes"": 41857, ""column_count"": 11, ""data_rows"": 128, ""header"": ""control_sequence|evidence_code|expected_observed_value|expected_status|actual_rows|distinct_values|actual_observed_value|distinct_statuses|actual_status|value_mismatch_flag|positive_evidence_status"", ""sha256"": ""95cc16d4f29cbdbf746786245e879e2406442915f881d6400e5b8e7cf4105177""}",bytes=41857;sha256=95cc16d4f29cbdbf746786245e879e2406442915f881d6400e5b8e7cf4105177;rows=128;cols=11;bad=0,PASS,BLOCKER,PASS,BLOCKER,06_AUDIT_LEDGERS/M2_12_FINAL_EVIDENCE_FILE_PROFILE.csv,,Original independently recalculated control result retained.,
FINAL-PROFILE-046,FINAL_EVIDENCE_PROFILE,224_HF13_pre_execution_source_graph_detail_20260811.csv,"{""bad_width_rows"": 0, ""bytes"": 3607, ""column_count"": 12, ""data_rows"": 19, ""header"": ""edge_sequence|edge_code|target_node_code|expected_source_hash|observed_accepted_source_hash|observed_target_recorded_source_hash|source_gate_status|source_registry_row_count|target_registry_row_count|source_hash_mismatch_flag|target_hash_mismatch_flag|edge_status"", ""sha256"": ""7ebf5d740b03ae0a603ebbbb02f6166a60db1649b142d76dc638ad6e36943a4e""}",bytes=3607;sha256=7ebf5d740b03ae0a603ebbbb02f6166a60db1649b142d76dc638ad6e36943a4e;rows=19;cols=12;bad=0,PASS,BLOCKER,PASS,BLOCKER,06_AUDIT_LEDGERS/M2_12_FINAL_EVIDENCE_FILE_PROFILE.csv,,Original independently recalculated control result retained.,
FINAL-PROFILE-047,FINAL_EVIDENCE_PROFILE,224_HF13_pre_execution_stage_boundary_detail_20260811.csv,"{""bad_width_rows"": 0, ""bytes"": 3400, ""column_count"": 15, ""data_rows"": 12, ""header"": ""node_sequence|stage_code|certification_status|acceptance_summary_pass_rows|acceptance_summary_rows|required_evidence_rows|physical_required_evidence_rows|observed_required_evidence_rows|duplicate_required_evidence_rows|missing_required_evidence_codes|nonpass_evidence_codes|violation_evidence_codes|source_relation_set|source_evidence_row_hash|observed_count_or_identity"", ""sha256"": ""62661da776951e841d65fb5ca2a657a5dd0b0ec84e7d2c26f33dca8564427474""}",bytes=3400;sha256=62661da776951e841d65fb5ca2a657a5dd0b0ec84e7d2c26f33dca8564427474;rows=12;cols=15;bad=0,PASS,BLOCKER,PASS,BLOCKER,06_AUDIT_LEDGERS/M2_12_FINAL_EVIDENCE_FILE_PROFILE.csv,,Original independently recalculated control result retained.,
FINAL-PROFILE-048,FINAL_EVIDENCE_PROFILE,224_HF13_pre_execution_state_summary_20260811.csv,"{""bad_width_rows"": 0, ""bytes"": 1223, ""column_count"": 43, ""data_rows"": 1, ""header"": ""state_verification_status|module1_run_id|run_code|run_version|run_status|contract_status|generated_at|validated_at|accepted_at|policy_rows|stage_rows|component_rows|evidence_certification_rows|reproduction_rows|capability_rows|latest_rows|archive_rows|registry_rows|canonical_entities|canonical_families|canonical_families_pass|deterministic_mismatches|generation_evidence_rows|generation_evidence_pass_rows|source_graph_rows|source_graph_pass_rows|stage_boundary_rows|stage_boundary_pass_rows|stage_boundary_required_controls|stage_boundary_physical_controls|positive_rows|positive_pass_rows|positive_distinct_codes|positive_exact_rows|negative_rows|acceptance_rows|g3_gate_rows|policy_sequence_state|archive_sequence_state|registry_sequence_state|combined_set_hash|expected_combined_set_hash|disposition"", ""sha256"": ""427e3da23f176a5b48646af151fd0ff52d21c803764c6b509ef3c8a7abf3bbd3""}",bytes=1223;sha256=427e3da23f176a5b48646af151fd0ff52d21c803764c6b509ef3c8a7abf3bbd3;rows=1;cols=43;bad=0,PASS,BLOCKER,PASS,BLOCKER,06_AUDIT_LEDGERS/M2_12_FINAL_EVIDENCE_FILE_PROFILE.csv,,Original independently recalculated control result retained.,
FINAL-PROFILE-049,FINAL_EVIDENCE_PROFILE,224_HF14_pre_execution_canonical_family_detail_20260811.csv,"{""bad_width_rows"": 0, ""bytes"": 1083, ""column_count"": 9, ""data_rows"": 9, ""header"": ""family_sequence|family_code|expected_rows|observed_rows|row_hash_mismatch_count|reconstructed_set_hash|stored_set_hash|set_hash_mismatch_count|family_status"", ""sha256"": ""6433b353becfae0d881b7e653b1ab3cc4a235a64bb6a5a868d6f953d81fc47b7""}",bytes=1083;sha256=6433b353becfae0d881b7e653b1ab3cc4a235a64bb6a5a868d6f953d81fc47b7;rows=9;cols=9;bad=0,PASS,BLOCKER,PASS,BLOCKER,06_AUDIT_LEDGERS/M2_12_FINAL_EVIDENCE_FILE_PROFILE.csv,,Original independently recalculated control result retained.,
FINAL-PROFILE-050,FINAL_EVIDENCE_PROFILE,224_HF14_pre_execution_generation_evidence_detail_20260811.csv,"{""bad_width_rows"": 0, ""bytes"": 2613, ""column_count"": 10, ""data_rows"": 24, ""header"": ""evidence_sequence|evidence_code|expected_observed_value|actual_rows|distinct_values|actual_observed_value|distinct_statuses|actual_status|value_mismatch_flag|evidence_status"", ""sha256"": ""0b5f3c4e35e477e9ac0f27deeb0e85c2c0d24402cbe3298b6922744762ff1d7c""}",bytes=2613;sha256=0b5f3c4e35e477e9ac0f27deeb0e85c2c0d24402cbe3298b6922744762ff1d7c;rows=24;cols=10;bad=0,PASS,BLOCKER,PASS,BLOCKER,06_AUDIT_LEDGERS/M2_12_FINAL_EVIDENCE_FILE_PROFILE.csv,,Original independently recalculated control result retained.,
FINAL-PROFILE-051,FINAL_EVIDENCE_PROFILE,224_HF14_pre_execution_negative_control_detail_20260811.csv,"{""bad_width_rows"": 0, ""bytes"": 15128, ""column_count"": 22, ""data_rows"": 20, ""header"": ""control_sequence|evidence_code|control_family|expected_sqlstate|authority_message_prefix|effective_message_signature|message_match_mode|expected_constraint|observed_sqlstate|observed_message|observed_constraint|canonical_before|canonical_after|hash_before|hash_after|sequence_before|sequence_after|lifecycle_before|lifecycle_after|isolation_status|status|interpretation"", ""sha256"": ""742b6e03b9a28ef0675f8e0bb7fdb56747968443f8d3cae9074d865d3c92a9af""}",bytes=15128;sha256=742b6e03b9a28ef0675f8e0bb7fdb56747968443f8d3cae9074d865d3c92a9af;rows=20;cols=22;bad=0,PASS,BLOCKER,PASS,BLOCKER,06_AUDIT_LEDGERS/M2_12_FINAL_EVIDENCE_FILE_PROFILE.csv,,Original independently recalculated control result retained.,
FINAL-PROFILE-052,FINAL_EVIDENCE_PROFILE,224_HF14_pre_execution_negative_control_diagnostic_summary_20260811.csv,"{""bad_width_rows"": 0, ""bytes"": 283, ""column_count"": 11, ""data_rows"": 1, ""header"": ""control_rows|distinct_control_codes|minimum_control_sequence|maximum_control_sequence|pass_rows|isolation_pass_rows|failure_rows|family_pass_rows|family_failure_rows|diagnostic_status|disposition"", ""sha256"": ""0de8979f87679dd8b3a3d9e567d4f47bce2eb91c4b9738b02cccf741fe25dcae""}",bytes=283;sha256=0de8979f87679dd8b3a3d9e567d4f47bce2eb91c4b9738b02cccf741fe25dcae;rows=1;cols=11;bad=0,PASS,BLOCKER,PASS,BLOCKER,06_AUDIT_LEDGERS/M2_12_FINAL_EVIDENCE_FILE_PROFILE.csv,,Original independently recalculated control result retained.,
FINAL-PROFILE-053,FINAL_EVIDENCE_PROFILE,224_HF14_pre_execution_negative_control_failures_20260811.csv,"{""bad_width_rows"": 0, ""bytes"": 415, ""column_count"": 22, ""data_rows"": 0, ""header"": ""control_sequence|evidence_code|control_family|expected_sqlstate|authority_message_prefix|effective_message_signature|message_match_mode|expected_constraint|observed_sqlstate|observed_message|observed_constraint|canonical_before|canonical_after|hash_before|hash_after|sequence_before|sequence_after|lifecycle_before|lifecycle_after|isolation_status|status|interpretation"", ""sha256"": ""28786acf3bbe0b0964f98ef726da64069ede566bc64d73be6231e51a2b66830a""}",bytes=415;sha256=28786acf3bbe0b0964f98ef726da64069ede566bc64d73be6231e51a2b66830a;rows=0;cols=22;bad=0,PASS,BLOCKER,PASS,BLOCKER,06_AUDIT_LEDGERS/M2_12_FINAL_EVIDENCE_FILE_PROFILE.csv,,Original independently recalculated control result retained.,
FINAL-PROFILE-054,FINAL_EVIDENCE_PROFILE,224_HF14_pre_execution_negative_control_family_summary_20260811.csv,"{""bad_width_rows"": 0, ""bytes"": 641, ""column_count"": 8, ""data_rows"": 14, ""header"": ""family_sequence|control_family|expected_rows|observed_rows|pass_rows|isolation_pass_rows|failure_rows|family_status"", ""sha256"": ""248126b527c5cf21a99befc5a9ead0e957dedf64c648f30a11d8264b677d39c9""}",bytes=641;sha256=248126b527c5cf21a99befc5a9ead0e957dedf64c648f30a11d8264b677d39c9;rows=14;cols=8;bad=0,PASS,BLOCKER,PASS,BLOCKER,06_AUDIT_LEDGERS/M2_12_FINAL_EVIDENCE_FILE_PROFILE.csv,,Original independently recalculated control result retained.,
FINAL-PROFILE-055,FINAL_EVIDENCE_PROFILE,224_HF14_pre_execution_positive_evidence_detail_20260811.csv,"{""bad_width_rows"": 0, ""bytes"": 41857, ""column_count"": 11, ""data_rows"": 128, ""header"": ""control_sequence|evidence_code|expected_observed_value|expected_status|actual_rows|distinct_values|actual_observed_value|distinct_statuses|actual_status|value_mismatch_flag|positive_evidence_status"", ""sha256"": ""95cc16d4f29cbdbf746786245e879e2406442915f881d6400e5b8e7cf4105177""}",bytes=41857;sha256=95cc16d4f29cbdbf746786245e879e2406442915f881d6400e5b8e7cf4105177;rows=128;cols=11;bad=0,PASS,BLOCKER,PASS,BLOCKER,06_AUDIT_LEDGERS/M2_12_FINAL_EVIDENCE_FILE_PROFILE.csv,,Original independently recalculated control result retained.,
FINAL-PROFILE-056,FINAL_EVIDENCE_PROFILE,224_HF14_pre_execution_source_graph_detail_20260811.csv,"{""bad_width_rows"": 0, ""bytes"": 3607, ""column_count"": 12, ""data_rows"": 19, ""header"": ""edge_sequence|edge_code|target_node_code|expected_source_hash|observed_accepted_source_hash|observed_target_recorded_source_hash|source_gate_status|source_registry_row_count|target_registry_row_count|source_hash_mismatch_flag|target_hash_mismatch_flag|edge_status"", ""sha256"": ""7ebf5d740b03ae0a603ebbbb02f6166a60db1649b142d76dc638ad6e36943a4e""}",bytes=3607;sha256=7ebf5d740b03ae0a603ebbbb02f6166a60db1649b142d76dc638ad6e36943a4e;rows=19;cols=12;bad=0,PASS,BLOCKER,PASS,BLOCKER,06_AUDIT_LEDGERS/M2_12_FINAL_EVIDENCE_FILE_PROFILE.csv,,Original independently recalculated control result retained.,
FINAL-PROFILE-057,FINAL_EVIDENCE_PROFILE,224_HF14_pre_execution_stage_boundary_detail_20260811.csv,"{""bad_width_rows"": 0, ""bytes"": 3400, ""column_count"": 15, ""data_rows"": 12, ""header"": ""node_sequence|stage_code|certification_status|acceptance_summary_pass_rows|acceptance_summary_rows|required_evidence_rows|physical_required_evidence_rows|observed_required_evidence_rows|duplicate_required_evidence_rows|missing_required_evidence_codes|nonpass_evidence_codes|violation_evidence_codes|source_relation_set|source_evidence_row_hash|observed_count_or_identity"", ""sha256"": ""62661da776951e841d65fb5ca2a657a5dd0b0ec84e7d2c26f33dca8564427474""}",bytes=3400;sha256=62661da776951e841d65fb5ca2a657a5dd0b0ec84e7d2c26f33dca8564427474;rows=12;cols=15;bad=0,PASS,BLOCKER,PASS,BLOCKER,06_AUDIT_LEDGERS/M2_12_FINAL_EVIDENCE_FILE_PROFILE.csv,,Original independently recalculated control result retained.,
FINAL-PROFILE-058,FINAL_EVIDENCE_PROFILE,224_HF14_pre_execution_state_summary_20260811.csv,"{""bad_width_rows"": 0, ""bytes"": 1223, ""column_count"": 43, ""data_rows"": 1, ""header"": ""state_verification_status|module1_run_id|run_code|run_version|run_status|contract_status|generated_at|validated_at|accepted_at|policy_rows|stage_rows|component_rows|evidence_certification_rows|reproduction_rows|capability_rows|latest_rows|archive_rows|registry_rows|canonical_entities|canonical_families|canonical_families_pass|deterministic_mismatches|generation_evidence_rows|generation_evidence_pass_rows|source_graph_rows|source_graph_pass_rows|stage_boundary_rows|stage_boundary_pass_rows|stage_boundary_required_controls|stage_boundary_physical_controls|positive_rows|positive_pass_rows|positive_distinct_codes|positive_exact_rows|negative_rows|acceptance_rows|g3_gate_rows|policy_sequence_state|archive_sequence_state|registry_sequence_state|combined_set_hash|expected_combined_set_hash|disposition"", ""sha256"": ""167ecf1a4829146fd764c4d27e1ea593b4a6f16ea156ff57640ae312dd7f396c""}",bytes=1223;sha256=167ecf1a4829146fd764c4d27e1ea593b4a6f16ea156ff57640ae312dd7f396c;rows=1;cols=43;bad=0,PASS,BLOCKER,PASS,BLOCKER,06_AUDIT_LEDGERS/M2_12_FINAL_EVIDENCE_FILE_PROFILE.csv,,Original independently recalculated control result retained.,
FINAL-PROFILE-059,FINAL_EVIDENCE_PROFILE,224_msbf_m2_12_negative_controls_20_isolated_v1_HF14_persistence_result_20260811.csv,"{""bad_width_rows"": 0, ""bytes"": 287, ""column_count"": 13, ""data_rows"": 1, ""header"": ""module1_run_id|run_status|contract_status|positive_total_rows|positive_rows|positive_codes|negative_total_rows|negative_rows|negative_codes|acceptance_rows|gate_rows|exact_flag|persistence_status"", ""sha256"": ""10600f5bb011e1a8b48a35c2abe7935e874afa2c1762b22aa6e41f04e96afe01""}",bytes=287;sha256=10600f5bb011e1a8b48a35c2abe7935e874afa2c1762b22aa6e41f04e96afe01;rows=1;cols=13;bad=0,PASS,BLOCKER,PASS,BLOCKER,06_AUDIT_LEDGERS/M2_12_FINAL_EVIDENCE_FILE_PROFILE.csv,,Original independently recalculated control result retained.,
FINAL-PROFILE-060,FINAL_EVIDENCE_PROFILE,224_msbf_m2_12_negative_controls_20_isolated_v1_HF14_results_20260811.csv,"{""bad_width_rows"": 0, ""bytes"": 15128, ""column_count"": 22, ""data_rows"": 20, ""header"": ""control_sequence|evidence_code|control_family|expected_sqlstate|authority_message_prefix|effective_message_signature|message_match_mode|expected_constraint|observed_sqlstate|observed_message|observed_constraint|canonical_before|canonical_after|hash_before|hash_after|sequence_before|sequence_after|lifecycle_before|lifecycle_after|isolation_status|status|interpretation"", ""sha256"": ""742b6e03b9a28ef0675f8e0bb7fdb56747968443f8d3cae9074d865d3c92a9af""}",bytes=15128;sha256=742b6e03b9a28ef0675f8e0bb7fdb56747968443f8d3cae9074d865d3c92a9af;rows=20;cols=22;bad=0,PASS,BLOCKER,PASS,BLOCKER,06_AUDIT_LEDGERS/M2_12_FINAL_EVIDENCE_FILE_PROFILE.csv,,Original independently recalculated control result retained.,
FINAL-PROFILE-061,FINAL_EVIDENCE_PROFILE,225_HF16_pre_execution_canonical_family_detail_20260811.csv,"{""bad_width_rows"": 0, ""bytes"": 1083, ""column_count"": 9, ""data_rows"": 9, ""header"": ""family_sequence|family_code|expected_rows|observed_rows|row_hash_mismatch_count|reconstructed_set_hash|stored_set_hash|set_hash_mismatch_count|family_status"", ""sha256"": ""6433b353becfae0d881b7e653b1ab3cc4a235a64bb6a5a868d6f953d81fc47b7""}",bytes=1083;sha256=6433b353becfae0d881b7e653b1ab3cc4a235a64bb6a5a868d6f953d81fc47b7;rows=9;cols=9;bad=0,PASS,BLOCKER,PASS,BLOCKER,06_AUDIT_LEDGERS/M2_12_FINAL_EVIDENCE_FILE_PROFILE.csv,,Original independently recalculated control result retained.,
FINAL-PROFILE-062,FINAL_EVIDENCE_PROFILE,225_HF16_pre_execution_generation_evidence_detail_20260811.csv,"{""bad_width_rows"": 0, ""bytes"": 2613, ""column_count"": 10, ""data_rows"": 24, ""header"": ""evidence_sequence|evidence_code|expected_observed_value|actual_rows|distinct_values|actual_observed_value|distinct_statuses|actual_status|value_mismatch_flag|evidence_status"", ""sha256"": ""0b5f3c4e35e477e9ac0f27deeb0e85c2c0d24402cbe3298b6922744762ff1d7c""}",bytes=2613;sha256=0b5f3c4e35e477e9ac0f27deeb0e85c2c0d24402cbe3298b6922744762ff1d7c;rows=24;cols=10;bad=0,PASS,BLOCKER,PASS,BLOCKER,06_AUDIT_LEDGERS/M2_12_FINAL_EVIDENCE_FILE_PROFILE.csv,,Original independently recalculated control result retained.,
FINAL-PROFILE-063,FINAL_EVIDENCE_PROFILE,225_HF16_pre_execution_negative_evidence_detail_20260811.csv,"{""bad_width_rows"": 0, ""bytes"": 5659, ""column_count"": 14, ""data_rows"": 20, ""header"": ""control_sequence|evidence_code|expected_sqlstate|expected_constraint|expected_message|expected_observed_value|expected_status|actual_rows|distinct_values|actual_observed_value|distinct_statuses|actual_status|value_mismatch_flag|negative_evidence_status"", ""sha256"": ""9c77c37f5f3b14db8027d4abb6688817ec59d486646c317b9de9f0587fdcc861""}",bytes=5659;sha256=9c77c37f5f3b14db8027d4abb6688817ec59d486646c317b9de9f0587fdcc861;rows=20;cols=14;bad=0,PASS,BLOCKER,PASS,BLOCKER,06_AUDIT_LEDGERS/M2_12_FINAL_EVIDENCE_FILE_PROFILE.csv,,Original independently recalculated control result retained.,
FINAL-PROFILE-064,FINAL_EVIDENCE_PROFILE,225_HF16_pre_execution_negative_evidence_encoding_detail_20260811.csv,"{""bad_width_rows"": 0, ""bytes"": 5538, ""column_count"": 13, ""data_rows"": 20, ""header"": ""control_sequence|evidence_code|expected_sqlstate|expected_constraint|expected_message|expected_metric_value_text|actual_rows|distinct_values|actual_metric_value_text|distinct_statuses|actual_status|value_mismatch_flag|evidence_status"", ""sha256"": ""eca0dc34333f1da3b689a4ae0624c84251a0b7e09a6b352fc7e39e6bf36ece5c""}",bytes=5538;sha256=eca0dc34333f1da3b689a4ae0624c84251a0b7e09a6b352fc7e39e6bf36ece5c;rows=20;cols=13;bad=0,PASS,BLOCKER,PASS,BLOCKER,06_AUDIT_LEDGERS/M2_12_FINAL_EVIDENCE_FILE_PROFILE.csv,,Original independently recalculated control result retained.,
FINAL-PROFILE-065,FINAL_EVIDENCE_PROFILE,225_HF16_pre_execution_negative_evidence_encoding_failure_20260811.csv,"{""bad_width_rows"": 0, ""bytes"": 200, ""column_count"": 10, ""data_rows"": 0, ""header"": ""control_sequence|evidence_code|expected_metric_value_text|actual_metric_value_text|actual_rows|distinct_values|distinct_statuses|actual_status|value_mismatch_flag|evidence_status"", ""sha256"": ""24049a39c424f34f52ced877cc7c952c34d42a1f4cefdc385dc39c62f4b808f2""}",bytes=200;sha256=24049a39c424f34f52ced877cc7c952c34d42a1f4cefdc385dc39c62f4b808f2;rows=0;cols=10;bad=0,PASS,BLOCKER,PASS,BLOCKER,06_AUDIT_LEDGERS/M2_12_FINAL_EVIDENCE_FILE_PROFILE.csv,,Original independently recalculated control result retained.,
FINAL-PROFILE-066,FINAL_EVIDENCE_PROFILE,225_HF16_pre_execution_negative_evidence_encoding_summary_20260811.csv,"{""bad_width_rows"": 0, ""bytes"": 250, ""column_count"": 9, ""data_rows"": 1, ""header"": ""context_rows|control_rows|distinct_control_codes|exact_pass_rows|failure_rows|empty_constraint_controls|named_constraint_controls|diagnostic_status|disposition"", ""sha256"": ""eb6952ebaca6294fc2e3728a799d7c435c01a01fc23555eeaac760cc9e134518""}",bytes=250;sha256=eb6952ebaca6294fc2e3728a799d7c435c01a01fc23555eeaac760cc9e134518;rows=1;cols=9;bad=0,PASS,BLOCKER,PASS,BLOCKER,06_AUDIT_LEDGERS/M2_12_FINAL_EVIDENCE_FILE_PROFILE.csv,,Original independently recalculated control result retained.,
FINAL-PROFILE-067,FINAL_EVIDENCE_PROFILE,225_HF16_pre_execution_positive_evidence_detail_20260811.csv,"{""bad_width_rows"": 0, ""bytes"": 41857, ""column_count"": 11, ""data_rows"": 128, ""header"": ""control_sequence|evidence_code|expected_observed_value|expected_status|actual_rows|distinct_values|actual_observed_value|distinct_statuses|actual_status|value_mismatch_flag|positive_evidence_status"", ""sha256"": ""95cc16d4f29cbdbf746786245e879e2406442915f881d6400e5b8e7cf4105177""}",bytes=41857;sha256=95cc16d4f29cbdbf746786245e879e2406442915f881d6400e5b8e7cf4105177;rows=128;cols=11;bad=0,PASS,BLOCKER,PASS,BLOCKER,06_AUDIT_LEDGERS/M2_12_FINAL_EVIDENCE_FILE_PROFILE.csv,,Original independently recalculated control result retained.,
FINAL-PROFILE-068,FINAL_EVIDENCE_PROFILE,225_HF16_pre_execution_source_graph_detail_20260811.csv,"{""bad_width_rows"": 0, ""bytes"": 3607, ""column_count"": 12, ""data_rows"": 19, ""header"": ""edge_sequence|edge_code|target_node_code|expected_source_hash|observed_accepted_source_hash|observed_target_recorded_source_hash|source_gate_status|source_registry_row_count|target_registry_row_count|source_hash_mismatch_flag|target_hash_mismatch_flag|edge_status"", ""sha256"": ""7ebf5d740b03ae0a603ebbbb02f6166a60db1649b142d76dc638ad6e36943a4e""}",bytes=3607;sha256=7ebf5d740b03ae0a603ebbbb02f6166a60db1649b142d76dc638ad6e36943a4e;rows=19;cols=12;bad=0,PASS,BLOCKER,PASS,BLOCKER,06_AUDIT_LEDGERS/M2_12_FINAL_EVIDENCE_FILE_PROFILE.csv,,Original independently recalculated control result retained.,
FINAL-PROFILE-069,FINAL_EVIDENCE_PROFILE,225_HF16_pre_execution_stage_boundary_detail_20260811.csv,"{""bad_width_rows"": 0, ""bytes"": 3400, ""column_count"": 15, ""data_rows"": 12, ""header"": ""node_sequence|stage_code|certification_status|acceptance_summary_pass_rows|acceptance_summary_rows|required_evidence_rows|physical_required_evidence_rows|observed_required_evidence_rows|duplicate_required_evidence_rows|missing_required_evidence_codes|nonpass_evidence_codes|violation_evidence_codes|source_relation_set|source_evidence_row_hash|observed_count_or_identity"", ""sha256"": ""62661da776951e841d65fb5ca2a657a5dd0b0ec84e7d2c26f33dca8564427474""}",bytes=3400;sha256=62661da776951e841d65fb5ca2a657a5dd0b0ec84e7d2c26f33dca8564427474;rows=12;cols=15;bad=0,PASS,BLOCKER,PASS,BLOCKER,06_AUDIT_LEDGERS/M2_12_FINAL_EVIDENCE_FILE_PROFILE.csv,,Original independently recalculated control result retained.,
FINAL-PROFILE-070,FINAL_EVIDENCE_PROFILE,225_HF16_pre_execution_state_summary_20260811.csv,"{""bad_width_rows"": 0, ""bytes"": 1302, ""column_count"": 46, ""data_rows"": 1, ""header"": ""state_verification_status|module1_run_id|run_code|run_version|run_status|contract_status|generated_at|validated_at|accepted_at|policy_rows|stage_rows|component_rows|evidence_certification_rows|reproduction_rows|capability_rows|latest_rows|archive_rows|registry_rows|canonical_entities|canonical_families|canonical_families_pass|deterministic_mismatches|generation_evidence_rows|generation_evidence_pass_rows|source_graph_rows|source_graph_pass_rows|stage_boundary_rows|stage_boundary_pass_rows|stage_boundary_required_controls|stage_boundary_physical_controls|positive_rows|positive_pass_rows|positive_distinct_codes|positive_exact_rows|negative_rows|negative_pass_rows|negative_distinct_codes|negative_exact_rows|acceptance_rows|g3_gate_rows|policy_sequence_state|archive_sequence_state|registry_sequence_state|combined_set_hash|expected_combined_set_hash|disposition"", ""sha256"": ""caa5ffb05c302cb6d87d9112f766191592796b4f0268aca2842468abfa540ae1""}",bytes=1302;sha256=caa5ffb05c302cb6d87d9112f766191592796b4f0268aca2842468abfa540ae1;rows=1;cols=46;bad=0,PASS,BLOCKER,PASS,BLOCKER,06_AUDIT_LEDGERS/M2_12_FINAL_EVIDENCE_FILE_PROFILE.csv,,Original independently recalculated control result retained.,
FINAL-PROFILE-071,FINAL_EVIDENCE_PROFILE,225_HF19_pre_execution_application_view_column_detail_20260811.csv,"{""bad_width_rows"": 0, ""bytes"": 460, ""column_count"": 4, ""data_rows"": 12, ""header"": ""column_sequence|column_name|catalog_rows|column_status"", ""sha256"": ""e676693a7a8a28ceb53c3fca3d27f551441d05c4dc4e34b7219ca84d1b3865c2""}",bytes=460;sha256=e676693a7a8a28ceb53c3fca3d27f551441d05c4dc4e34b7219ca84d1b3865c2;rows=12;cols=4;bad=0,PASS,BLOCKER,PASS,BLOCKER,06_AUDIT_LEDGERS/M2_12_FINAL_EVIDENCE_FILE_PROFILE.csv,,Original independently recalculated control result retained.,
FINAL-PROFILE-072,FINAL_EVIDENCE_PROFILE,225_HF19_pre_execution_application_view_data_summary_20260811.csv,"{""bad_width_rows"": 0, ""bytes"": 142, ""column_count"": 6, ""data_rows"": 1, ""header"": ""row_count|distinct_applications|distinct_scenarios|duplicate_business_keys|missing_lineage_rows|data_status"", ""sha256"": ""77113f4207cf6b9f032bff627b6d11198dd77c11275ee29b434a3a42e234fc30""}",bytes=142;sha256=77113f4207cf6b9f032bff627b6d11198dd77c11275ee29b434a3a42e234fc30;rows=1;cols=6;bad=0,PASS,BLOCKER,PASS,BLOCKER,06_AUDIT_LEDGERS/M2_12_FINAL_EVIDENCE_FILE_PROFILE.csv,,Original independently recalculated control result retained.,
FINAL-PROFILE-073,FINAL_EVIDENCE_PROFILE,225_HF19_pre_execution_application_view_lineage_diagnostic_summary_20260811.csv,"{""bad_width_rows"": 0, ""bytes"": 249, ""column_count"": 9, ""data_rows"": 1, ""header"": ""required_columns|present_columns|row_count|distinct_applications|distinct_scenarios|duplicate_business_keys|missing_lineage_rows|diagnostic_status|disposition"", ""sha256"": ""ef6bcfe543d1f79efd502ad881d8bae3a5cfe00c640052ecd92f9ff0c23e66dd""}",bytes=249;sha256=ef6bcfe543d1f79efd502ad881d8bae3a5cfe00c640052ecd92f9ff0c23e66dd;rows=1;cols=9;bad=0,PASS,BLOCKER,PASS,BLOCKER,06_AUDIT_LEDGERS/M2_12_FINAL_EVIDENCE_FILE_PROFILE.csv,,Original independently recalculated control result retained.,
FINAL-PROFILE-074,FINAL_EVIDENCE_PROFILE,225_HF20C2_pre_execution_acceptance_requirement_detail_20260811.csv,"{""bad_width_rows"": 0, ""bytes"": 9567, ""column_count"": 9, ""data_rows"": 47, ""header"": ""requirement_sequence|requirement_code|requirement_family|requirement_description|observed_value|expected_value|status|failure_detail|authoritative_source"", ""sha256"": ""5f7e7c3661d0ae029c307bc758a2b57fac84b040948b0f64c7976816d7a95380""}",bytes=9567;sha256=5f7e7c3661d0ae029c307bc758a2b57fac84b040948b0f64c7976816d7a95380;rows=47;cols=9;bad=0,PASS,BLOCKER,PASS,BLOCKER,06_AUDIT_LEDGERS/M2_12_FINAL_EVIDENCE_FILE_PROFILE.csv,,Original independently recalculated control result retained.,
FINAL-PROFILE-075,FINAL_EVIDENCE_PROFILE,225_HF20C2_pre_execution_acceptance_requirement_diagnostic_summary_20260811.csv,"{""bad_width_rows"": 0, ""bytes"": 255, ""column_count"": 10, ""data_rows"": 1, ""header"": ""requirement_rows|distinct_requirement_codes|minimum_requirement_sequence|maximum_requirement_sequence|pass_rows|failure_rows|family_rows|family_pass_rows|diagnostic_status|disposition"", ""sha256"": ""0ada4e3b957dc007dd46077c8ab791b6cc09b266dcdc4560e73aa411ed15c1ec""}",bytes=255;sha256=0ada4e3b957dc007dd46077c8ab791b6cc09b266dcdc4560e73aa411ed15c1ec;rows=1;cols=10;bad=0,PASS,BLOCKER,PASS,BLOCKER,06_AUDIT_LEDGERS/M2_12_FINAL_EVIDENCE_FILE_PROFILE.csv,,Original independently recalculated control result retained.,
FINAL-PROFILE-076,FINAL_EVIDENCE_PROFILE,225_HF20C2_pre_execution_acceptance_requirement_failures_20260811.csv,"{""bad_width_rows"": 0, ""bytes"": 728, ""column_count"": 9, ""data_rows"": 2, ""header"": ""requirement_sequence|requirement_code|requirement_family|requirement_description|observed_value|expected_value|status|failure_detail|authoritative_source"", ""sha256"": ""a2d462d258494e60771fcc02722fab16595cafe70841afe0873244ababafde90""}",bytes=728;sha256=a2d462d258494e60771fcc02722fab16595cafe70841afe0873244ababafde90;rows=2;cols=9;bad=0,PASS,BLOCKER,PASS,BLOCKER,06_AUDIT_LEDGERS/M2_12_FINAL_EVIDENCE_FILE_PROFILE.csv,,Original independently recalculated control result retained.,
FINAL-PROFILE-077,FINAL_EVIDENCE_PROFILE,225_HF20C2_pre_execution_acceptance_requirement_family_summary_20260811.csv,"{""bad_width_rows"": 0, ""bytes"": 430, ""column_count"": 5, ""data_rows"": 17, ""header"": ""requirement_family|requirement_rows|pass_rows|failure_rows|family_status"", ""sha256"": ""7a34a185be1af674eeb1f96638e5f8445158638375ed1c7b2a96e71bc5fd0849""}",bytes=430;sha256=7a34a185be1af674eeb1f96638e5f8445158638375ed1c7b2a96e71bc5fd0849;rows=17;cols=5;bad=0,PASS,BLOCKER,PASS,BLOCKER,06_AUDIT_LEDGERS/M2_12_FINAL_EVIDENCE_FILE_PROFILE.csv,,Original independently recalculated control result retained.,
FINAL-PROFILE-078,FINAL_EVIDENCE_PROFILE,225_HF20_pre_execution_module3_boundary_detail_20260811.csv,"{""bad_width_rows"": 0, ""bytes"": 173, ""column_count"": 6, ""data_rows"": 1, ""header"": ""module1_run_id|module3_object_rows|exact_policy_rows|policy_module3_authorized_rows|exact_validated_registry_rows|registry_module3_authorized_rows"", ""sha256"": ""af99f9a15c9112d5b47236125a104b540147c14018eee7e1c24de55df12d1a39""}",bytes=173;sha256=af99f9a15c9112d5b47236125a104b540147c14018eee7e1c24de55df12d1a39;rows=1;cols=6;bad=0,PASS,BLOCKER,PASS,BLOCKER,06_AUDIT_LEDGERS/M2_12_FINAL_EVIDENCE_FILE_PROFILE.csv,,Original independently recalculated control result retained.,
FINAL-PROFILE-079,FINAL_EVIDENCE_PROFILE,225_HF20_pre_execution_module3_boundary_diagnostic_summary_20260811.csv,"{""bad_width_rows"": 0, ""bytes"": 164, ""column_count"": 5, ""data_rows"": 1, ""header"": ""module1_run_id|observed_vector|expected_vector|diagnostic_status|disposition"", ""sha256"": ""c27bd6883d37c94676a1fe88ba6f3081dee2a5579a405cf98a1635a2cc028459""}",bytes=164;sha256=c27bd6883d37c94676a1fe88ba6f3081dee2a5579a405cf98a1635a2cc028459;rows=1;cols=5;bad=0,PASS,BLOCKER,PASS,BLOCKER,06_AUDIT_LEDGERS/M2_12_FINAL_EVIDENCE_FILE_PROFILE.csv,,Original independently recalculated control result retained.,
FINAL-PROFILE-080,FINAL_EVIDENCE_PROFILE,225_HF20_pre_execution_module3_object_detail_20260811.csv,"{""bad_width_rows"": 0, ""bytes"": 45, ""column_count"": 3, ""data_rows"": 0, ""header"": ""schema_name|object_name|relation_kind"", ""sha256"": ""a5474d55771df5e68134add4ecefbf07e47597601949c24e9c3ab61876b94a92""}",bytes=45;sha256=a5474d55771df5e68134add4ecefbf07e47597601949c24e9c3ab61876b94a92;rows=0;cols=3;bad=0,PASS,BLOCKER,PASS,BLOCKER,06_AUDIT_LEDGERS/M2_12_FINAL_EVIDENCE_FILE_PROFILE.csv,,Original independently recalculated control result retained.,
FINAL-PROFILE-081,FINAL_EVIDENCE_PROFILE,225_HF23_pre_execution_acceptance_requirement_detail_20260811.csv,"{""bad_width_rows"": 0, ""bytes"": 9481, ""column_count"": 9, ""data_rows"": 47, ""header"": ""requirement_sequence|requirement_code|requirement_family|requirement_description|observed_value|expected_value|status|failure_detail|authoritative_source"", ""sha256"": ""83d2e8ca803dab03a2fb050d0d812ea85834737f94a05e7858fbed9580653828""}",bytes=9481;sha256=83d2e8ca803dab03a2fb050d0d812ea85834737f94a05e7858fbed9580653828;rows=47;cols=9;bad=0,PASS,BLOCKER,PASS,BLOCKER,06_AUDIT_LEDGERS/M2_12_FINAL_EVIDENCE_FILE_PROFILE.csv,,Original independently recalculated control result retained.,
FINAL-PROFILE-082,FINAL_EVIDENCE_PROFILE,225_HF23_pre_execution_acceptance_requirement_diagnostic_summary_20260811.csv,"{""bad_width_rows"": 0, ""bytes"": 267, ""column_count"": 10, ""data_rows"": 1, ""header"": ""requirement_rows|distinct_requirement_codes|minimum_requirement_sequence|maximum_requirement_sequence|pass_rows|failure_rows|family_rows|family_pass_rows|diagnostic_status|disposition"", ""sha256"": ""def3fd7473821824910123a5e5bc2e6a8d2af433f1aece6b2e79e5f5d1546adb""}",bytes=267;sha256=def3fd7473821824910123a5e5bc2e6a8d2af433f1aece6b2e79e5f5d1546adb;rows=1;cols=10;bad=0,PASS,BLOCKER,PASS,BLOCKER,06_AUDIT_LEDGERS/M2_12_FINAL_EVIDENCE_FILE_PROFILE.csv,,Original independently recalculated control result retained.,
FINAL-PROFILE-083,FINAL_EVIDENCE_PROFILE,225_HF23_pre_execution_acceptance_requirement_failures_20260811.csv,"{""bad_width_rows"": 0, ""bytes"": 173, ""column_count"": 9, ""data_rows"": 0, ""header"": ""requirement_sequence|requirement_code|requirement_family|requirement_description|observed_value|expected_value|status|failure_detail|authoritative_source"", ""sha256"": ""35e030d3d43828e33cb283579f8620188d8ba35d6c8f5ec70fc9f70fcf22385f""}",bytes=173;sha256=35e030d3d43828e33cb283579f8620188d8ba35d6c8f5ec70fc9f70fcf22385f;rows=0;cols=9;bad=0,PASS,BLOCKER,PASS,BLOCKER,06_AUDIT_LEDGERS/M2_12_FINAL_EVIDENCE_FILE_PROFILE.csv,,Original independently recalculated control result retained.,
FINAL-PROFILE-084,FINAL_EVIDENCE_PROFILE,225_HF23_pre_execution_acceptance_requirement_family_summary_20260811.csv,"{""bad_width_rows"": 0, ""bytes"": 430, ""column_count"": 5, ""data_rows"": 17, ""header"": ""requirement_family|requirement_rows|pass_rows|failure_rows|family_status"", ""sha256"": ""c46de6f9893536dc2ecfc00c9945b798748df7297943bfde6da4c87a2040e740""}",bytes=430;sha256=c46de6f9893536dc2ecfc00c9945b798748df7297943bfde6da4c87a2040e740;rows=17;cols=5;bad=0,PASS,BLOCKER,PASS,BLOCKER,06_AUDIT_LEDGERS/M2_12_FINAL_EVIDENCE_FILE_PROFILE.csv,,Original independently recalculated control result retained.,
FINAL-PROFILE-085,FINAL_EVIDENCE_PROFILE,225_msbf_m2_12_acceptance_finalizer_v1_HF23_results_20260811.csv,"{""bad_width_rows"": 0, ""bytes"": 954, ""column_count"": 26, ""data_rows"": 1, ""header"": ""run_id|run_code|run_version|final_run_status|bundle_code|contract_version|final_contract_status|gate_id|review_version|acceptance_gate_status|acceptance_evidence_code|acceptance_evidence_status|acceptance_requirements|acceptance_requirements_passed|positive_controls_passed|negative_controls_passed|canonical_entity_count|contract_set_hash|combined_set_hash|registry_row_hash|acceptance_scope|deployment_authorization_status|legal_or_regulatory_certification_status|autonomous_champion_status|module3_authorization_status|acceptance_status"", ""sha256"": ""bcdfe27248d600f1e2114aaf89230aebb32b0cb1d7223ba078882a4fc6e0c542""}",bytes=954;sha256=bcdfe27248d600f1e2114aaf89230aebb32b0cb1d7223ba078882a4fc6e0c542;rows=1;cols=26;bad=0,PASS,BLOCKER,PASS,BLOCKER,06_AUDIT_LEDGERS/M2_12_FINAL_EVIDENCE_FILE_PROFILE.csv,,Original independently recalculated control result retained.,
FINAL-PROFILE-086,FINAL_EVIDENCE_PROFILE,226_HF24_pre_execution_evidence_summary_20260811.csv,"{""bad_width_rows"": 0, ""bytes"": 381, ""column_count"": 16, ""data_rows"": 1, ""header"": ""positive_rows|positive_pass_rows|positive_distinct_codes|negative_rows|negative_pass_rows|negative_distinct_codes|generation_rows|generation_pass_rows|generation_distinct_codes|acceptance_rows|acceptance_pass_rows|nonpass_rows|gate_rows|exact_gate_rows|exact_acceptance_total_rows|exact_acceptance_rows"", ""sha256"": ""11941fe3a9e93a7419a48d41a5d5beff1a4d3ea9ed12aa926dee40ae6a3f4849""}",bytes=381;sha256=11941fe3a9e93a7419a48d41a5d5beff1a4d3ea9ed12aa926dee40ae6a3f4849;rows=1;cols=16;bad=0,PASS,BLOCKER,PASS,BLOCKER,06_AUDIT_LEDGERS/M2_12_FINAL_EVIDENCE_FILE_PROFILE.csv,,Original independently recalculated control result retained.,
FINAL-PROFILE-087,FINAL_EVIDENCE_PROFILE,226_HF24_pre_execution_hash_detail_20260811.csv,"{""bad_width_rows"": 0, ""bytes"": 2282, ""column_count"": 7, ""data_rows"": 12, ""header"": ""hash_sequence|hash_code|stored_hash|reconstructed_hash|mismatch_flag|authoritative_source|ordered_business_key"", ""sha256"": ""ec0e2d1bf62c2f8bdeedd611c4e2b3da8f679e6a4a5b875777500056e67b25b3""}",bytes=2282;sha256=ec0e2d1bf62c2f8bdeedd611c4e2b3da8f679e6a4a5b875777500056e67b25b3;rows=12;cols=7;bad=0,PASS,BLOCKER,PASS,BLOCKER,06_AUDIT_LEDGERS/M2_12_FINAL_EVIDENCE_FILE_PROFILE.csv,,Original independently recalculated control result retained.,
FINAL-PROFILE-088,FINAL_EVIDENCE_PROFILE,226_HF24_pre_execution_source_graph_detail_20260811.csv,"{""bad_width_rows"": 0, ""bytes"": 3607, ""column_count"": 12, ""data_rows"": 19, ""header"": ""edge_sequence|edge_code|target_node_code|expected_source_hash|observed_accepted_source_hash|observed_target_recorded_source_hash|source_gate_status|source_registry_row_count|target_registry_row_count|source_hash_mismatch_flag|target_hash_mismatch_flag|edge_status"", ""sha256"": ""7ebf5d740b03ae0a603ebbbb02f6166a60db1649b142d76dc638ad6e36943a4e""}",bytes=3607;sha256=7ebf5d740b03ae0a603ebbbb02f6166a60db1649b142d76dc638ad6e36943a4e;rows=19;cols=12;bad=0,PASS,BLOCKER,PASS,BLOCKER,06_AUDIT_LEDGERS/M2_12_FINAL_EVIDENCE_FILE_PROFILE.csv,,Original independently recalculated control result retained.,
FINAL-PROFILE-089,FINAL_EVIDENCE_PROFILE,226_HF24_pre_execution_stage_boundary_detail_20260811.csv,"{""bad_width_rows"": 0, ""bytes"": 3400, ""column_count"": 15, ""data_rows"": 12, ""header"": ""node_sequence|stage_code|certification_status|acceptance_summary_pass_rows|acceptance_summary_rows|required_evidence_rows|physical_required_evidence_rows|observed_required_evidence_rows|duplicate_required_evidence_rows|missing_required_evidence_codes|nonpass_evidence_codes|violation_evidence_codes|source_relation_set|source_evidence_row_hash|observed_count_or_identity"", ""sha256"": ""62661da776951e841d65fb5ca2a657a5dd0b0ec84e7d2c26f33dca8564427474""}",bytes=3400;sha256=62661da776951e841d65fb5ca2a657a5dd0b0ec84e7d2c26f33dca8564427474;rows=12;cols=15;bad=0,PASS,BLOCKER,PASS,BLOCKER,06_AUDIT_LEDGERS/M2_12_FINAL_EVIDENCE_FILE_PROFILE.csv,,Original independently recalculated control result retained.,
FINAL-PROFILE-090,FINAL_EVIDENCE_PROFILE,226_HF24_pre_execution_state_summary_20260811.csv,"{""bad_width_rows"": 0, ""bytes"": 1125, ""column_count"": 40, ""data_rows"": 1, ""header"": ""module1_run_id|run_code|run_version|run_status|contract_status|gate_status|contract_set_hash|combined_set_hash|registry_row_hash|positive_rows|positive_pass_rows|positive_distinct_codes|negative_rows|negative_pass_rows|negative_distinct_codes|generation_rows|generation_pass_rows|generation_distinct_codes|acceptance_rows|acceptance_pass_rows|nonpass_rows|source_graph_rows|source_graph_pass_rows|stage_boundary_rows|stage_boundary_pass_rows|stage_boundary_required_controls|stage_boundary_physical_controls|canonical_families|canonical_entities|deterministic_mismatches|g3_parity_status|chain_findings|boundary_findings|application_rows|operational_rows|strategy_rows|strategy_partial_rows|stress_nonimprovement_pass_rows|verification_status|disposition"", ""sha256"": ""819caf681c31792563400b333def75930e9f430d769c6fa7b14704435e471e8c""}",bytes=1125;sha256=819caf681c31792563400b333def75930e9f430d769c6fa7b14704435e471e8c;rows=1;cols=40;bad=0,PASS,BLOCKER,PASS,BLOCKER,06_AUDIT_LEDGERS/M2_12_FINAL_EVIDENCE_FILE_PROFILE.csv,,Original independently recalculated control result retained.,
FINAL-PROFILE-091,FINAL_EVIDENCE_PROFILE,227_HF25_pre_execution_evidence_summary_20260812.csv,"{""bad_width_rows"": 0, ""bytes"": 381, ""column_count"": 16, ""data_rows"": 1, ""header"": ""positive_rows|positive_pass_rows|positive_distinct_codes|negative_rows|negative_pass_rows|negative_distinct_codes|generation_rows|generation_pass_rows|generation_distinct_codes|acceptance_rows|acceptance_pass_rows|nonpass_rows|gate_rows|exact_gate_rows|exact_acceptance_total_rows|exact_acceptance_rows"", ""sha256"": ""11941fe3a9e93a7419a48d41a5d5beff1a4d3ea9ed12aa926dee40ae6a3f4849""}",bytes=381;sha256=11941fe3a9e93a7419a48d41a5d5beff1a4d3ea9ed12aa926dee40ae6a3f4849;rows=1;cols=16;bad=0,PASS,BLOCKER,PASS,BLOCKER,06_AUDIT_LEDGERS/M2_12_FINAL_EVIDENCE_FILE_PROFILE.csv,,Original independently recalculated control result retained.,
FINAL-PROFILE-092,FINAL_EVIDENCE_PROFILE,227_HF25_pre_execution_hash_detail_20260812.csv,"{""bad_width_rows"": 0, ""bytes"": 2282, ""column_count"": 7, ""data_rows"": 12, ""header"": ""hash_sequence|hash_code|stored_hash|reconstructed_hash|mismatch_flag|authoritative_source|ordered_business_key"", ""sha256"": ""ec0e2d1bf62c2f8bdeedd611c4e2b3da8f679e6a4a5b875777500056e67b25b3""}",bytes=2282;sha256=ec0e2d1bf62c2f8bdeedd611c4e2b3da8f679e6a4a5b875777500056e67b25b3;rows=12;cols=7;bad=0,PASS,BLOCKER,PASS,BLOCKER,06_AUDIT_LEDGERS/M2_12_FINAL_EVIDENCE_FILE_PROFILE.csv,,Original independently recalculated control result retained.,
FINAL-PROFILE-093,FINAL_EVIDENCE_PROFILE,227_HF25_pre_execution_source_graph_detail_20260812.csv,"{""bad_width_rows"": 0, ""bytes"": 3607, ""column_count"": 12, ""data_rows"": 19, ""header"": ""edge_sequence|edge_code|target_node_code|expected_source_hash|observed_accepted_source_hash|observed_target_recorded_source_hash|source_gate_status|source_registry_row_count|target_registry_row_count|source_hash_mismatch_flag|target_hash_mismatch_flag|edge_status"", ""sha256"": ""7ebf5d740b03ae0a603ebbbb02f6166a60db1649b142d76dc638ad6e36943a4e""}",bytes=3607;sha256=7ebf5d740b03ae0a603ebbbb02f6166a60db1649b142d76dc638ad6e36943a4e;rows=19;cols=12;bad=0,PASS,BLOCKER,PASS,BLOCKER,06_AUDIT_LEDGERS/M2_12_FINAL_EVIDENCE_FILE_PROFILE.csv,,Original independently recalculated control result retained.,
FINAL-PROFILE-094,FINAL_EVIDENCE_PROFILE,227_HF25_pre_execution_stage_boundary_detail_20260812.csv,"{""bad_width_rows"": 0, ""bytes"": 3400, ""column_count"": 15, ""data_rows"": 12, ""header"": ""node_sequence|stage_code|certification_status|acceptance_summary_pass_rows|acceptance_summary_rows|required_evidence_rows|physical_required_evidence_rows|observed_required_evidence_rows|duplicate_required_evidence_rows|missing_required_evidence_codes|nonpass_evidence_codes|violation_evidence_codes|source_relation_set|source_evidence_row_hash|observed_count_or_identity"", ""sha256"": ""62661da776951e841d65fb5ca2a657a5dd0b0ec84e7d2c26f33dca8564427474""}",bytes=3400;sha256=62661da776951e841d65fb5ca2a657a5dd0b0ec84e7d2c26f33dca8564427474;rows=12;cols=15;bad=0,PASS,BLOCKER,PASS,BLOCKER,06_AUDIT_LEDGERS/M2_12_FINAL_EVIDENCE_FILE_PROFILE.csv,,Original independently recalculated control result retained.,
FINAL-PROFILE-095,FINAL_EVIDENCE_PROFILE,227_HF25_pre_execution_state_summary_20260812.csv,"{""bad_width_rows"": 0, ""bytes"": 1125, ""column_count"": 40, ""data_rows"": 1, ""header"": ""module1_run_id|run_code|run_version|run_status|contract_status|gate_status|contract_set_hash|combined_set_hash|registry_row_hash|positive_rows|positive_pass_rows|positive_distinct_codes|negative_rows|negative_pass_rows|negative_distinct_codes|generation_rows|generation_pass_rows|generation_distinct_codes|acceptance_rows|acceptance_pass_rows|nonpass_rows|source_graph_rows|source_graph_pass_rows|stage_boundary_rows|stage_boundary_pass_rows|stage_boundary_required_controls|stage_boundary_physical_controls|canonical_families|canonical_entities|deterministic_mismatches|g3_parity_status|chain_findings|boundary_findings|application_rows|operational_rows|strategy_rows|strategy_partial_rows|stress_nonimprovement_pass_rows|verification_status|disposition"", ""sha256"": ""1292f6490e584eb77f71639db48a2baadb5f2e2725095c02f07411eaa8a585fb""}",bytes=1125;sha256=1292f6490e584eb77f71639db48a2baadb5f2e2725095c02f07411eaa8a585fb;rows=1;cols=40;bad=0,PASS,BLOCKER,PASS,BLOCKER,06_AUDIT_LEDGERS/M2_12_FINAL_EVIDENCE_FILE_PROFILE.csv,,Original independently recalculated control result retained.,
FINAL-PROFILE-096,FINAL_EVIDENCE_PROFILE,227_HF27_pre_execution_application_summary_detail_20260812.csv,"{""bad_width_rows"": 0, ""bytes"": 487, ""column_count"": 14, ""data_rows"": 3, ""header"": ""reporting_scope_code|expected_rows|row_count|expected_distinct_applications|distinct_application_count|orphan_count|multiplicity_error_count|source_contract_count|complete_evidence_count|partial_evidence_count|blocked_evidence_count|invalid_evidence_status_count|missing_lineage_count|scope_status"", ""sha256"": ""6cc79ebda2649be3ac0462ca01ca8a0866a50b92bfeca736564b39f1bb70cc01""}",bytes=487;sha256=6cc79ebda2649be3ac0462ca01ca8a0866a50b92bfeca736564b39f1bb70cc01;rows=3;cols=14;bad=0,PASS,BLOCKER,PASS,BLOCKER,06_AUDIT_LEDGERS/M2_12_FINAL_EVIDENCE_FILE_PROFILE.csv,,Original independently recalculated control result retained.,
FINAL-PROFILE-097,FINAL_EVIDENCE_PROFILE,227_HF27_pre_execution_application_summary_diagnostic_summary_20260812.csv,"{""bad_width_rows"": 0, ""bytes"": 319, ""column_count"": 11, ""data_rows"": 1, ""header"": ""scope_rows|scope_pass_rows|failure_rows|scope_row_count_sum|complete_evidence_count_sum|partial_evidence_count_sum|blocked_evidence_count_sum|invalid_evidence_status_count_sum|missing_lineage_count_sum|diagnostic_status|disposition"", ""sha256"": ""389aedbd56f2a8efdb5930fa39096e8ee6166bb4cadfe8d7c796f362d2124d3e""}",bytes=319;sha256=389aedbd56f2a8efdb5930fa39096e8ee6166bb4cadfe8d7c796f362d2124d3e;rows=1;cols=11;bad=0,PASS,BLOCKER,PASS,BLOCKER,06_AUDIT_LEDGERS/M2_12_FINAL_EVIDENCE_FILE_PROFILE.csv,,Original independently recalculated control result retained.,
FINAL-PROFILE-098,FINAL_EVIDENCE_PROFILE,227_HF27_pre_execution_application_summary_failures_20260812.csv,"{""bad_width_rows"": 0, ""bytes"": 327, ""column_count"": 14, ""data_rows"": 0, ""header"": ""reporting_scope_code|expected_rows|row_count|expected_distinct_applications|distinct_application_count|orphan_count|multiplicity_error_count|source_contract_count|complete_evidence_count|partial_evidence_count|blocked_evidence_count|invalid_evidence_status_count|missing_lineage_count|scope_status"", ""sha256"": ""1728d9aa3643d09b157476ae46f2e6390cf9156a499bcca9a9782532964136b5""}",bytes=327;sha256=1728d9aa3643d09b157476ae46f2e6390cf9156a499bcca9a9782532964136b5;rows=0;cols=14;bad=0,PASS,BLOCKER,PASS,BLOCKER,06_AUDIT_LEDGERS/M2_12_FINAL_EVIDENCE_FILE_PROFILE.csv,,Original independently recalculated control result retained.,
FINAL-PROFILE-099,FINAL_EVIDENCE_PROFILE,MSBF_M2_12_Enterprise_Portfolio_Certification_&_Consumption_Contract_Detail_Report_v1_Application_Consumption_Summary_20260812.csv,"{""bad_width_rows"": 0, ""bytes"": 252, ""column_count"": 7, ""data_rows"": 3, ""header"": ""reporting_scope_code|row_count|distinct_application_count|orphan_count|multiplicity_error_count|source_contract_count|blocked_evidence_count"", ""sha256"": ""8c30821d4a800407164d0cc12a7aae3348eb7e90c22f2248a928164daf66443c""}",bytes=252;sha256=8c30821d4a800407164d0cc12a7aae3348eb7e90c22f2248a928164daf66443c;rows=3;cols=7;bad=0,PASS,BLOCKER,PASS,BLOCKER,06_AUDIT_LEDGERS/M2_12_FINAL_EVIDENCE_FILE_PROFILE.csv,,Original independently recalculated control result retained.,
FINAL-PROFILE-100,FINAL_EVIDENCE_PROFILE,MSBF_M2_12_Enterprise_Portfolio_Certification_&_Consumption_Contract_Detail_Report_v1_Blocking_Stage_Boundary_Violations_20260812.csv,"{""bad_width_rows"": 0, ""bytes"": 83, ""column_count"": 6, ""data_rows"": 0, ""header"": ""violation_type|entity_type|entity_key|source_relation|severity|detail"", ""sha256"": ""ffca7d90c9dce5da0a818b6c57573fd71e4edd803d2dfd37081ebd3590479808""}",bytes=83;sha256=ffca7d90c9dce5da0a818b6c57573fd71e4edd803d2dfd37081ebd3590479808;rows=0;cols=6;bad=0,PASS,BLOCKER,PASS,BLOCKER,06_AUDIT_LEDGERS/M2_12_FINAL_EVIDENCE_FILE_PROFILE.csv,,Original independently recalculated control result retained.,
FINAL-PROFILE-101,FINAL_EVIDENCE_PROFILE,MSBF_M2_12_Enterprise_Portfolio_Certification_&_Consumption_Contract_Detail_Report_v1_Capability_Coverage_20260812.csv,"{""bad_width_rows"": 0, ""bytes"": 5352, ""column_count"": 9, ""data_rows"": 20, ""header"": ""capability_sequence|capability_code|coverage_status_code|certifying_stage_code|claim_boundary|production_action_authorized_flag|legal_or_regulatory_certified_flag|notes|row_hash"", ""sha256"": ""aad96fad2c47b18f33882cebdd3d7b393c8f4b41c288c03889a951751aff9c81""}",bytes=5352;sha256=aad96fad2c47b18f33882cebdd3d7b393c8f4b41c288c03889a951751aff9c81;rows=20;cols=9;bad=0,PASS,BLOCKER,PASS,BLOCKER,06_AUDIT_LEDGERS/M2_12_FINAL_EVIDENCE_FILE_PROFILE.csv,,Original independently recalculated control result retained.,
FINAL-PROFILE-102,FINAL_EVIDENCE_PROFILE,MSBF_M2_12_Enterprise_Portfolio_Certification_&_Consumption_Contract_Detail_Report_v1_Complete_Nineteen_Edge_Source_Graph_20260812.csv,"{""bad_width_rows"": 0, ""bytes"": 6083, ""column_count"": 13, ""data_rows"": 19, ""header"": ""edge_sequence|edge_code|edge_family|source_node_code|target_node_code|edge_role|source_hash_field|expected_source_hash|observed_source_hash|source_status|target_status|edge_status|interpretation"", ""sha256"": ""e865682bd6f2039d095587a2b3ec409b80d330d4b7428fcd3a6eed0a5cda1401""}",bytes=6083;sha256=e865682bd6f2039d095587a2b3ec409b80d330d4b7428fcd3a6eed0a5cda1401;rows=19;cols=13;bad=0,PASS,BLOCKER,PASS,BLOCKER,06_AUDIT_LEDGERS/M2_12_FINAL_EVIDENCE_FILE_PROFILE.csv,,Original independently recalculated control result retained.,
FINAL-PROFILE-103,FINAL_EVIDENCE_PROFILE,MSBF_M2_12_Enterprise_Portfolio_Certification_&_Consumption_Contract_Detail_Report_v1_Component_Latest_Archive_Inventory_20260812.csv,"{""bad_width_rows"": 0, ""bytes"": 3976, ""column_count"": 12, ""data_rows"": 13, ""header"": ""component_sequence|component_contract_code|latest_relation|archive_relation|latest_business_grain|expected_latest_rows|observed_latest_rows|expected_archive_rows|observed_archive_rows|latest_set_hash|archive_set_hash|archive_trigger_status"", ""sha256"": ""6a64b33a5892f25a20a22ffc7a308bfb8077f066a79af0ca4fbe6ed0282e9d8a""}",bytes=3976;sha256=6a64b33a5892f25a20a22ffc7a308bfb8077f066a79af0ca4fbe6ed0282e9d8a;rows=13;cols=12;bad=0,PASS,BLOCKER,PASS,BLOCKER,06_AUDIT_LEDGERS/M2_12_FINAL_EVIDENCE_FILE_PROFILE.csv,,Original independently recalculated control result retained.,
FINAL-PROFILE-104,FINAL_EVIDENCE_PROFILE,MSBF_M2_12_Enterprise_Portfolio_Certification_&_Consumption_Contract_Detail_Report_v1_Contract_Reproduction_20260812.csv,"{""bad_width_rows"": 0, ""bytes"": 2608, ""column_count"": 14, ""data_rows"": 13, ""header"": ""component_sequence|component_contract_code|contract_version|latest_rows|archive_rows|latest_set_hash|archive_set_hash|payload_mismatches|missing_latest_rows|missing_archive_rows|duplicate_key_rows|immutability_trigger_status|reproduction_status|row_hash"", ""sha256"": ""cffc1567ede90168c69397d66f1479a051ad26593d554cef552e6cb2358d9d6c""}",bytes=2608;sha256=cffc1567ede90168c69397d66f1479a051ad26593d554cef552e6cb2358d9d6c;rows=13;cols=14;bad=0,PASS,BLOCKER,PASS,BLOCKER,06_AUDIT_LEDGERS/M2_12_FINAL_EVIDENCE_FILE_PROFILE.csv,,Original independently recalculated control result retained.,
FINAL-PROFILE-105,FINAL_EVIDENCE_PROFILE,MSBF_M2_12_Enterprise_Portfolio_Certification_&_Consumption_Contract_Detail_Report_v1_Deterministic_Mismatches_20260812.csv,"{""bad_width_rows"": 0, ""bytes"": 139, ""column_count"": 8, ""data_rows"": 0, ""header"": ""entity_type|entity_key|stored_row_hash|reconstructed_row_hash|stored_set_hash|reconstructed_set_hash|mismatch_type|detail"", ""sha256"": ""616c27f255e9acba0d595691c529c0c8e95ec54d5890d35150db54ffd033ef9a""}",bytes=139;sha256=616c27f255e9acba0d595691c529c0c8e95ec54d5890d35150db54ffd033ef9a;rows=0;cols=8;bad=0,PASS,BLOCKER,PASS,BLOCKER,06_AUDIT_LEDGERS/M2_12_FINAL_EVIDENCE_FILE_PROFILE.csv,,Original independently recalculated control result retained.,
FINAL-PROFILE-106,FINAL_EVIDENCE_PROFILE,MSBF_M2_12_Enterprise_Portfolio_Certification_&_Consumption_Contract_Detail_Report_v1_Frontier_Non_Dominated_Summary_20260812.csv,"{""bad_width_rows"": 0, ""bytes"": 3534, ""column_count"": 14, ""data_rows"": 24, ""header"": ""reporting_scope_code|strategy_profile_code|frontier_eligible_flag|dominance_status|dominated_by_count|frontier_rank|governance_balance_score|selected_exposure_amount|access_rate|expected_loss_density|risk_adjusted_contribution|annualized_return|servicing_burden_units|payment_burden_rate"", ""sha256"": ""2005f996dcad1993e4b924c9121370e08ee9c96622b06b4e97dd783a4653e2cf""}",bytes=3534;sha256=2005f996dcad1993e4b924c9121370e08ee9c96622b06b4e97dd783a4653e2cf;rows=24;cols=14;bad=0,PASS,BLOCKER,PASS,BLOCKER,06_AUDIT_LEDGERS/M2_12_FINAL_EVIDENCE_FILE_PROFILE.csv,,Original independently recalculated control result retained.,
FINAL-PROFILE-107,FINAL_EVIDENCE_PROFILE,MSBF_M2_12_Enterprise_Portfolio_Certification_&_Consumption_Contract_Detail_Report_v1_Full_1500_Row_Application_Detail_20260812.csv,"{""bad_width_rows"": 0, ""bytes"": 607719, ""column_count"": 18, ""data_rows"": 1500, ""header"": ""run_id|scenario_id|scenario_code|merchant_application_id|merchant_id|application_date|as_of_date|m1_17_contract_row_hash|m2_1_contract_row_hash|m2_2_request_contract_row_hash|m2_2_pricing_contract_row_hash|m2_3_contract_row_hash|m2_4_contract_row_hash|eligibility_status|pricing_disposition|final_decision_outcome|activation_outcome|evidence_status"", ""sha256"": ""bd81106ace62fece19f86c528478a672dc0500cb77a72f5f3409bef10338fc7c""}",bytes=607719;sha256=bd81106ace62fece19f86c528478a672dc0500cb77a72f5f3409bef10338fc7c;rows=1500;cols=18;bad=0,PASS,BLOCKER,PASS,BLOCKER,06_AUDIT_LEDGERS/M2_12_FINAL_EVIDENCE_FILE_PROFILE.csv,,Original independently recalculated control result retained.,
FINAL-PROFILE-108,FINAL_EVIDENCE_PROFILE,MSBF_M2_12_Enterprise_Portfolio_Certification_&_Consumption_Contract_Detail_Report_v1_Full_59_Row_Operational_Account_Detail_20260812.csv,"{""bad_width_rows"": 0, ""bytes"": 32101, ""column_count"": 23, ""data_rows"": 59, ""header"": ""run_id|scenario_id|scenario_code|merchant_application_id|synthetic_account_id|synthetic_advance_id|m2_4_contract_row_hash|m2_5_contract_row_hash|m2_6_contract_row_hash|m2_7_contract_row_hash|m2_8_contract_row_hash|m2_9_contract_row_hash|m2_10_contract_row_hash|activation_outcome|monitoring_state|intervention_posture|operational_setup_state|lifecycle_state|certified_state|performance_tier|servicing_queue|certified_exposure_amount|servicing_burden_units"", ""sha256"": ""e2236f6c67918d375a7571ce8b72ccbc695fb39a317b5d18608ffa88e2ea29a7""}",bytes=32101;sha256=e2236f6c67918d375a7571ce8b72ccbc695fb39a317b5d18608ffa88e2ea29a7;rows=59;cols=23;bad=0,PASS,BLOCKER,PASS,BLOCKER,06_AUDIT_LEDGERS/M2_12_FINAL_EVIDENCE_FILE_PROFILE.csv,,Original independently recalculated control result retained.,
FINAL-PROFILE-109,FINAL_EVIDENCE_PROFILE,MSBF_M2_12_Enterprise_Portfolio_Certification_&_Consumption_Contract_Detail_Report_v1_G3_Bundle_Latest_20260812.csv,"{""bad_width_rows"": 0, ""bytes"": 10529, ""column_count"": 16, ""data_rows"": 1, ""header"": ""bundle_code|contract_version|schema_version|methodology_version|run_id|source_node_count|component_contract_count|canonical_family_count|canonical_entity_count|application_consumption_rows|operational_account_consumption_rows|strategy_scope_consumption_rows|capability_summary|nonproduction_flags|contract_row_hash|row_hash"", ""sha256"": ""93a7a156b4c61f4427b37249d7b7e7d35d7d81222ea9c992e32948acaaf5b28a""}",bytes=10529;sha256=93a7a156b4c61f4427b37249d7b7e7d35d7d81222ea9c992e32948acaaf5b28a;rows=1;cols=16;bad=0,PASS,BLOCKER,PASS,BLOCKER,06_AUDIT_LEDGERS/M2_12_FINAL_EVIDENCE_FILE_PROFILE.csv,,Original independently recalculated control result retained.,
FINAL-PROFILE-110,FINAL_EVIDENCE_PROFILE,MSBF_M2_12_Enterprise_Portfolio_Certification_&_Consumption_Contract_Detail_Report_v1_G3_Latest_Archive_Reproduction_20260812.csv,"{""bad_width_rows"": 0, ""bytes"": 435, ""column_count"": 10, ""data_rows"": 1, ""header"": ""bundle_code|contract_version|latest_contract_row_hash|archive_contract_row_hash|source_latest_row_hash|latest_row_hash|archive_row_hash|payload_mismatch_count|immutability_trigger_status|reproduction_status"", ""sha256"": ""9df992ce46fd7c923260a6010826cf7af0ac612be31ddc6567f4e8314c71380c""}",bytes=435;sha256=9df992ce46fd7c923260a6010826cf7af0ac612be31ddc6567f4e8314c71380c;rows=1;cols=10;bad=0,PASS,BLOCKER,PASS,BLOCKER,06_AUDIT_LEDGERS/M2_12_FINAL_EVIDENCE_FILE_PROFILE.csv,,Original independently recalculated control result retained.,
FINAL-PROFILE-111,FINAL_EVIDENCE_PROFILE,MSBF_M2_12_Enterprise_Portfolio_Certification_&_Consumption_Contract_Detail_Report_v1_G3_Registry_Canonical_Hashes_20260812.csv,"{""bad_width_rows"": 0, ""bytes"": 2282, ""column_count"": 7, ""data_rows"": 12, ""header"": ""hash_sequence|hash_code|stored_hash|reconstructed_hash|mismatch_flag|authoritative_source|ordered_business_key"", ""sha256"": ""ec0e2d1bf62c2f8bdeedd611c4e2b3da8f679e6a4a5b875777500056e67b25b3""}",bytes=2282;sha256=ec0e2d1bf62c2f8bdeedd611c4e2b3da8f679e6a4a5b875777500056e67b25b3;rows=12;cols=7;bad=0,PASS,BLOCKER,PASS,BLOCKER,06_AUDIT_LEDGERS/M2_12_FINAL_EVIDENCE_FILE_PROFILE.csv,,Original independently recalculated control result retained.,
FINAL-PROFILE-112,FINAL_EVIDENCE_PROFILE,MSBF_M2_12_Enterprise_Portfolio_Certification_&_Consumption_Contract_Detail_Report_v1_Governance_Review_Priorities_20260812.csv,"{""bad_width_rows"": 0, ""bytes"": 1840, ""column_count"": 9, ""data_rows"": 3, ""header"": ""reporting_scope_code|strategy_profile_code|governance_priority_code|frontier_rank|evidence_status|governance_balance_score|baseline_delta_payload|deployment_authorized_flag|interpretation"", ""sha256"": ""32846c071aec9fac3e01e87413bf9bf1ed215c1140c3558b2bda7e917d314756""}",bytes=1840;sha256=32846c071aec9fac3e01e87413bf9bf1ed215c1140c3558b2bda7e917d314756;rows=3;cols=9;bad=0,PASS,BLOCKER,PASS,BLOCKER,06_AUDIT_LEDGERS/M2_12_FINAL_EVIDENCE_FILE_PROFILE.csv,,Original independently recalculated control result retained.,
FINAL-PROFILE-113,FINAL_EVIDENCE_PROFILE,MSBF_M2_12_Enterprise_Portfolio_Certification_&_Consumption_Contract_Detail_Report_v1_Governed_Evidence_And_Acceptance_Summary_20260812.csv,"{""bad_width_rows"": 0, ""bytes"": 366, ""column_count"": 7, ""data_rows"": 6, ""header"": ""evidence_family_code|expected_rows|observed_rows|pass_rows|fail_rows|acceptance_phase|overall_status"", ""sha256"": ""b380ff28e9f21892b4ede4e73addb80d82898d3835ea0a2b6c873919b24a7a42""}",bytes=366;sha256=b380ff28e9f21892b4ede4e73addb80d82898d3835ea0a2b6c873919b24a7a42;rows=6;cols=7;bad=0,PASS,BLOCKER,PASS,BLOCKER,06_AUDIT_LEDGERS/M2_12_FINAL_EVIDENCE_FILE_PROFILE.csv,,Original independently recalculated control result retained.,
FINAL-PROFILE-114,FINAL_EVIDENCE_PROFILE,MSBF_M2_12_Enterprise_Portfolio_Certification_&_Consumption_Contract_Detail_Report_v1_Lifecycle_And_G3_Acceptance_20260812.csv,"{""bad_width_rows"": 0, ""bytes"": 318, ""column_count"": 12, ""data_rows"": 1, ""header"": ""run_id|run_code|run_version|run_status|bundle_code|contract_version|contract_status|gate_id|review_version|gate_status|acceptance_evidence_code|acceptance_status"", ""sha256"": ""20cc0be0fa27ee49d74dc2bd81dfb7536d025e974b31b5d3198aad8f1d49d375""}",bytes=318;sha256=20cc0be0fa27ee49d74dc2bd81dfb7536d025e974b31b5d3198aad8f1d49d375;rows=1;cols=12;bad=0,PASS,BLOCKER,PASS,BLOCKER,06_AUDIT_LEDGERS/M2_12_FINAL_EVIDENCE_FILE_PROFILE.csv,,Original independently recalculated control result retained.,
FINAL-PROFILE-115,FINAL_EVIDENCE_PROFILE,MSBF_M2_12_Enterprise_Portfolio_Certification_&_Consumption_Contract_Detail_Report_v1_M1_17_G2_Source_Identity_20260812.csv,"{""bad_width_rows"": 0, ""bytes"": 409, ""column_count"": 12, ""data_rows"": 1, ""header"": ""contract_code|contract_version|schema_version|methodology_version|contract_status|gate_id|gate_status|contract_set_hash|combined_set_hash|registry_row_hash|latest_rows|archive_rows"", ""sha256"": ""5946acb885a63b66bbb0804daa7b453f39e6c7af21a7a5a7e2a2891cff97add5""}",bytes=409;sha256=5946acb885a63b66bbb0804daa7b453f39e6c7af21a7a5a7e2a2891cff97add5;rows=1;cols=12;bad=0,PASS,BLOCKER,PASS,BLOCKER,06_AUDIT_LEDGERS/M2_12_FINAL_EVIDENCE_FILE_PROFILE.csv,,Original independently recalculated control result retained.,
FINAL-PROFILE-116,FINAL_EVIDENCE_PROFILE,MSBF_M2_12_Enterprise_Portfolio_Certification_&_Consumption_Contract_Detail_Report_v1_M2_12_Policy_And_Expected_Counts_20260812.csv,"{""bad_width_rows"": 0, ""bytes"": 824, ""column_count"": 11, ""data_rows"": 1, ""header"": ""policy_code|policy_version|policy_status|methodology_version|bundle_code|bundle_version|schema_version|acceptance_gate_id|expected_counts|configuration_hash|row_hash"", ""sha256"": ""ee7d98d2f31a08229923114924853660678085d572ee8e8d78d8569eaf06d153""}",bytes=824;sha256=ee7d98d2f31a08229923114924853660678085d572ee8e8d78d8569eaf06d153;rows=1;cols=11;bad=0,PASS,BLOCKER,PASS,BLOCKER,06_AUDIT_LEDGERS/M2_12_FINAL_EVIDENCE_FILE_PROFILE.csv,,Original independently recalculated control result retained.,
FINAL-PROFILE-117,FINAL_EVIDENCE_PROFILE,MSBF_M2_12_Enterprise_Portfolio_Certification_&_Consumption_Contract_Detail_Report_v1_Operational_Account_Summary_20260812.csv,"{""bad_width_rows"": 0, ""bytes"": 332, ""column_count"": 9, ""data_rows"": 3, ""header"": ""reporting_scope_code|row_count|distinct_application_count|distinct_account_count|orphan_count|multiplicity_error_count|certified_exposure_amount|unresolved_exception_count|servicing_burden_units"", ""sha256"": ""0fa974e991472c46cb3ab9d8c02167f1ec454e295d2c5c57de9cce227e58a5cc""}",bytes=332;sha256=0fa974e991472c46cb3ab9d8c02167f1ec454e295d2c5c57de9cce227e58a5cc;rows=3;cols=9;bad=0,PASS,BLOCKER,PASS,BLOCKER,06_AUDIT_LEDGERS/M2_12_FINAL_EVIDENCE_FILE_PROFILE.csv,,Original independently recalculated control result retained.,
FINAL-PROFILE-118,FINAL_EVIDENCE_PROFILE,MSBF_M2_12_Enterprise_Portfolio_Certification_&_Consumption_Contract_Detail_Report_v1_Seventy_Two_Evidence_Certification_Rows_20260812.csv,"{""bad_width_rows"": 0, ""bytes"": 22581, ""column_count"": 15, ""data_rows"": 72, ""header"": ""node_sequence|stage_code|evidence_family_sequence|evidence_family_code|applicability_code|authoritative_source_locator|expected_count_or_identity|observed_count_or_identity|expected_status|observed_status|expected_hash|observed_hash|mismatch_count|certification_status|row_hash"", ""sha256"": ""52519aecaeae312b0a36b3ab2d4e44d2c6f3dcedbf736902843cadcf1001cce3""}",bytes=22581;sha256=52519aecaeae312b0a36b3ab2d4e44d2c6f3dcedbf736902843cadcf1001cce3;rows=72;cols=15;bad=0,PASS,BLOCKER,PASS,BLOCKER,06_AUDIT_LEDGERS/M2_12_FINAL_EVIDENCE_FILE_PROFILE.csv,,Original independently recalculated control result retained.,
FINAL-PROFILE-119,FINAL_EVIDENCE_PROFILE,MSBF_M2_12_Enterprise_Portfolio_Certification_&_Consumption_Contract_Detail_Report_v1_Strategy_Scope_Consumption_20260812.csv,"{""bad_width_rows"": 0, ""bytes"": 5714, ""column_count"": 17, ""data_rows"": 24, ""header"": ""strategy_profile_code|reporting_scope_code|source_contract_row_hash|application_count|access_rate|selected_exposure_amount|expected_loss_density|risk_adjusted_contribution|annualized_return|servicing_burden_units|payment_burden_rate|frontier_eligible_flag|frontier_rank|dominance_status|governance_priority_code|stress_nonimprovement_pass_flag|contract_row_hash"", ""sha256"": ""a49294e40d5d37a523efb215d9eb37dbb8994ed54a20bdf4b3b30fdb5387e304""}",bytes=5714;sha256=a49294e40d5d37a523efb215d9eb37dbb8994ed54a20bdf4b3b30fdb5387e304;rows=24;cols=17;bad=0,PASS,BLOCKER,PASS,BLOCKER,06_AUDIT_LEDGERS/M2_12_FINAL_EVIDENCE_FILE_PROFILE.csv,,Original independently recalculated control result retained.,
FINAL-PROFILE-120,FINAL_EVIDENCE_PROFILE,MSBF_M2_12_Enterprise_Portfolio_Certification_&_Consumption_Contract_Detail_Report_v1_Stress_And_Burden_Boundary_20260812.csv,"{""bad_width_rows"": 0, ""bytes"": 1092, ""column_count"": 12, ""data_rows"": 8, ""header"": ""strategy_profile_code|matched_comparison_rows|source_risk_improvement_violations|source_return_improvement_violations|strategy_access_improvement_violations|strategy_feasibility_improvement_violations|comparable_payment_burden_improvement_violations|comparable_servicing_burden_improvement_violations|strategy_restriction_rows|absolute_workload_reduction_rows|servicing_burden_coverage_code|new_access_servicing_burden_estimated_flag"", ""sha256"": ""7f3d7e3879c40e497d768d93dee9b359bf93dfa8a0160161ed22b677060388c3""}",bytes=1092;sha256=7f3d7e3879c40e497d768d93dee9b359bf93dfa8a0160161ed22b677060388c3;rows=8;cols=12;bad=0,PASS,BLOCKER,PASS,BLOCKER,06_AUDIT_LEDGERS/M2_12_FINAL_EVIDENCE_FILE_PROFILE.csv,,Original independently recalculated control result retained.,
FINAL-PROFILE-121,FINAL_EVIDENCE_PROFILE,MSBF_M2_12_Enterprise_Portfolio_Certification_&_Consumption_Contract_Detail_Report_v1_Thirteen_Component_Contracts_20260812.csv,"{""bad_width_rows"": 0, ""bytes"": 5585, ""column_count"": 17, ""data_rows"": 13, ""header"": ""component_sequence|stage_code|component_contract_code|contract_version|schema_version|methodology_version|registry_relation|latest_relation|archive_relation|expected_latest_rows|observed_latest_rows|expected_archive_rows|observed_archive_rows|contract_set_hash|stage_combined_set_hash|certification_status|row_hash"", ""sha256"": ""1b87020c169b9db530f741b7a6932d1968358c6384d7ad9ae11c3ec2f9567e0b""}",bytes=5585;sha256=1b87020c169b9db530f741b7a6932d1968358c6384d7ad9ae11c3ec2f9567e0b;rows=13;cols=17;bad=0,PASS,BLOCKER,PASS,BLOCKER,06_AUDIT_LEDGERS/M2_12_FINAL_EVIDENCE_FILE_PROFILE.csv,,Original independently recalculated control result retained.,
FINAL-PROFILE-122,FINAL_EVIDENCE_PROFILE,MSBF_M2_12_Enterprise_Portfolio_Certification_&_Consumption_Contract_Detail_Report_v1_Twelve_Source_Node_Certification_Rows_20260812.csv,"{""bad_width_rows"": 0, ""bytes"": 3454, ""column_count"": 13, ""data_rows"": 12, ""header"": ""certification_node_sequence|stage_code|repository_stage|registry_relation|acceptance_gate_id|contract_status|gate_status|expected_canonical_entities|observed_canonical_entities|expected_combined_hash|observed_combined_hash|certification_status|row_hash"", ""sha256"": ""26b193b05d1066471532d96d3a0774252f00642dddb33c6f7299be3cdf421171""}",bytes=3454;sha256=26b193b05d1066471532d96d3a0774252f00642dddb33c6f7299be3cdf421171;rows=12;cols=13;bad=0,PASS,BLOCKER,PASS,BLOCKER,06_AUDIT_LEDGERS/M2_12_FINAL_EVIDENCE_FILE_PROFILE.csv,,Original independently recalculated control result retained.,
FINAL-PROFILE-123,FINAL_EVIDENCE_PROFILE,MSBF_M2_12_Enterprise_Portfolio_Certification_&_Consumption_Contract_Master_Report_v1_20260811.csv,"{""bad_width_rows"": 0, ""bytes"": 21201, ""column_count"": 92, ""data_rows"": 1, ""header"": ""run_id|run_code|run_version|run_status|as_of_date|bundle_code|contract_version|schema_version|methodology_version|contract_status|gate_id|gate_status|accepted_at|m1_17_bundle_code|m1_17_bundle_version|m1_17_schema_version|m1_17_methodology_version|m1_17_combined_hash|m1_17_registry_row_hash|m2_11_contract_code|m2_11_contract_version|m2_11_schema_version|m2_11_methodology_version|m2_11_contract_set_hash|m2_11_combined_set_hash|m2_11_registry_row_hash|accepted_m2_11_project_sha256|stage_certification_rows|component_contract_rows|evidence_certification_rows|contract_reproduction_rows|capability_coverage_rows|canonical_family_count|canonical_entity_count|application_rows|operational_account_rows|strategy_scope_rows|component_latest_rows_total|component_archive_rows_total|stage_local_canonical_reference_total|policy_set_hash|stage_certification_set_hash|contract_component_set_hash|evidence_certification_set_hash|contract_reproduction_set_hash|capability_coverage_set_hash|latest_set_hash|archive_set_hash|registry_set_hash|contract_set_hash|combined_set_hash|registry_row_hash|positive_rows|positive_pass_rows|negative_rows|negative_pass_rows|generation_rows|generation_pass_rows|acceptance_requirement_rows|acceptance_requirement_pass_rows|acceptance_rows|failed_m2_12_evidence_rows|chain_findings|reproduction_findings|deterministic_hash_findings|deterministic_total_findings|boundary_findings|capability_overclaim_findings|frontier_eligible_rows|nondominated_rows|frontier_rank1_rows|primary_governance_review_rows|m2_11_strategy_violation_count|capability_summary|residual_limitation_payload|deferred_capability_payload|as_built_certification_scope_code|synthetic_data_only_flag|no_pii_flag|certification_only_flag|production_action_authorized_flag|external_system_update_authorized_flag|legal_or_regulatory_certified_flag|empirical_or_causal_optimization_authorized_flag|deployment_authorized_flag|module3_execution_authorized_flag|acceptance_scope|production_authority|legal_or_regulatory_certification_authority|autonomous_champion_or_deployment_authority|module3_execution_authority|master_report_status"", ""sha256"": ""471331aa2e6cecf78e339a5369bba82670b3630c5c2a7a1b0f42a6ef3eb551d6""}",bytes=21201;sha256=471331aa2e6cecf78e339a5369bba82670b3630c5c2a7a1b0f42a6ef3eb551d6;rows=1;cols=92;bad=0,PASS,BLOCKER,PASS,BLOCKER,06_AUDIT_LEDGERS/M2_12_FINAL_EVIDENCE_FILE_PROFILE.csv,,Original independently recalculated control result retained.,
FINAL-001,FINAL_EVIDENCE,Final logical profile aggregate,123/123,123/123,PASS,BLOCKER,PASS,BLOCKER,06_AUDIT_LEDGERS/M2_12_FINAL_EVIDENCE_FILE_PROFILE.csv,,Original independently recalculated control result retained.,
FINAL-002,FINAL_EVIDENCE,Raw-to-final changed evidence identities,['MSBF_M2_12_Enterprise_Portfolio_Certification_&_Consumption_Contract_Detail_Report_v1_Full_1500_Row_Application_Detail_20260812.csv'],['MSBF_M2_12_Enterprise_Portfolio_Certification_&_Consumption_Contract_Detail_Report_v1_Full_1500_Row_Application_Detail_20260812.csv'],PASS,BLOCKER,PASS,BLOCKER,06_AUDIT_LEDGERS/M2_12_FINAL_EVIDENCE_FILE_PROFILE.csv,,Original independently recalculated control result retained.,
FINAL-003,FINAL_EVIDENCE,Evidence classification rows/uniqueness,rows=124;unique=124,124/124,PASS,BLOCKER,PASS,BLOCKER,06_AUDIT_LEDGERS/M2_12_EVIDENCE_CLASSIFICATION.csv,,Original independently recalculated control result retained.,
FINAL-004,FINAL_EVIDENCE,Evidence classification counts,"{'FINAL_SUCCESS_PATH_EVIDENCE': 68, 'HISTORICAL_OR_SUPERSEDED_DIAGNOSTIC_EVIDENCE': 31, 'FINAL_PROGRAM_226_OR_227_REPORT': 25}","{'FINAL_SUCCESS_PATH_EVIDENCE': 68, 'HISTORICAL_OR_SUPERSEDED_DIAGNOSTIC_EVIDENCE': 31, 'FINAL_PROGRAM_226_OR_227_REPORT': 25}",PASS,BLOCKER,PASS,BLOCKER,06_AUDIT_LEDGERS/M2_12_EVIDENCE_CLASSIFICATION.csv,,Original independently recalculated control result retained.,
RS11-001,RS11_CORRECTION,Corrected RS11 identity,bytes=607719;sha=bd81106ace62fece19f86c528478a672dc0500cb77a72f5f3409bef10338fc7c;rows=1500;cols=18,bytes=607719;sha=bd81106ace62fece19f86c528478a672dc0500cb77a72f5f3409bef10338fc7c;rows=1500;cols=18,PASS,BLOCKER,PASS,BLOCKER,03_FINAL_RUNTIME_EVIDENCE/227/RESULT_SETS_NORMALIZED/RS11_APPLICATION_CONSUMPTION_DETAIL_20260812.csv,,Original independently recalculated control result retained.,
RS11-002,RS11_CORRECTION,Corrected RS11 three-copy byte identity,1,1,PASS,BLOCKER,PASS,BLOCKER,03_FINAL_RUNTIME_EVIDENCE/227;05_RAW_SUBMISSION/POST_SUBMISSION_CORRECTIONS,,Original independently recalculated control result retained.,
RS11-003,RS11_CORRECTION,Scenario distribution,"{'BASELINE': 750, 'RECESSION_ENERGY': 750}","{'BASELINE': 750, 'RECESSION_ENERGY': 750}",PASS,BLOCKER,PASS,BLOCKER,03_FINAL_RUNTIME_EVIDENCE/227/RESULT_SETS_NORMALIZED/RS11_APPLICATION_CONSUMPTION_DETAIL_20260812.csv,,Original independently recalculated control result retained.,
RS11-004,RS11_CORRECTION,Distinct applications,750,750,PASS,BLOCKER,PASS,BLOCKER,03_FINAL_RUNTIME_EVIDENCE/227/RESULT_SETS_NORMALIZED/RS11_APPLICATION_CONSUMPTION_DETAIL_20260812.csv,,Original independently recalculated control result retained.,
RS11-005,RS11_CORRECTION,Unique scenario/application keys,1500,1500,PASS,BLOCKER,PASS,BLOCKER,03_FINAL_RUNTIME_EVIDENCE/227/RESULT_SETS_NORMALIZED/RS11_APPLICATION_CONSUMPTION_DETAIL_20260812.csv,,Original independently recalculated control result retained.,
RS11-006,RS11_CORRECTION,Rows with missing lineage,0,0,PASS,BLOCKER,PASS,BLOCKER,03_FINAL_RUNTIME_EVIDENCE/227/RESULT_SETS_NORMALIZED/RS11_APPLICATION_CONSUMPTION_DETAIL_20260812.csv,,Original independently recalculated control result retained.,
RS11-007,RS11_CORRECTION,Rows with malformed lineage hashes,0,0,PASS,BLOCKER,PASS,BLOCKER,03_FINAL_RUNTIME_EVIDENCE/227/RESULT_SETS_NORMALIZED/RS11_APPLICATION_CONSUMPTION_DETAIL_20260812.csv,,Original independently recalculated control result retained.,
RS11-008,RS11_CORRECTION,Frozen physical row ordering,True,True,PASS,BLOCKER,PASS,BLOCKER,03_FINAL_RUNTIME_EVIDENCE/227/RESULT_SETS_NORMALIZED/RS11_APPLICATION_CONSUMPTION_DETAIL_20260812.csv,,Original independently recalculated control result retained.,
RS11-009,RS11_CORRECTION,First 200 rows equal superseded export,True,True,PASS,BLOCKER,PASS,BLOCKER,04_HISTORICAL_DIAGNOSTIC_EVIDENCE/227/RS11_INCOMPLETE_200_ROW_EXPORT_SUPERSEDED_20260812.csv,,Original independently recalculated control result retained.,
RS11-010,RS11_CORRECTION,Raw 200-row RS11 preserved byte-identically,f820387c499555cfd2dd1d9d7a3f4445ac5fe9642b222a4640b8c447f8a78226,f820387c499555cfd2dd1d9d7a3f4445ac5fe9642b222a4640b8c447f8a78226,PASS,BLOCKER,PASS,BLOCKER,04_HISTORICAL_DIAGNOSTIC_EVIDENCE/227/RS11_INCOMPLETE_200_ROW_EXPORT_SUPERSEDED_20260812.csv,,Original independently recalculated control result retained.,
RS11-011,RS11_CORRECTION,RS10 summary reconciliation,0,0,PASS,BLOCKER,PASS,BLOCKER,03_FINAL_RUNTIME_EVIDENCE/227/RESULT_SETS_NORMALIZED/RS10_APPLICATION_CONSUMPTION_SUMMARY_20260812.csv,,Original independently recalculated control result retained.,
GOV-001,GOVERNING_AUTHORITY,Approved WP5 baseline SHA-256,5dce8642e46aa701cdbe1aaeb75eb8e0a8fd454fc000e8ec4161400a45a3a38c,5dce8642e46aa701cdbe1aaeb75eb8e0a8fd454fc000e8ec4161400a45a3a38c,PASS,BLOCKER,PASS,BLOCKER,01_GOVERNING_AUTHORITY/M2_12_STANDALONE_READY_FOR_EXECUTION_R1.zip,,Original independently recalculated control result retained.,
GOV-002,GOVERNING_AUTHORITY,WP5 sidecar/CRC/entry count,5dce8642e46aa701cdbe1aaeb75eb8e0a8fd454fc000e8ec4161400a45a3a38c|M2_12_STANDALONE_READY_FOR_EXECUTION_R1.zip|PASS|98,5dce8642e46aa701cdbe1aaeb75eb8e0a8fd454fc000e8ec4161400a45a3a38c|M2_12_STANDALONE_READY_FOR_EXECUTION_R1.zip|PASS|98,PASS,BLOCKER,PASS,BLOCKER,01_GOVERNING_AUTHORITY,,Original independently recalculated control result retained.,
GOV-003,GOVERNING_AUTHORITY,Live-execution authorization package identity,True,True,PASS,BLOCKER,PASS,BLOCKER,01_GOVERNING_AUTHORITY,,Original independently recalculated control result retained.,
GOV-004,GOVERNING_AUTHORITY,Normal chain authority,220→221→222→223→224→225→226→227,exact,PASS,BLOCKER,PASS,BLOCKER,01_GOVERNING_AUTHORITY/M2_12_LIVE_EXECUTION_AUTHORIZED_PROMPT_20260810.md,,Original independently recalculated control result retained.,
GOV-005,GOVERNING_AUTHORITY,Recovery separation,True,True,PASS,BLOCKER,PASS,BLOCKER,01_GOVERNING_AUTHORITY/M2_12_LIVE_EXECUTION_AUTHORIZED_PROMPT_20260810.md,,Original independently recalculated control result retained.,
PROTO-001,EVIDENCE_PROTOCOL,Governed evidence-capture rows,44,44,PASS,BLOCKER,PASS,BLOCKER,01_GOVERNING_AUTHORITY/M2_12_STANDALONE_READY_FOR_EXECUTION_R1.zip::04_catalogs/M2_12_EVIDENCE_CAPTURE_CATALOG.csv,,Original independently recalculated control result retained.,
PROTO-002,EVIDENCE_PROTOCOL,Required-capture flags,44,44,PASS,BLOCKER,PASS,BLOCKER,same,,Original independently recalculated control result retained.,
PROTO-003,EVIDENCE_PROTOCOL,package verification capture,ABSENT,00_package_verification.txt,FAIL,BLOCKER,NOT_APPLICABLE_TO_ACCEPTANCE,NONBLOCKING_PROCEDURAL_VARIANCE,physical package tree,Required by WP5 live-execution evidence catalog or explicit live authorization.,"The artifact is physically absent, but the WP5 operator capture catalog did not amend the frozen 48-row M2.12 Acceptance Requirement Matrix. Absence is not a module-acceptance failure and requires no retrospective reconstruction, fabricated transcript, or rerun.",M2_12_HOLD_002_GOVERNANCE_HIERARCHY_RECONCILIATION_20260812.md
PROTO-004,EVIDENCE_PROTOCOL,execution environment capture,ABSENT,00_execution_environment.txt,FAIL,BLOCKER,NOT_APPLICABLE_TO_ACCEPTANCE,NONBLOCKING_PROCEDURAL_VARIANCE,physical package tree,Required by WP5 live-execution evidence catalog or explicit live authorization.,"The artifact is physically absent, but the WP5 operator capture catalog did not amend the frozen 48-row M2.12 Acceptance Requirement Matrix. Absence is not a module-acceptance failure and requires no retrospective reconstruction, fabricated transcript, or rerun.",M2_12_HOLD_002_GOVERNANCE_HIERARCHY_RECONCILIATION_20260812.md
PROTO-005,EVIDENCE_PROTOCOL,predecessor checkpoint capture,ABSENT,00_predecessor_checkpoint.csv,FAIL,BLOCKER,NOT_APPLICABLE_TO_ACCEPTANCE,NONBLOCKING_PROCEDURAL_VARIANCE,physical package tree,Required by WP5 live-execution evidence catalog or explicit live authorization.,"The artifact is physically absent, but the WP5 operator capture catalog did not amend the frozen 48-row M2.12 Acceptance Requirement Matrix. Absence is not a module-acceptance failure and requires no retrospective reconstruction, fabricated transcript, or rerun.",M2_12_HOLD_002_GOVERNANCE_HIERARCHY_RECONCILIATION_20260812.md
PROTO-006,EVIDENCE_PROTOCOL,Program 220 console transcript with exit status,ABSENT,220_console_<timestamp>.txt,FAIL,BLOCKER,NOT_APPLICABLE_TO_ACCEPTANCE,NONBLOCKING_PROCEDURAL_VARIANCE,physical package tree,Required by WP5 live-execution evidence catalog or explicit live authorization.,"The artifact is physically absent, but the WP5 operator capture catalog did not amend the frozen 48-row M2.12 Acceptance Requirement Matrix. Absence is not a module-acceptance failure and requires no retrospective reconstruction, fabricated transcript, or rerun.",M2_12_HOLD_002_GOVERNANCE_HIERARCHY_RECONCILIATION_20260812.md
PROTO-007,EVIDENCE_PROTOCOL,Program 221 console transcript with exit status,ABSENT,221_console_<timestamp>.txt,FAIL,BLOCKER,NOT_APPLICABLE_TO_ACCEPTANCE,NONBLOCKING_PROCEDURAL_VARIANCE,physical package tree,Required by WP5 live-execution evidence catalog or explicit live authorization.,"The artifact is physically absent, but the WP5 operator capture catalog did not amend the frozen 48-row M2.12 Acceptance Requirement Matrix. Absence is not a module-acceptance failure and requires no retrospective reconstruction, fabricated transcript, or rerun.",M2_12_HOLD_002_GOVERNANCE_HIERARCHY_RECONCILIATION_20260812.md
PROTO-008,EVIDENCE_PROTOCOL,Program 222 console transcript with exit status,ABSENT,222_console_<timestamp>.txt,FAIL,BLOCKER,NOT_APPLICABLE_TO_ACCEPTANCE,NONBLOCKING_PROCEDURAL_VARIANCE,physical package tree,Required by WP5 live-execution evidence catalog or explicit live authorization.,"The artifact is physically absent, but the WP5 operator capture catalog did not amend the frozen 48-row M2.12 Acceptance Requirement Matrix. Absence is not a module-acceptance failure and requires no retrospective reconstruction, fabricated transcript, or rerun.",M2_12_HOLD_002_GOVERNANCE_HIERARCHY_RECONCILIATION_20260812.md
PROTO-009,EVIDENCE_PROTOCOL,Program 223 console transcript with exit status,ABSENT,223_console_<timestamp>.txt,FAIL,BLOCKER,NOT_APPLICABLE_TO_ACCEPTANCE,NONBLOCKING_PROCEDURAL_VARIANCE,physical package tree,Required by WP5 live-execution evidence catalog or explicit live authorization.,"The artifact is physically absent, but the WP5 operator capture catalog did not amend the frozen 48-row M2.12 Acceptance Requirement Matrix. Absence is not a module-acceptance failure and requires no retrospective reconstruction, fabricated transcript, or rerun.",M2_12_HOLD_002_GOVERNANCE_HIERARCHY_RECONCILIATION_20260812.md
PROTO-010,EVIDENCE_PROTOCOL,Program 224 console transcript with exit status,ABSENT,224_console_<timestamp>.txt,FAIL,BLOCKER,NOT_APPLICABLE_TO_ACCEPTANCE,NONBLOCKING_PROCEDURAL_VARIANCE,physical package tree,Required by WP5 live-execution evidence catalog or explicit live authorization.,"The artifact is physically absent, but the WP5 operator capture catalog did not amend the frozen 48-row M2.12 Acceptance Requirement Matrix. Absence is not a module-acceptance failure and requires no retrospective reconstruction, fabricated transcript, or rerun.",M2_12_HOLD_002_GOVERNANCE_HIERARCHY_RECONCILIATION_20260812.md
PROTO-011,EVIDENCE_PROTOCOL,Program 225 console transcript with exit status,ABSENT,225_console_<timestamp>.txt,FAIL,BLOCKER,NOT_APPLICABLE_TO_ACCEPTANCE,NONBLOCKING_PROCEDURAL_VARIANCE,physical package tree,Required by WP5 live-execution evidence catalog or explicit live authorization.,"The artifact is physically absent, but the WP5 operator capture catalog did not amend the frozen 48-row M2.12 Acceptance Requirement Matrix. Absence is not a module-acceptance failure and requires no retrospective reconstruction, fabricated transcript, or rerun.",M2_12_HOLD_002_GOVERNANCE_HIERARCHY_RECONCILIATION_20260812.md
PROTO-012,EVIDENCE_PROTOCOL,Program 226 console transcript with exit status,ABSENT,226_console_<timestamp>.txt,FAIL,BLOCKER,NOT_APPLICABLE_TO_ACCEPTANCE,NONBLOCKING_PROCEDURAL_VARIANCE,physical package tree,Required by WP5 live-execution evidence catalog or explicit live authorization.,"The artifact is physically absent, but the WP5 operator capture catalog did not amend the frozen 48-row M2.12 Acceptance Requirement Matrix. Absence is not a module-acceptance failure and requires no retrospective reconstruction, fabricated transcript, or rerun.",M2_12_HOLD_002_GOVERNANCE_HIERARCHY_RECONCILIATION_20260812.md
PROTO-013,EVIDENCE_PROTOCOL,Program 227 console transcript with exit status,ABSENT,227_console_<timestamp>.txt,FAIL,BLOCKER,NOT_APPLICABLE_TO_ACCEPTANCE,NONBLOCKING_PROCEDURAL_VARIANCE,physical package tree,Required by WP5 live-execution evidence catalog or explicit live authorization.,"The artifact is physically absent, but the WP5 operator capture catalog did not amend the frozen 48-row M2.12 Acceptance Requirement Matrix. Absence is not a module-acceptance failure and requires no retrospective reconstruction, fabricated transcript, or rerun.",M2_12_HOLD_002_GOVERNANCE_HIERARCHY_RECONCILIATION_20260812.md
PROTO-014,EVIDENCE_PROTOCOL,Recovery 222A console/process transcript,ABSENT,222A_console_or_equivalent,FAIL,BLOCKER,NOT_APPLICABLE_TO_ACCEPTANCE,NONBLOCKING_PROCEDURAL_VARIANCE,physical package tree,Required by WP5 live-execution evidence catalog or explicit live authorization.,"The artifact is physically absent, but the WP5 operator capture catalog did not amend the frozen 48-row M2.12 Acceptance Requirement Matrix. Absence is not a module-acceptance failure and requires no retrospective reconstruction, fabricated transcript, or rerun.",M2_12_HOLD_002_GOVERNANCE_HIERARCHY_RECONCILIATION_20260812.md
PROTO-015,EVIDENCE_PROTOCOL,Database backup or approved restore checkpoint evidence,ABSENT,backup_or_restore_checkpoint,FAIL,BLOCKER,NOT_APPLICABLE_TO_ACCEPTANCE,NONBLOCKING_PROCEDURAL_VARIANCE,physical package tree,Required by WP5 live-execution evidence catalog or explicit live authorization.,"The artifact is physically absent, but the WP5 operator capture catalog did not amend the frozen 48-row M2.12 Acceptance Requirement Matrix. Absence is not a module-acceptance failure and requires no retrospective reconstruction, fabricated transcript, or rerun.",M2_12_HOLD_002_GOVERNANCE_HIERARCHY_RECONCILIATION_20260812.md
PROTO-OUT-12,EVIDENCE_PROTOCOL,Governed output capture 12,1,1,PASS,BLOCKER,PASS,BLOCKER,03_FINAL_RUNTIME_EVIDENCE/220/220_msbf_m2_12_schema_policy_certification_structures_g3_bundle_triggers_views_v1_HF4_results_20260810.csv,,Original independently recalculated control result retained.,
PROTO-OUT-13,EVIDENCE_PROTOCOL,Governed output capture 13,1,1,PASS,BLOCKER,PASS,BLOCKER,03_FINAL_RUNTIME_EVIDENCE/221/221_msbf_m2_12_accepted_source_pristine_target_preflight_v1_HF6_results_20260811.csv,,Original independently recalculated control result retained.,
PROTO-OUT-14,EVIDENCE_PROTOCOL,Governed output capture 14,1,1,PASS,BLOCKER,PASS,BLOCKER,03_FINAL_RUNTIME_EVIDENCE/222/222_msbf_m2_12_end_to_end_certification_generation_physical_reconciliation_v1_HF9_results_20260811.csv,,Original independently recalculated control result retained.,
PROTO-OUT-15,EVIDENCE_PROTOCOL,Governed output capture 15,1,1,PASS,BLOCKER,PASS,BLOCKER,03_FINAL_RUNTIME_EVIDENCE/223/223_msbf_m2_12_positive_validation_128_controls_v1_HF12_validation_persistence_results_20260811.csv,,Original independently recalculated control result retained.,
PROTO-OUT-16,EVIDENCE_PROTOCOL,Governed output capture 16,128,128,PASS,BLOCKER,PASS,BLOCKER,03_FINAL_RUNTIME_EVIDENCE/223/223_msbf_m2_12_positive_validation_128_controls_v1_HF12_positive_results_20260811.csv,,Original independently recalculated control result retained.,
PROTO-OUT-17,EVIDENCE_PROTOCOL,Governed output capture 17,1,1,PASS,BLOCKER,PASS,BLOCKER,03_FINAL_RUNTIME_EVIDENCE/224/224_msbf_m2_12_negative_controls_20_isolated_v1_HF14_persistence_result_20260811.csv,,Original independently recalculated control result retained.,
PROTO-OUT-18,EVIDENCE_PROTOCOL,Governed output capture 18,20,20,PASS,BLOCKER,PASS,BLOCKER,03_FINAL_RUNTIME_EVIDENCE/224/224_msbf_m2_12_negative_controls_20_isolated_v1_HF14_results_20260811.csv,,Original independently recalculated control result retained.,
PROTO-OUT-19,EVIDENCE_PROTOCOL,Governed output capture 19,1,1,PASS,BLOCKER,PASS,BLOCKER,03_FINAL_RUNTIME_EVIDENCE/225/225_msbf_m2_12_acceptance_finalizer_v1_HF23_results_20260811.csv,,Original independently recalculated control result retained.,
PROTO-OUT-20,EVIDENCE_PROTOCOL,Governed output capture 20,1,1,PASS,BLOCKER,PASS,BLOCKER,03_FINAL_RUNTIME_EVIDENCE/226/MSBF_M2_12_Enterprise_Portfolio_Certification_&_Consumption_Contract_Master_Report_v1_20260811.csv,,Original independently recalculated control result retained.,
PROTO-OUT-21,EVIDENCE_PROTOCOL,Governed output capture 21,1,1,PASS,BLOCKER,PASS,BLOCKER,03_FINAL_RUNTIME_EVIDENCE/227/RESULT_SETS_NORMALIZED/RS01_LIFECYCLE_AND_G3_ACCEPTANCE_20260812.csv,,Original independently recalculated control result retained.,
PROTO-OUT-22,EVIDENCE_PROTOCOL,Governed output capture 22,1,1,PASS,BLOCKER,PASS,BLOCKER,03_FINAL_RUNTIME_EVIDENCE/227/RESULT_SETS_NORMALIZED/RS02_POLICY_AND_EXPECTED_COUNTS_20260812.csv,,Original independently recalculated control result retained.,
PROTO-OUT-23,EVIDENCE_PROTOCOL,Governed output capture 23,1,1,PASS,BLOCKER,PASS,BLOCKER,03_FINAL_RUNTIME_EVIDENCE/227/RESULT_SETS_NORMALIZED/RS03_M1_17_G2_SOURCE_IDENTITY_20260812.csv,,Original independently recalculated control result retained.,
PROTO-OUT-24,EVIDENCE_PROTOCOL,Governed output capture 24,12,12,PASS,BLOCKER,PASS,BLOCKER,03_FINAL_RUNTIME_EVIDENCE/227/RESULT_SETS_NORMALIZED/RS04_SOURCE_NODE_CERTIFICATION_20260812.csv,,Original independently recalculated control result retained.,
PROTO-OUT-25,EVIDENCE_PROTOCOL,Governed output capture 25,13,13,PASS,BLOCKER,PASS,BLOCKER,03_FINAL_RUNTIME_EVIDENCE/227/RESULT_SETS_NORMALIZED/RS05_COMPONENT_CONTRACTS_20260812.csv,,Original independently recalculated control result retained.,
PROTO-OUT-26,EVIDENCE_PROTOCOL,Governed output capture 26,19,19,PASS,BLOCKER,PASS,BLOCKER,03_FINAL_RUNTIME_EVIDENCE/227/RESULT_SETS_NORMALIZED/RS06_SOURCE_GRAPH_EDGES_20260812.csv,,Original independently recalculated control result retained.,
PROTO-OUT-27,EVIDENCE_PROTOCOL,Governed output capture 27,72,72,PASS,BLOCKER,PASS,BLOCKER,03_FINAL_RUNTIME_EVIDENCE/227/RESULT_SETS_NORMALIZED/RS07_EVIDENCE_CERTIFICATION_20260812.csv,,Original independently recalculated control result retained.,
PROTO-OUT-28,EVIDENCE_PROTOCOL,Governed output capture 28,13,13,PASS,BLOCKER,PASS,BLOCKER,03_FINAL_RUNTIME_EVIDENCE/227/RESULT_SETS_NORMALIZED/RS08_COMPONENT_LATEST_ARCHIVE_INVENTORY_20260812.csv,,Original independently recalculated control result retained.,
PROTO-OUT-29,EVIDENCE_PROTOCOL,Governed output capture 29,13,13,PASS,BLOCKER,PASS,BLOCKER,03_FINAL_RUNTIME_EVIDENCE/227/RESULT_SETS_NORMALIZED/RS09_CONTRACT_REPRODUCTION_20260812.csv,,Original independently recalculated control result retained.,
PROTO-OUT-30,EVIDENCE_PROTOCOL,Governed output capture 30,3,3,PASS,BLOCKER,PASS,BLOCKER,03_FINAL_RUNTIME_EVIDENCE/227/RESULT_SETS_NORMALIZED/RS10_APPLICATION_CONSUMPTION_SUMMARY_20260812.csv,,Original independently recalculated control result retained.,
PROTO-OUT-31,EVIDENCE_PROTOCOL,Governed output capture 31,1500,1500,PASS,BLOCKER,PASS,BLOCKER,03_FINAL_RUNTIME_EVIDENCE/227/RESULT_SETS_NORMALIZED/RS11_APPLICATION_CONSUMPTION_DETAIL_20260812.csv,,Original independently recalculated control result retained.,
PROTO-OUT-32,EVIDENCE_PROTOCOL,Governed output capture 32,3,3,PASS,BLOCKER,PASS,BLOCKER,03_FINAL_RUNTIME_EVIDENCE/227/RESULT_SETS_NORMALIZED/RS12_OPERATIONAL_ACCOUNT_SUMMARY_20260812.csv,,Original independently recalculated control result retained.,
PROTO-OUT-33,EVIDENCE_PROTOCOL,Governed output capture 33,59,59,PASS,BLOCKER,PASS,BLOCKER,03_FINAL_RUNTIME_EVIDENCE/227/RESULT_SETS_NORMALIZED/RS13_OPERATIONAL_ACCOUNT_DETAIL_20260812.csv,,Original independently recalculated control result retained.,
PROTO-OUT-34,EVIDENCE_PROTOCOL,Governed output capture 34,24,24,PASS,BLOCKER,PASS,BLOCKER,03_FINAL_RUNTIME_EVIDENCE/227/RESULT_SETS_NORMALIZED/RS14_STRATEGY_SCOPE_CONSUMPTION_20260812.csv,,Original independently recalculated control result retained.,
PROTO-OUT-35,EVIDENCE_PROTOCOL,Governed output capture 35,24,24,PASS,BLOCKER,PASS,BLOCKER,03_FINAL_RUNTIME_EVIDENCE/227/RESULT_SETS_NORMALIZED/RS15_FRONTIER_NONDOMINATED_SUMMARY_20260812.csv,,Original independently recalculated control result retained.,
PROTO-OUT-36,EVIDENCE_PROTOCOL,Governed output capture 36,3,3,PASS,BLOCKER,PASS,BLOCKER,03_FINAL_RUNTIME_EVIDENCE/227/RESULT_SETS_NORMALIZED/RS16_GOVERNANCE_REVIEW_PRIORITIES_20260812.csv,,Original independently recalculated control result retained.,
PROTO-OUT-37,EVIDENCE_PROTOCOL,Governed output capture 37,8,8,PASS,BLOCKER,PASS,BLOCKER,03_FINAL_RUNTIME_EVIDENCE/227/RESULT_SETS_NORMALIZED/RS17_STRESS_AND_BURDEN_BOUNDARY_20260812.csv,,Original independently recalculated control result retained.,
PROTO-OUT-38,EVIDENCE_PROTOCOL,Governed output capture 38,20,20,PASS,BLOCKER,PASS,BLOCKER,03_FINAL_RUNTIME_EVIDENCE/227/RESULT_SETS_NORMALIZED/RS18_CAPABILITY_COVERAGE_20260812.csv,,Original independently recalculated control result retained.,
PROTO-OUT-39,EVIDENCE_PROTOCOL,Governed output capture 39,1,1,PASS,BLOCKER,PASS,BLOCKER,03_FINAL_RUNTIME_EVIDENCE/227/RESULT_SETS_NORMALIZED/RS19_G3_BUNDLE_LATEST_20260812.csv,,Original independently recalculated control result retained.,
PROTO-OUT-40,EVIDENCE_PROTOCOL,Governed output capture 40,1,1,PASS,BLOCKER,PASS,BLOCKER,03_FINAL_RUNTIME_EVIDENCE/227/RESULT_SETS_NORMALIZED/RS20_G3_LATEST_ARCHIVE_REPRODUCTION_20260812.csv,,Original independently recalculated control result retained.,
PROTO-OUT-41,EVIDENCE_PROTOCOL,Governed output capture 41,12,12,PASS,BLOCKER,PASS,BLOCKER,03_FINAL_RUNTIME_EVIDENCE/227/RESULT_SETS_NORMALIZED/RS21_G3_REGISTRY_CANONICAL_HASHES_20260812.csv,,Original independently recalculated control result retained.,
PROTO-OUT-42,EVIDENCE_PROTOCOL,Governed output capture 42,6,6,PASS,BLOCKER,PASS,BLOCKER,03_FINAL_RUNTIME_EVIDENCE/227/RESULT_SETS_NORMALIZED/RS22_GOVERNED_EVIDENCE_ACCEPTANCE_SUMMARY_20260812.csv,,Original independently recalculated control result retained.,
PROTO-OUT-43,EVIDENCE_PROTOCOL,Governed output capture 43,0,0,PASS,BLOCKER,PASS,BLOCKER,03_FINAL_RUNTIME_EVIDENCE/227/RESULT_SETS_NORMALIZED/RS23_DETERMINISTIC_MISMATCHES_20260812.csv,,Original independently recalculated control result retained.,
PROTO-OUT-44,EVIDENCE_PROTOCOL,Governed output capture 44,0,0,PASS,BLOCKER,PASS,BLOCKER,03_FINAL_RUNTIME_EVIDENCE/227/RESULT_SETS_NORMALIZED/RS24_BLOCKING_STAGE_BOUNDARY_VIOLATIONS_20260812.csv,,Original independently recalculated control result retained.,
PROTO-016,EVIDENCE_PROTOCOL,Governed output captures 12–44,33,33,PASS,BLOCKER,PASS,BLOCKER,03_FINAL_RUNTIME_EVIDENCE,,Original independently recalculated control result retained.,
SRC-001,EXECUTED_SOURCE,Current executed-source rows,9,9,PASS,BLOCKER,PASS,BLOCKER,00_START_HERE/M2_12_CURRENT_EXECUTED_SOURCE_IDENTITY.csv,,Original independently recalculated control result retained.,
SRC-FINAL-01,EXECUTED_SOURCE,Program 220 final source,765772|efc49c1f2c02587e03a84b46ab8c5c0b097ca28cd2682cd6f4eb477e29f508e8|efc49c1f2c02587e03a84b46ab8c5c0b097ca28cd2682cd6f4eb477e29f508e8|220_msbf_m2_12_schema_policy_certification_structures_g3_bundle_triggers_views_v1_HF4.sql,765772|efc49c1f2c02587e03a84b46ab8c5c0b097ca28cd2682cd6f4eb477e29f508e8|efc49c1f2c02587e03a84b46ab8c5c0b097ca28cd2682cd6f4eb477e29f508e8|220_msbf_m2_12_schema_policy_certification_structures_g3_bundle_triggers_views_v1_HF4.sql,PASS,BLOCKER,PASS,BLOCKER,02_EXECUTED_SOURCE_AUTHORITY/220_HF4/220_msbf_m2_12_schema_policy_certification_structures_g3_bundle_triggers_views_v1_HF4.sql,,Original independently recalculated control result retained.,
SRC-FINAL-02,EXECUTED_SOURCE,Program 221 final source,221276|97387aca692d676b74c89ab298e4e284bd862feaf289f98eba5fd91c336877d7|97387aca692d676b74c89ab298e4e284bd862feaf289f98eba5fd91c336877d7|221_msbf_m2_12_accepted_source_pristine_target_preflight_v1_HF6.sql,221276|97387aca692d676b74c89ab298e4e284bd862feaf289f98eba5fd91c336877d7|97387aca692d676b74c89ab298e4e284bd862feaf289f98eba5fd91c336877d7|221_msbf_m2_12_accepted_source_pristine_target_preflight_v1_HF6.sql,PASS,BLOCKER,PASS,BLOCKER,02_EXECUTED_SOURCE_AUTHORITY/221_HF6/221_msbf_m2_12_accepted_source_pristine_target_preflight_v1_HF6.sql,,Original independently recalculated control result retained.,
SRC-FINAL-03,EXECUTED_SOURCE,Program 222 final source,560495|3674c53f4bc46222a45db8d3afa75337af921b2492485ebd2745d77ada220cab|3674c53f4bc46222a45db8d3afa75337af921b2492485ebd2745d77ada220cab|222_msbf_m2_12_end_to_end_certification_generation_physical_reconciliation_v1_HF9.sql,560495|3674c53f4bc46222a45db8d3afa75337af921b2492485ebd2745d77ada220cab|3674c53f4bc46222a45db8d3afa75337af921b2492485ebd2745d77ada220cab|222_msbf_m2_12_end_to_end_certification_generation_physical_reconciliation_v1_HF9.sql,PASS,BLOCKER,PASS,BLOCKER,02_EXECUTED_SOURCE_AUTHORITY/222_HF9/222_msbf_m2_12_end_to_end_certification_generation_physical_reconciliation_v1_HF9.sql,,Original independently recalculated control result retained.,
SRC-FINAL-04,EXECUTED_SOURCE,Program 222A final source,22425|8087d51cd6d1dbcf89371d4219e787b53221ddf3a5959053af1306fef0967627|8087d51cd6d1dbcf89371d4219e787b53221ddf3a5959053af1306fef0967627|222A_msbf_m2_12_failed_precommit_certification_generation_sequence_state_recovery_v1.sql,22425|8087d51cd6d1dbcf89371d4219e787b53221ddf3a5959053af1306fef0967627|8087d51cd6d1dbcf89371d4219e787b53221ddf3a5959053af1306fef0967627|222A_msbf_m2_12_failed_precommit_certification_generation_sequence_state_recovery_v1.sql,PASS,BLOCKER,PASS,BLOCKER,02_EXECUTED_SOURCE_AUTHORITY/222A_R1/222A_msbf_m2_12_failed_precommit_certification_generation_sequence_state_recovery_v1.sql,,Original independently recalculated control result retained.,
SRC-FINAL-05,EXECUTED_SOURCE,Program 223 final source,769374|a52a2ea1fe423fae840c21a3bba6dda7ca45dea1c29531134e823a96635411fe|a52a2ea1fe423fae840c21a3bba6dda7ca45dea1c29531134e823a96635411fe|223_msbf_m2_12_positive_validation_128_controls_v1_HF12.sql,769374|a52a2ea1fe423fae840c21a3bba6dda7ca45dea1c29531134e823a96635411fe|a52a2ea1fe423fae840c21a3bba6dda7ca45dea1c29531134e823a96635411fe|223_msbf_m2_12_positive_validation_128_controls_v1_HF12.sql,PASS,BLOCKER,PASS,BLOCKER,02_EXECUTED_SOURCE_AUTHORITY/223_HF12/223_msbf_m2_12_positive_validation_128_controls_v1_HF12.sql,,Original independently recalculated control result retained.,
SRC-FINAL-06,EXECUTED_SOURCE,Program 224 final source,153481|d549f90da4ec3d9364d4f1e5bd1b8fc8a9e5e65d1c3d6af646bf48689ee9146e|d549f90da4ec3d9364d4f1e5bd1b8fc8a9e5e65d1c3d6af646bf48689ee9146e|224_msbf_m2_12_negative_controls_20_isolated_v1_HF14.sql,153481|d549f90da4ec3d9364d4f1e5bd1b8fc8a9e5e65d1c3d6af646bf48689ee9146e|d549f90da4ec3d9364d4f1e5bd1b8fc8a9e5e65d1c3d6af646bf48689ee9146e|224_msbf_m2_12_negative_controls_20_isolated_v1_HF14.sql,PASS,BLOCKER,PASS,BLOCKER,02_EXECUTED_SOURCE_AUTHORITY/224_HF14/224_msbf_m2_12_negative_controls_20_isolated_v1_HF14.sql,,Original independently recalculated control result retained.,
SRC-FINAL-07,EXECUTED_SOURCE,Program 225 final source,246122|e5ac10c9c15512878361d080a4435fa70eac68004f8dfbabeeddaa052d51055b|e5ac10c9c15512878361d080a4435fa70eac68004f8dfbabeeddaa052d51055b|225_msbf_m2_12_acceptance_finalizer_v1_HF23.sql,246122|e5ac10c9c15512878361d080a4435fa70eac68004f8dfbabeeddaa052d51055b|e5ac10c9c15512878361d080a4435fa70eac68004f8dfbabeeddaa052d51055b|225_msbf_m2_12_acceptance_finalizer_v1_HF23.sql,PASS,BLOCKER,PASS,BLOCKER,02_EXECUTED_SOURCE_AUTHORITY/225_HF23/225_msbf_m2_12_acceptance_finalizer_v1_HF23.sql,,Original independently recalculated control result retained.,
SRC-FINAL-08,EXECUTED_SOURCE,Program 226 final source,183235|e7ab6bdf4ae660f5a051b43c9e0b039fb5495e8b8c6259a5ca8cccc9d06e83a7|e7ab6bdf4ae660f5a051b43c9e0b039fb5495e8b8c6259a5ca8cccc9d06e83a7|226_msbf_m2_12_master_report_v1_HF24.sql,183235|e7ab6bdf4ae660f5a051b43c9e0b039fb5495e8b8c6259a5ca8cccc9d06e83a7|e7ab6bdf4ae660f5a051b43c9e0b039fb5495e8b8c6259a5ca8cccc9d06e83a7|226_msbf_m2_12_master_report_v1_HF24.sql,PASS,BLOCKER,PASS,BLOCKER,02_EXECUTED_SOURCE_AUTHORITY/226_HF24/226_msbf_m2_12_master_report_v1_HF24.sql,,Original independently recalculated control result retained.,
SRC-FINAL-09,EXECUTED_SOURCE,Program 227 final source,243000|7b7fa0103fda0f1e1bd043aa14e926fa748db291dcb63873ca576d34ea54ab11|7b7fa0103fda0f1e1bd043aa14e926fa748db291dcb63873ca576d34ea54ab11|227_msbf_m2_12_detailed_report_24_result_sets_v1_HF26.sql,243000|7b7fa0103fda0f1e1bd043aa14e926fa748db291dcb63873ca576d34ea54ab11|7b7fa0103fda0f1e1bd043aa14e926fa748db291dcb63873ca576d34ea54ab11|227_msbf_m2_12_detailed_report_24_result_sets_v1_HF26.sql,PASS,BLOCKER,PASS,BLOCKER,02_EXECUTED_SOURCE_AUTHORITY/227_HF26/227_msbf_m2_12_detailed_report_24_result_sets_v1_HF26.sql,,Original independently recalculated control result retained.,
SRC-002,EXECUTED_SOURCE,Final source aggregate,9/9,9/9,PASS,BLOCKER,PASS,BLOCKER,00_START_HERE/M2_12_CURRENT_EXECUTED_SOURCE_IDENTITY.csv,,Original independently recalculated control result retained.,
SRC-AUX-01,EXECUTED_SOURCE,HF4 rollback-state verifier,7556|34551ac4c6549944c0bbf853913919697415f38063aec85f431259ff697594e1|34551ac4c6549944c0bbf853913919697415f38063aec85f431259ff697594e1|220_HF4_pre_rerun_rollback_state_verification.sql,7556|34551ac4c6549944c0bbf853913919697415f38063aec85f431259ff697594e1|34551ac4c6549944c0bbf853913919697415f38063aec85f431259ff697594e1|220_HF4_pre_rerun_rollback_state_verification.sql,PASS,BLOCKER,PASS,BLOCKER,02_EXECUTED_SOURCE_AUTHORITY/220_AUXILIARY/220_HF4_pre_rerun_rollback_state_verification.sql,,Original independently recalculated control result retained.,
SRC-AUX-02,EXECUTED_SOURCE,HF6 state/source-graph verifier,70553|a518ca8443825a1c7856fc9d338b9c0887b203c92927e36b792f0359b7b3842e|a518ca8443825a1c7856fc9d338b9c0887b203c92927e36b792f0359b7b3842e|221_HF6_pre_rerun_state_and_source_graph_verification.sql,70553|a518ca8443825a1c7856fc9d338b9c0887b203c92927e36b792f0359b7b3842e|a518ca8443825a1c7856fc9d338b9c0887b203c92927e36b792f0359b7b3842e|221_HF6_pre_rerun_state_and_source_graph_verification.sql,PASS,BLOCKER,PASS,BLOCKER,02_EXECUTED_SOURCE_AUTHORITY/221_AUXILIARY/221_HF6_pre_rerun_state_and_source_graph_verification.sql,,Original independently recalculated control result retained.,
SRC-AUX-03,EXECUTED_SOURCE,HF9 state/source-graph/stage-boundary verifier,104636|c1a379f311c3b5ce5111d7ce868d48181a3ca81a09de4ca9997d6efaceb23d05|c1a379f311c3b5ce5111d7ce868d48181a3ca81a09de4ca9997d6efaceb23d05|222_HF9_pre_execution_state_source_graph_and_stage_boundary_verification.sql,104636|c1a379f311c3b5ce5111d7ce868d48181a3ca81a09de4ca9997d6efaceb23d05|c1a379f311c3b5ce5111d7ce868d48181a3ca81a09de4ca9997d6efaceb23d05|222_HF9_pre_execution_state_source_graph_and_stage_boundary_verification.sql,PASS,BLOCKER,PASS,BLOCKER,02_EXECUTED_SOURCE_AUTHORITY/222_AUXILIARY/222_HF9_pre_execution_state_source_graph_and_stage_boundary_verification.sql,,Original independently recalculated control result retained.,
SRC-AUX-04,EXECUTED_SOURCE,pre-recovery verifier,13883|6df150b077c5f637006b3574d44a4c8181577bf9daafc3fd571b24ca0afdd5f2|6df150b077c5f637006b3574d44a4c8181577bf9daafc3fd571b24ca0afdd5f2|222A_pre_recovery_state_verification.sql,13883|6df150b077c5f637006b3574d44a4c8181577bf9daafc3fd571b24ca0afdd5f2|6df150b077c5f637006b3574d44a4c8181577bf9daafc3fd571b24ca0afdd5f2|222A_pre_recovery_state_verification.sql,PASS,BLOCKER,PASS,BLOCKER,02_EXECUTED_SOURCE_AUTHORITY/222A_AUXILIARY/222A_pre_recovery_state_verification.sql,,Original independently recalculated control result retained.,
SRC-AUX-05,EXECUTED_SOURCE,post-recovery verifier,13964|bdeebfe84d67e41cf627079d018b864728ec4fc36874a2e90473bd94d754bc50|bdeebfe84d67e41cf627079d018b864728ec4fc36874a2e90473bd94d754bc50|222A_post_recovery_state_verification.sql,13964|bdeebfe84d67e41cf627079d018b864728ec4fc36874a2e90473bd94d754bc50|bdeebfe84d67e41cf627079d018b864728ec4fc36874a2e90473bd94d754bc50|222A_post_recovery_state_verification.sql,PASS,BLOCKER,PASS,BLOCKER,02_EXECUTED_SOURCE_AUTHORITY/222A_AUXILIARY/222A_post_recovery_state_verification.sql,,Original independently recalculated control result retained.,
SRC-AUX-06,EXECUTED_SOURCE,HF12 generated-checkpoint verifier,139957|f13eaf60dd3de48fe11afede4379505132ac9a5dfd661df6b159e8c2f93cb272|f13eaf60dd3de48fe11afede4379505132ac9a5dfd661df6b159e8c2f93cb272|223_HF12_pre_execution_generated_checkpoint_verification.sql,139957|f13eaf60dd3de48fe11afede4379505132ac9a5dfd661df6b159e8c2f93cb272|f13eaf60dd3de48fe11afede4379505132ac9a5dfd661df6b159e8c2f93cb272|223_HF12_pre_execution_generated_checkpoint_verification.sql,PASS,BLOCKER,PASS,BLOCKER,02_EXECUTED_SOURCE_AUTHORITY/223_AUXILIARY/223_HF12_pre_execution_generated_checkpoint_verification.sql,,Original independently recalculated control result retained.,
SRC-AUX-07,EXECUTED_SOURCE,HF12 128-control diagnostic,743579|622d7d4a3aa081f2229f815320c7f59b7a8e0f269cfbd91556e7fac67d01848e|622d7d4a3aa081f2229f815320c7f59b7a8e0f269cfbd91556e7fac67d01848e|223_HF12_pre_execution_positive_control_diagnostic.sql,743579|622d7d4a3aa081f2229f815320c7f59b7a8e0f269cfbd91556e7fac67d01848e|622d7d4a3aa081f2229f815320c7f59b7a8e0f269cfbd91556e7fac67d01848e|223_HF12_pre_execution_positive_control_diagnostic.sql,PASS,BLOCKER,PASS,BLOCKER,02_EXECUTED_SOURCE_AUTHORITY/223_AUXILIARY/223_HF12_pre_execution_positive_control_diagnostic.sql,,Original independently recalculated control result retained.,
SRC-AUX-08,EXECUTED_SOURCE,HF14 validated-checkpoint verifier,174020|ca5ab6d164ef567be8f5fedf362e56f91766022770e57a4cb06266dac2560374|ca5ab6d164ef567be8f5fedf362e56f91766022770e57a4cb06266dac2560374|224_HF14_pre_execution_validated_checkpoint_verification.sql,174020|ca5ab6d164ef567be8f5fedf362e56f91766022770e57a4cb06266dac2560374|ca5ab6d164ef567be8f5fedf362e56f91766022770e57a4cb06266dac2560374|224_HF14_pre_execution_validated_checkpoint_verification.sql,PASS,BLOCKER,PASS,BLOCKER,02_EXECUTED_SOURCE_AUTHORITY/224_AUXILIARY/224_HF14_pre_execution_validated_checkpoint_verification.sql,,Original independently recalculated control result retained.,
SRC-AUX-09,EXECUTED_SOURCE,HF14 20-control diagnostic,151397|347420f0fe47d2995367bcc8ad7dde8b5b39d423d42057640f8097ee9e847bff|347420f0fe47d2995367bcc8ad7dde8b5b39d423d42057640f8097ee9e847bff|224_HF14_pre_execution_negative_control_diagnostic.sql,151397|347420f0fe47d2995367bcc8ad7dde8b5b39d423d42057640f8097ee9e847bff|347420f0fe47d2995367bcc8ad7dde8b5b39d423d42057640f8097ee9e847bff|224_HF14_pre_execution_negative_control_diagnostic.sql,PASS,BLOCKER,PASS,BLOCKER,02_EXECUTED_SOURCE_AUTHORITY/224_AUXILIARY/224_HF14_pre_execution_negative_control_diagnostic.sql,,Original independently recalculated control result retained.,
SRC-AUX-10,EXECUTED_SOURCE,HF16 validated-checkpoint verifier,179298|5f375f4d216e17919890edb268863508d1e51e0f316e5cd3720baf6919ea3dc1|5f375f4d216e17919890edb268863508d1e51e0f316e5cd3720baf6919ea3dc1|225_HF16_pre_execution_validated_checkpoint_verification.sql,179298|5f375f4d216e17919890edb268863508d1e51e0f316e5cd3720baf6919ea3dc1|5f375f4d216e17919890edb268863508d1e51e0f316e5cd3720baf6919ea3dc1|225_HF16_pre_execution_validated_checkpoint_verification.sql,PASS,BLOCKER,PASS,BLOCKER,02_EXECUTED_SOURCE_AUTHORITY/225_AUXILIARY/225_HF16_pre_execution_validated_checkpoint_verification.sql,,Original independently recalculated control result retained.,
SRC-AUX-11,EXECUTED_SOURCE,HF16 negative-evidence encoding diagnostic,9275|edcec44532387a4db8fb4898af493ab71c6e29103039e8483a914c4fea04ac14|edcec44532387a4db8fb4898af493ab71c6e29103039e8483a914c4fea04ac14|225_HF16_pre_execution_negative_evidence_encoding_diagnostic.sql,9275|edcec44532387a4db8fb4898af493ab71c6e29103039e8483a914c4fea04ac14|edcec44532387a4db8fb4898af493ab71c6e29103039e8483a914c4fea04ac14|225_HF16_pre_execution_negative_evidence_encoding_diagnostic.sql,PASS,BLOCKER,PASS,BLOCKER,02_EXECUTED_SOURCE_AUTHORITY/225_AUXILIARY/225_HF16_pre_execution_negative_evidence_encoding_diagnostic.sql,,Original independently recalculated control result retained.,
SRC-AUX-12,EXECUTED_SOURCE,HF19 application-view lineage diagnostic,5272|b422c2598b62be80b20b21e7043e6752929daeff0e2b5607e1058731d1e2953a|b422c2598b62be80b20b21e7043e6752929daeff0e2b5607e1058731d1e2953a|225_HF19_pre_execution_application_view_lineage_diagnostic.sql,5272|b422c2598b62be80b20b21e7043e6752929daeff0e2b5607e1058731d1e2953a|b422c2598b62be80b20b21e7043e6752929daeff0e2b5607e1058731d1e2953a|225_HF19_pre_execution_application_view_lineage_diagnostic.sql,PASS,BLOCKER,PASS,BLOCKER,02_EXECUTED_SOURCE_AUTHORITY/225_AUXILIARY/225_HF19_pre_execution_application_view_lineage_diagnostic.sql,,Original independently recalculated control result retained.,
SRC-AUX-13,EXECUTED_SOURCE,HF20 Module-3 boundary diagnostic,6363|2042bcc9163eda6c5b7c6219622f0db2fb5f1329f395a81da7e76d4350b01bbb|2042bcc9163eda6c5b7c6219622f0db2fb5f1329f395a81da7e76d4350b01bbb|225_HF20_pre_execution_module3_boundary_diagnostic.sql,6363|2042bcc9163eda6c5b7c6219622f0db2fb5f1329f395a81da7e76d4350b01bbb|2042bcc9163eda6c5b7c6219622f0db2fb5f1329f395a81da7e76d4350b01bbb|225_HF20_pre_execution_module3_boundary_diagnostic.sql,PASS,BLOCKER,PASS,BLOCKER,02_EXECUTED_SOURCE_AUTHORITY/225_AUXILIARY/225_HF20_pre_execution_module3_boundary_diagnostic.sql,,Original independently recalculated control result retained.,
SRC-AUX-14,EXECUTED_SOURCE,HF23 compact 47-requirement diagnostic,224055|f7c6133133c3a3e77053f666cd72972d13470e2331e6fab54ec8230328606d2a|f7c6133133c3a3e77053f666cd72972d13470e2331e6fab54ec8230328606d2a|225_HF23_pre_execution_acceptance_requirement_diagnostic_compact.sql,224055|f7c6133133c3a3e77053f666cd72972d13470e2331e6fab54ec8230328606d2a|f7c6133133c3a3e77053f666cd72972d13470e2331e6fab54ec8230328606d2a|225_HF23_pre_execution_acceptance_requirement_diagnostic_compact.sql,PASS,BLOCKER,PASS,BLOCKER,02_EXECUTED_SOURCE_AUTHORITY/225_AUXILIARY/225_HF23_pre_execution_acceptance_requirement_diagnostic_compact.sql,,Original independently recalculated control result retained.,
SRC-AUX-15,EXECUTED_SOURCE,HF24 accepted-checkpoint verifier,161148|1600bff055b51b491105652d829415fbf65e03ab82ff0ff4b715e165b9f0d3c8|1600bff055b51b491105652d829415fbf65e03ab82ff0ff4b715e165b9f0d3c8|226_HF24_pre_execution_accepted_checkpoint_verification.sql,161148|1600bff055b51b491105652d829415fbf65e03ab82ff0ff4b715e165b9f0d3c8|1600bff055b51b491105652d829415fbf65e03ab82ff0ff4b715e165b9f0d3c8|226_HF24_pre_execution_accepted_checkpoint_verification.sql,PASS,BLOCKER,PASS,BLOCKER,02_EXECUTED_SOURCE_AUTHORITY/226_AUXILIARY/226_HF24_pre_execution_accepted_checkpoint_verification.sql,,Original independently recalculated control result retained.,
SRC-AUX-16,EXECUTED_SOURCE,HF25 accepted-checkpoint verifier used before final execution,161149|9307ac9e5075f03fefcadb7471032f493c249667d781040c0e85934a4e669b1c|9307ac9e5075f03fefcadb7471032f493c249667d781040c0e85934a4e669b1c|227_HF25_pre_execution_accepted_checkpoint_verification.sql,161149|9307ac9e5075f03fefcadb7471032f493c249667d781040c0e85934a4e669b1c|9307ac9e5075f03fefcadb7471032f493c249667d781040c0e85934a4e669b1c|227_HF25_pre_execution_accepted_checkpoint_verification.sql,PASS,BLOCKER,PASS,BLOCKER,02_EXECUTED_SOURCE_AUTHORITY/227_AUXILIARY/227_HF25_pre_execution_accepted_checkpoint_verification.sql,,Original independently recalculated control result retained.,
SRC-AUX-17,EXECUTED_SOURCE,HF27 application-summary diagnostic,8952|08089fc3a8c8a5f21d9bed9fcf12faffcde106828d6551f9961232aba79487c8|08089fc3a8c8a5f21d9bed9fcf12faffcde106828d6551f9961232aba79487c8|227_HF27_pre_execution_application_summary_diagnostic.sql,8952|08089fc3a8c8a5f21d9bed9fcf12faffcde106828d6551f9961232aba79487c8|08089fc3a8c8a5f21d9bed9fcf12faffcde106828d6551f9961232aba79487c8|227_HF27_pre_execution_application_summary_diagnostic.sql,PASS,BLOCKER,PASS,BLOCKER,02_EXECUTED_SOURCE_AUTHORITY/227_AUXILIARY/227_HF27_pre_execution_application_summary_diagnostic.sql,,Original independently recalculated control result retained.,
SRC-003,EXECUTED_SOURCE,Auxiliary source aggregate,17/17,17/17,PASS,BLOCKER,PASS,BLOCKER,00_START_HERE/M2_12_AUXILIARY_EXECUTION_SOURCE_IDENTITY.csv,,Original independently recalculated control result retained.,
SRC-004,EXECUTED_SOURCE,Direct SQL file classification,classified=26;total=26,26/26,PASS,BLOCKER,PASS,BLOCKER,02_EXECUTED_SOURCE_AUTHORITY,,Original independently recalculated control result retained.,
SRC-PKG-01,CONTINUATION_PACKAGE,Program 220 continuation/recovery package,598203|8ed3c2e7c15eeefdae1aa02b87bc07c2229e0325bc6f6b04c2646532b3a01b6a|155|PASS|contains_final=True,598203|8ed3c2e7c15eeefdae1aa02b87bc07c2229e0325bc6f6b04c2646532b3a01b6a|155|PASS|contains_final=True,PASS,BLOCKER,PASS,BLOCKER,02_EXECUTED_SOURCE_AUTHORITY/220_PACKAGE/M2_12_STANDALONE_READY_FOR_EXECUTION_R1_HF4.zip,,Original independently recalculated control result retained.,
SRC-PKG-02,CONTINUATION_PACKAGE,Program 221 continuation/recovery package,80843|7585f7c3244c5cce60527169fc8f67fbc1937e37524a5c1019e11db12395d898|34|PASS|contains_final=True,80843|7585f7c3244c5cce60527169fc8f67fbc1937e37524a5c1019e11db12395d898|34|PASS|contains_final=True,PASS,BLOCKER,PASS,BLOCKER,02_EXECUTED_SOURCE_AUTHORITY/221_PACKAGE/M2_12_LIVE_EXECUTION_CONTINUATION_AFTER_220_HF6.zip,,Original independently recalculated control result retained.,
SRC-PKG-03,CONTINUATION_PACKAGE,Program 222 continuation/recovery package,116275|93629a84144eb6cb83fc97a3d78dff817a704796c6e7080749ef36b3ef8fcbeb|30|PASS|contains_final=True,116275|93629a84144eb6cb83fc97a3d78dff817a704796c6e7080749ef36b3ef8fcbeb|30|PASS|contains_final=True,PASS,BLOCKER,PASS,BLOCKER,02_EXECUTED_SOURCE_AUTHORITY/222_PACKAGE/M2_12_LIVE_EXECUTION_CONTINUATION_AFTER_221_HF9.zip,,Original independently recalculated control result retained.,
SRC-PKG-04,CONTINUATION_PACKAGE,Program 222A continuation/recovery package,27258|881344ff7342efa33acc1977920ab719bff7d37a44c10a5a4704abadcdb19b70|19|PASS|contains_final=True,27258|881344ff7342efa33acc1977920ab719bff7d37a44c10a5a4704abadcdb19b70|19|PASS|contains_final=True,PASS,BLOCKER,PASS,BLOCKER,02_EXECUTED_SOURCE_AUTHORITY/222A_PACKAGE/M2_12_DIRECTED_RECOVERY_222A_R1.zip,,Original independently recalculated control result retained.,
SRC-PKG-05,CONTINUATION_PACKAGE,Program 223 continuation/recovery package,180858|57fdc4024c4b00c395f3fbcd7720046c0d9207ea95415ba6a02e2c418f573ad0|32|PASS|contains_final=True,180858|57fdc4024c4b00c395f3fbcd7720046c0d9207ea95415ba6a02e2c418f573ad0|32|PASS|contains_final=True,PASS,BLOCKER,PASS,BLOCKER,02_EXECUTED_SOURCE_AUTHORITY/223_PACKAGE/M2_12_LIVE_EXECUTION_CONTINUATION_AFTER_222_HF12.zip,,Original independently recalculated control result retained.,
SRC-PKG-06,CONTINUATION_PACKAGE,Program 224 continuation/recovery package,148619|fc3356842b527fe82863dcc8fccf877ecac5fbb1a76e017119ce322e7f878900|55|PASS|contains_final=True,148619|fc3356842b527fe82863dcc8fccf877ecac5fbb1a76e017119ce322e7f878900|55|PASS|contains_final=True,PASS,BLOCKER,PASS,BLOCKER,02_EXECUTED_SOURCE_AUTHORITY/224_PACKAGE/M2_12_LIVE_EXECUTION_CONTINUATION_AFTER_223_HF14.zip,,Original independently recalculated control result retained.,
SRC-PKG-07,CONTINUATION_PACKAGE,Program 225 continuation/recovery package,102991|2579bd71e83223c6bc3e3c13639e224d20578847280b015ecdc9be815e18839d|40|PASS|contains_final=True,102991|2579bd71e83223c6bc3e3c13639e224d20578847280b015ecdc9be815e18839d|40|PASS|contains_final=True,PASS,BLOCKER,PASS,BLOCKER,02_EXECUTED_SOURCE_AUTHORITY/225_PACKAGE/M2_12_LIVE_EXECUTION_CONTINUATION_AFTER_224_HF23.zip,,Original independently recalculated control result retained.,
SRC-PKG-08,CONTINUATION_PACKAGE,Program 226 continuation/recovery package,106073|1ceb958eecf590ce293a53f998aaea395934f85c01a563f33b1e1e26195ce113|32|PASS|contains_final=True,106073|1ceb958eecf590ce293a53f998aaea395934f85c01a563f33b1e1e26195ce113|32|PASS|contains_final=True,PASS,BLOCKER,PASS,BLOCKER,02_EXECUTED_SOURCE_AUTHORITY/226_PACKAGE/M2_12_LIVE_EXECUTION_CONTINUATION_AFTER_225_HF24.zip,,Original independently recalculated control result retained.,
SRC-PKG-09,CONTINUATION_PACKAGE,Program 227 continuation/recovery package,105188|992a76977cb5d96193657ee0f84985a6d5d0b275b27e0067bbe5143ff2f03774|42|PASS|contains_final=True,105188|992a76977cb5d96193657ee0f84985a6d5d0b275b27e0067bbe5143ff2f03774|42|PASS|contains_final=True,PASS,BLOCKER,PASS,BLOCKER,02_EXECUTED_SOURCE_AUTHORITY/227_PACKAGE/M2_12_LIVE_EXECUTION_CONTINUATION_AFTER_226_HF27.zip,,Original independently recalculated control result retained.,
SRC-005,CONTINUATION_PACKAGE,Continuation/recovery package aggregate,9/9,9/9,PASS,BLOCKER,PASS,BLOCKER,00_START_HERE/M2_12_CURRENT_CONTINUATION_PACKAGE_IDENTITY.csv,,Original independently recalculated control result retained.,
HIST-001,HISTORY,Validation-history sequence,rows=32;min=1;max=32;unique=32,32;1;32;32,PASS,BLOCKER,PASS,BLOCKER,06_AUDIT_LEDGERS/M2_12_VALIDATION_HISTORY.csv,,Original independently recalculated control result retained.,
HIST-002,HISTORY,Validation-history classifications,"{'SUPERSEDED': 20, 'EXECUTED_SUCCESS': 9, 'RECOVERY_REQUIRED': 1, 'RESOLVED_POST_SUBMISSION': 1, 'AUDIT_SUBMISSION_CURRENT': 1}","{'SUPERSEDED': 20, 'EXECUTED_SUCCESS': 9, 'RECOVERY_REQUIRED': 1, 'RESOLVED_POST_SUBMISSION': 1, 'AUDIT_SUBMISSION_CURRENT': 1}",PASS,BLOCKER,PASS,BLOCKER,06_AUDIT_LEDGERS/M2_12_VALIDATION_HISTORY.csv,,Original independently recalculated control result retained.,
HIST-003,HISTORY,Final executed revision map,"{'220': 'HF4', '221': 'HF6', '222': 'HF9', '222A': 'R1', '223': 'HF12', '224': 'HF14', '225': 'HF23', '226': 'HF24', '227': 'HF26'}","{'220': 'HF4', '221': 'HF6', '222': 'HF9', '222A': 'R1', '223': 'HF12', '224': 'HF14', '225': 'HF23', '226': 'HF24', '227': 'HF26'}",PASS,BLOCKER,PASS,BLOCKER,00_START_HERE/M2_12_CURRENT_EXECUTED_SOURCE_IDENTITY.csv,,Original independently recalculated control result retained.,
REC-001,RECOVERY_222A,Pre-recovery state matches decision authority,True,True,PASS,BLOCKER,PASS,BLOCKER,03_FINAL_RUNTIME_EVIDENCE/222/222A_pre_recovery_state_verification_results_20260811.csv,,Original independently recalculated control result retained.,
REC-002,RECOVERY_222A,Recovery result,True,True,PASS,BLOCKER,PASS,BLOCKER,03_FINAL_RUNTIME_EVIDENCE/222/222A_msbf_m2_12_failed_precommit_certification_generation_sequence_state_recovery_v1_results_20260811.csv,,Original independently recalculated control result retained.,
REC-003,RECOVERY_222A,Post-recovery pristine checkpoint,True,True,PASS,BLOCKER,PASS,BLOCKER,03_FINAL_RUNTIME_EVIDENCE/222/222A_post_recovery_state_verification_results_20260811.csv,,Original independently recalculated control result retained.,
REC-004,RECOVERY,Only Recovery 222A executed,['222A_msbf_m2_12_failed_precommit_certification_generation_sequence_state_recovery_v1_results_20260811.csv'],['222A_msbf_m2_12_failed_precommit_certification_generation_sequence_state_recovery_v1_results_20260811.csv'],PASS,BLOCKER,PASS,BLOCKER,03_FINAL_RUNTIME_EVIDENCE,,Original independently recalculated control result retained.,
CP-220,RUNTIME_CHECKPOINT,Program 220,PASS|M1_V0_2_BASELINE_BUILD|1|21|26|1|0|1|1|true|READY_FOR_PROGRAM_221,PASS|21|26|1|0|1|1|true|READY_FOR_PROGRAM_221,PASS,BLOCKER,PASS,BLOCKER,03_FINAL_RUNTIME_EVIDENCE/220/...HF4_results_20260810.csv,,Original independently recalculated control result retained.,
CP-221-NORM,RUNTIME_CHECKPOINT,Program 221 filename/content normalization,True,True,PASS,BLOCKER,PASS,BLOCKER,03_FINAL_RUNTIME_EVIDENCE/221/221_HF6_PRE_RERUN_FILENAME_NORMALIZATION.csv,,Original independently recalculated control result retained.,
CP-221-SG,RUNTIME_CHECKPOINT,Program 221 19-edge normalized source graph,rows=19;pass=19;unique=19,19|19|19,PASS,BLOCKER,PASS,BLOCKER,03_FINAL_RUNTIME_EVIDENCE/221/221_HF6_pre_rerun_source_graph_detail_NORMALIZED_20260811.csv,,Original independently recalculated control result retained.,
CP-221,RUNTIME_CHECKPOINT,Program 221,PASS|M1_V0_2_BASELINE_BUILD|1|M2_11_ACCEPTED|48|48|19|13|12|72|20|AUTHORIZED_TO_EXECUTE_PROGRAM_222,PASS|M2_11_ACCEPTED|48/48|19|13|12|72|20|AUTHORIZED,PASS,BLOCKER,PASS,BLOCKER,03_FINAL_RUNTIME_EVIDENCE/221,,Original independently recalculated control result retained.,
CP-222-PRE,RUNTIME_CHECKPOINT,Program 222 post-recovery pre-execution checkpoint,True,True,PASS,BLOCKER,PASS,BLOCKER,03_FINAL_RUNTIME_EVIDENCE/222/*pre_execution*,,Original independently recalculated control result retained.,
CP-222,RUNTIME_CHECKPOINT,Program 222,PASS|M2_12_GENERATED|GENERATED|9|134|24|1500|59|24|1|1|1|1|true;1|true;1|true|28d832719a63d5669a18016f15ba43fb|READY_FOR_PROGRAM_223,PASS|GENERATED|9|134|24|1500|59|24|identities=1|sequences=1|true|hash32,PASS,BLOCKER,PASS,BLOCKER,03_FINAL_RUNTIME_EVIDENCE/222/...HF9_results_20260811.csv,,Original independently recalculated control result retained.,
POS-001,PROGRAM_223,M2_12_POS_001_RUN_CONTEXT_EXACT,status=PASS;mismatch=0;source=True,PASS;0;True,PASS,BLOCKER,PASS,BLOCKER,03_FINAL_RUNTIME_EVIDENCE/223/...positive_results_20260811.csv,,Original independently recalculated control result retained.,
POS-002,PROGRAM_223,M2_12_POS_002_POLICY_IDENTITY_EXACT,status=PASS;mismatch=0;source=True,PASS;0;True,PASS,BLOCKER,PASS,BLOCKER,03_FINAL_RUNTIME_EVIDENCE/223/...positive_results_20260811.csv,,Original independently recalculated control result retained.,
POS-003,PROGRAM_223,M2_12_POS_003_ACCEPTED_M2_11_SOURCE_ANCHORS,status=PASS;mismatch=0;source=True,PASS;0;True,PASS,BLOCKER,PASS,BLOCKER,03_FINAL_RUNTIME_EVIDENCE/223/...positive_results_20260811.csv,,Original independently recalculated control result retained.,
POS-004,PROGRAM_223,M2_12_POS_004_POLICY_EXPECTED_COUNTS,status=PASS;mismatch=0;source=True,PASS;0;True,PASS,BLOCKER,PASS,BLOCKER,03_FINAL_RUNTIME_EVIDENCE/223/...positive_results_20260811.csv,,Original independently recalculated control result retained.,
POS-005,PROGRAM_223,M2_12_POS_005_POLICY_NONPRODUCTION_BOUNDARY,status=PASS;mismatch=0;source=True,PASS;0;True,PASS,BLOCKER,PASS,BLOCKER,03_FINAL_RUNTIME_EVIDENCE/223/...positive_results_20260811.csv,,Original independently recalculated control result retained.,
POS-006,PROGRAM_223,M2_12_POS_006_POLICY_CONFIGURATION_HASH,status=PASS;mismatch=0;source=True,PASS;0;True,PASS,BLOCKER,PASS,BLOCKER,03_FINAL_RUNTIME_EVIDENCE/223/...positive_results_20260811.csv,,Original independently recalculated control result retained.,
POS-007,PROGRAM_223,M2_12_POS_007_POLICY_ROW_HASH,status=PASS;mismatch=0;source=True,PASS;0;True,PASS,BLOCKER,PASS,BLOCKER,03_FINAL_RUNTIME_EVIDENCE/223/...positive_results_20260811.csv,,Original independently recalculated control result retained.,
POS-008,PROGRAM_223,M2_12_POS_008_G3_LATEST_IDENTITY,status=PASS;mismatch=0;source=True,PASS;0;True,PASS,BLOCKER,PASS,BLOCKER,03_FINAL_RUNTIME_EVIDENCE/223/...positive_results_20260811.csv,,Original independently recalculated control result retained.,
POS-009,PROGRAM_223,M2_12_POS_009_G3_ARCHIVE_IDENTITY_AND_GUARD,status=PASS;mismatch=0;source=True,PASS;0;True,PASS,BLOCKER,PASS,BLOCKER,03_FINAL_RUNTIME_EVIDENCE/223/...positive_results_20260811.csv,,Original independently recalculated control result retained.,
POS-010,PROGRAM_223,M2_12_POS_010_G3_REGISTRY_GENERATED_CHECKPOINT,status=PASS;mismatch=0;source=True,PASS;0;True,PASS,BLOCKER,PASS,BLOCKER,03_FINAL_RUNTIME_EVIDENCE/223/...positive_results_20260811.csv,,Original independently recalculated control result retained.,
POS-011,PROGRAM_223,M2_12_POS_011_NODE_01_M1_17_G2_FOUNDATION_CANONICAL,status=PASS;mismatch=0;source=True,PASS;0;True,PASS,BLOCKER,PASS,BLOCKER,03_FINAL_RUNTIME_EVIDENCE/223/...positive_results_20260811.csv,,Original independently recalculated control result retained.,
POS-012,PROGRAM_223,M2_12_POS_012_NODE_01_M1_17_G2_FOUNDATION_PHYSICAL_ACCEPTANCE,status=PASS;mismatch=0;source=True,PASS;0;True,PASS,BLOCKER,PASS,BLOCKER,03_FINAL_RUNTIME_EVIDENCE/223/...positive_results_20260811.csv,,Original independently recalculated control result retained.,
POS-013,PROGRAM_223,M2_12_POS_013_NODE_02_M2_1_ELIGIBILITY_ROUTING_CANONICAL,status=PASS;mismatch=0;source=True,PASS;0;True,PASS,BLOCKER,PASS,BLOCKER,03_FINAL_RUNTIME_EVIDENCE/223/...positive_results_20260811.csv,,Original independently recalculated control result retained.,
POS-014,PROGRAM_223,M2_12_POS_014_NODE_02_M2_1_ELIGIBILITY_ROUTING_PHYSICAL_ACCEPTANCE,status=PASS;mismatch=0;source=True,PASS;0;True,PASS,BLOCKER,PASS,BLOCKER,03_FINAL_RUNTIME_EVIDENCE/223/...positive_results_20260811.csv,,Original independently recalculated control result retained.,
POS-015,PROGRAM_223,M2_12_POS_015_NODE_03_M2_2_PRICING_STRUCTURE_CANONICAL,status=PASS;mismatch=0;source=True,PASS;0;True,PASS,BLOCKER,PASS,BLOCKER,03_FINAL_RUNTIME_EVIDENCE/223/...positive_results_20260811.csv,,Original independently recalculated control result retained.,
POS-016,PROGRAM_223,M2_12_POS_016_NODE_03_M2_2_PRICING_STRUCTURE_PHYSICAL_ACCEPTANCE,status=PASS;mismatch=0;source=True,PASS;0;True,PASS,BLOCKER,PASS,BLOCKER,03_FINAL_RUNTIME_EVIDENCE/223/...positive_results_20260811.csv,,Original independently recalculated control result retained.,
POS-017,PROGRAM_223,M2_12_POS_017_NODE_04_M2_3_FINAL_DECISION_CANONICAL,status=PASS;mismatch=0;source=True,PASS;0;True,PASS,BLOCKER,PASS,BLOCKER,03_FINAL_RUNTIME_EVIDENCE/223/...positive_results_20260811.csv,,Original independently recalculated control result retained.,
POS-018,PROGRAM_223,M2_12_POS_018_NODE_04_M2_3_FINAL_DECISION_PHYSICAL_ACCEPTANCE,status=PASS;mismatch=0;source=True,PASS;0;True,PASS,BLOCKER,PASS,BLOCKER,03_FINAL_RUNTIME_EVIDENCE/223/...positive_results_20260811.csv,,Original independently recalculated control result retained.,
POS-019,PROGRAM_223,M2_12_POS_019_NODE_05_M2_4_PORTFOLIO_ACTIVATION_CANONICAL,status=PASS;mismatch=0;source=True,PASS;0;True,PASS,BLOCKER,PASS,BLOCKER,03_FINAL_RUNTIME_EVIDENCE/223/...positive_results_20260811.csv,,Original independently recalculated control result retained.,
POS-020,PROGRAM_223,M2_12_POS_020_NODE_05_M2_4_PORTFOLIO_ACTIVATION_PHYSICAL_ACCEPTANCE,status=PASS;mismatch=0;source=True,PASS;0;True,PASS,BLOCKER,PASS,BLOCKER,03_FINAL_RUNTIME_EVIDENCE/223/...positive_results_20260811.csv,,Original independently recalculated control result retained.,
POS-021,PROGRAM_223,M2_12_POS_021_NODE_06_M2_5_DAILY_MONITORING_CANONICAL,status=PASS;mismatch=0;source=True,PASS;0;True,PASS,BLOCKER,PASS,BLOCKER,03_FINAL_RUNTIME_EVIDENCE/223/...positive_results_20260811.csv,,Original independently recalculated control result retained.,
POS-022,PROGRAM_223,M2_12_POS_022_NODE_06_M2_5_DAILY_MONITORING_PHYSICAL_ACCEPTANCE,status=PASS;mismatch=0;source=True,PASS;0;True,PASS,BLOCKER,PASS,BLOCKER,03_FINAL_RUNTIME_EVIDENCE/223/...positive_results_20260811.csv,,Original independently recalculated control result retained.,
POS-023,PROGRAM_223,M2_12_POS_023_NODE_07_M2_6_INTERVENTION_STRATEGY_CANONICAL,status=PASS;mismatch=0;source=True,PASS;0;True,PASS,BLOCKER,PASS,BLOCKER,03_FINAL_RUNTIME_EVIDENCE/223/...positive_results_20260811.csv,,Original independently recalculated control result retained.,
POS-024,PROGRAM_223,M2_12_POS_024_NODE_07_M2_6_INTERVENTION_STRATEGY_PHYSICAL_ACCEPTANCE,status=PASS;mismatch=0;source=True,PASS;0;True,PASS,BLOCKER,PASS,BLOCKER,03_FINAL_RUNTIME_EVIDENCE/223/...positive_results_20260811.csv,,Original independently recalculated control result retained.,
POS-025,PROGRAM_223,M2_12_POS_025_NODE_08_M2_7_OPERATIONAL_ACTIVATION_CANONICAL,status=PASS;mismatch=0;source=True,PASS;0;True,PASS,BLOCKER,PASS,BLOCKER,03_FINAL_RUNTIME_EVIDENCE/223/...positive_results_20260811.csv,,Original independently recalculated control result retained.,
POS-026,PROGRAM_223,M2_12_POS_026_NODE_08_M2_7_OPERATIONAL_ACTIVATION_PHYSICAL_ACCEPTANCE,status=PASS;mismatch=0;source=True,PASS;0;True,PASS,BLOCKER,PASS,BLOCKER,03_FINAL_RUNTIME_EVIDENCE/223/...positive_results_20260811.csv,,Original independently recalculated control result retained.,
POS-027,PROGRAM_223,M2_12_POS_027_NODE_09_M2_8_SERVICING_EXECUTION_CANONICAL,status=PASS;mismatch=0;source=True,PASS;0;True,PASS,BLOCKER,PASS,BLOCKER,03_FINAL_RUNTIME_EVIDENCE/223/...positive_results_20260811.csv,,Original independently recalculated control result retained.,
POS-028,PROGRAM_223,M2_12_POS_028_NODE_09_M2_8_SERVICING_EXECUTION_PHYSICAL_ACCEPTANCE,status=PASS;mismatch=0;source=True,PASS;0;True,PASS,BLOCKER,PASS,BLOCKER,03_FINAL_RUNTIME_EVIDENCE/223/...positive_results_20260811.csv,,Original independently recalculated control result retained.,
POS-029,PROGRAM_223,M2_12_POS_029_NODE_10_M2_9_RECONCILIATION_CERTIFICATION_CANONICAL,status=PASS;mismatch=0;source=True,PASS;0;True,PASS,BLOCKER,PASS,BLOCKER,03_FINAL_RUNTIME_EVIDENCE/223/...positive_results_20260811.csv,,Original independently recalculated control result retained.,
POS-030,PROGRAM_223,M2_12_POS_030_NODE_10_M2_9_RECONCILIATION_CERTIFICATION_PHYSICAL_ACCEPTANCE,status=PASS;mismatch=0;source=True,PASS;0;True,PASS,BLOCKER,PASS,BLOCKER,03_FINAL_RUNTIME_EVIDENCE/223/...positive_results_20260811.csv,,Original independently recalculated control result retained.,
POS-031,PROGRAM_223,M2_12_POS_031_NODE_11_M2_10_PORTFOLIO_ANALYTICS_CANONICAL,status=PASS;mismatch=0;source=True,PASS;0;True,PASS,BLOCKER,PASS,BLOCKER,03_FINAL_RUNTIME_EVIDENCE/223/...positive_results_20260811.csv,,Original independently recalculated control result retained.,
POS-032,PROGRAM_223,M2_12_POS_032_NODE_11_M2_10_PORTFOLIO_ANALYTICS_PHYSICAL_ACCEPTANCE,status=PASS;mismatch=0;source=True,PASS;0;True,PASS,BLOCKER,PASS,BLOCKER,03_FINAL_RUNTIME_EVIDENCE/223/...positive_results_20260811.csv,,Original independently recalculated control result retained.,
POS-033,PROGRAM_223,M2_12_POS_033_NODE_12_M2_11_STRATEGY_SIMULATION_CANONICAL,status=PASS;mismatch=0;source=True,PASS;0;True,PASS,BLOCKER,PASS,BLOCKER,03_FINAL_RUNTIME_EVIDENCE/223/...positive_results_20260811.csv,,Original independently recalculated control result retained.,
POS-034,PROGRAM_223,M2_12_POS_034_NODE_12_M2_11_STRATEGY_SIMULATION_PHYSICAL_ACCEPTANCE,status=PASS;mismatch=0;source=True,PASS;0;True,PASS,BLOCKER,PASS,BLOCKER,03_FINAL_RUNTIME_EVIDENCE/223/...positive_results_20260811.csv,,Original independently recalculated control result retained.,
POS-035,PROGRAM_223,M2_12_POS_035_COMPONENT_01_M1_G2_CONSUMPTION_BUNDLE_IDENTITY,status=PASS;mismatch=0;source=True,PASS;0;True,PASS,BLOCKER,PASS,BLOCKER,03_FINAL_RUNTIME_EVIDENCE/223/...positive_results_20260811.csv,,Original independently recalculated control result retained.,
POS-036,PROGRAM_223,M2_12_POS_036_COMPONENT_01_M1_G2_CONSUMPTION_BUNDLE_LINEAGE,status=PASS;mismatch=0;source=True,PASS;0;True,PASS,BLOCKER,PASS,BLOCKER,03_FINAL_RUNTIME_EVIDENCE/223/...positive_results_20260811.csv,,Original independently recalculated control result retained.,
POS-037,PROGRAM_223,M2_12_POS_037_COMPONENT_02_M2_ELIGIBILITY_ROUTING_CONSUMPTION_IDENTITY,status=PASS;mismatch=0;source=True,PASS;0;True,PASS,BLOCKER,PASS,BLOCKER,03_FINAL_RUNTIME_EVIDENCE/223/...positive_results_20260811.csv,,Original independently recalculated control result retained.,
POS-038,PROGRAM_223,M2_12_POS_038_COMPONENT_02_M2_ELIGIBILITY_ROUTING_CONSUMPTION_LINEAGE,status=PASS;mismatch=0;source=True,PASS;0;True,PASS,BLOCKER,PASS,BLOCKER,03_FINAL_RUNTIME_EVIDENCE/223/...positive_results_20260811.csv,,Original independently recalculated control result retained.,
POS-039,PROGRAM_223,M2_12_POS_039_COMPONENT_03_M2_REQUEST_STRUCTURE_CONSUMPTION_IDENTITY,status=PASS;mismatch=0;source=True,PASS;0;True,PASS,BLOCKER,PASS,BLOCKER,03_FINAL_RUNTIME_EVIDENCE/223/...positive_results_20260811.csv,,Original independently recalculated control result retained.,
POS-040,PROGRAM_223,M2_12_POS_040_COMPONENT_03_M2_REQUEST_STRUCTURE_CONSUMPTION_LINEAGE,status=PASS;mismatch=0;source=True,PASS;0;True,PASS,BLOCKER,PASS,BLOCKER,03_FINAL_RUNTIME_EVIDENCE/223/...positive_results_20260811.csv,,Original independently recalculated control result retained.,
POS-041,PROGRAM_223,M2_12_POS_041_COMPONENT_04_M2_PRICING_STRUCTURE_CONSUMPTION_IDENTITY,status=PASS;mismatch=0;source=True,PASS;0;True,PASS,BLOCKER,PASS,BLOCKER,03_FINAL_RUNTIME_EVIDENCE/223/...positive_results_20260811.csv,,Original independently recalculated control result retained.,
POS-042,PROGRAM_223,M2_12_POS_042_COMPONENT_04_M2_PRICING_STRUCTURE_CONSUMPTION_LINEAGE,status=PASS;mismatch=0;source=True,PASS;0;True,PASS,BLOCKER,PASS,BLOCKER,03_FINAL_RUNTIME_EVIDENCE/223/...positive_results_20260811.csv,,Original independently recalculated control result retained.,
POS-043,PROGRAM_223,M2_12_POS_043_COMPONENT_05_M2_FINAL_OFFER_DECISION_CONSUMPTION_IDENTITY,status=PASS;mismatch=0;source=True,PASS;0;True,PASS,BLOCKER,PASS,BLOCKER,03_FINAL_RUNTIME_EVIDENCE/223/...positive_results_20260811.csv,,Original independently recalculated control result retained.,
POS-044,PROGRAM_223,M2_12_POS_044_COMPONENT_05_M2_FINAL_OFFER_DECISION_CONSUMPTION_LINEAGE,status=PASS;mismatch=0;source=True,PASS;0;True,PASS,BLOCKER,PASS,BLOCKER,03_FINAL_RUNTIME_EVIDENCE/223/...positive_results_20260811.csv,,Original independently recalculated control result retained.,
POS-045,PROGRAM_223,M2_12_POS_045_COMPONENT_06_M2_PORTFOLIO_ACTIVATION_CONSUMPTION_IDENTITY,status=PASS;mismatch=0;source=True,PASS;0;True,PASS,BLOCKER,PASS,BLOCKER,03_FINAL_RUNTIME_EVIDENCE/223/...positive_results_20260811.csv,,Original independently recalculated control result retained.,
POS-046,PROGRAM_223,M2_12_POS_046_COMPONENT_06_M2_PORTFOLIO_ACTIVATION_CONSUMPTION_LINEAGE,status=PASS;mismatch=0;source=True,PASS;0;True,PASS,BLOCKER,PASS,BLOCKER,03_FINAL_RUNTIME_EVIDENCE/223/...positive_results_20260811.csv,,Original independently recalculated control result retained.,
POS-047,PROGRAM_223,M2_12_POS_047_COMPONENT_07_M2_DAILY_REMITTANCE_EXPOSURE_MONITORING_CONSUMPTION_IDENTITY,status=PASS;mismatch=0;source=True,PASS;0;True,PASS,BLOCKER,PASS,BLOCKER,03_FINAL_RUNTIME_EVIDENCE/223/...positive_results_20260811.csv,,Original independently recalculated control result retained.,
POS-048,PROGRAM_223,M2_12_POS_048_COMPONENT_07_M2_DAILY_REMITTANCE_EXPOSURE_MONITORING_CONSUMPTION_LINEAGE,status=PASS;mismatch=0;source=True,PASS;0;True,PASS,BLOCKER,PASS,BLOCKER,03_FINAL_RUNTIME_EVIDENCE/223/...positive_results_20260811.csv,,Original independently recalculated control result retained.,
POS-049,PROGRAM_223,M2_12_POS_049_COMPONENT_08_M2_EARLY_WARNING_INTERVENTION_SERVICING_STRATEGY_CONSUMPTION_IDENTITY,status=PASS;mismatch=0;source=True,PASS;0;True,PASS,BLOCKER,PASS,BLOCKER,03_FINAL_RUNTIME_EVIDENCE/223/...positive_results_20260811.csv,,Original independently recalculated control result retained.,
POS-050,PROGRAM_223,M2_12_POS_050_COMPONENT_08_M2_EARLY_WARNING_INTERVENTION_SERVICING_STRATEGY_CONSUMPTION_LINEAGE,status=PASS;mismatch=0;source=True,PASS;0;True,PASS,BLOCKER,PASS,BLOCKER,03_FINAL_RUNTIME_EVIDENCE/223/...positive_results_20260811.csv,,Original independently recalculated control result retained.,
POS-051,PROGRAM_223,M2_12_POS_051_COMPONENT_09_M2_OPERATIONAL_ACTIVATION_ACCOUNT_SETUP_CONSUMPTION_IDENTITY,status=PASS;mismatch=0;source=True,PASS;0;True,PASS,BLOCKER,PASS,BLOCKER,03_FINAL_RUNTIME_EVIDENCE/223/...positive_results_20260811.csv,,Original independently recalculated control result retained.,
POS-052,PROGRAM_223,M2_12_POS_052_COMPONENT_09_M2_OPERATIONAL_ACTIVATION_ACCOUNT_SETUP_CONSUMPTION_LINEAGE,status=PASS;mismatch=0;source=True,PASS;0;True,PASS,BLOCKER,PASS,BLOCKER,03_FINAL_RUNTIME_EVIDENCE/223/...positive_results_20260811.csv,,Original independently recalculated control result retained.,
POS-053,PROGRAM_223,M2_12_POS_053_COMPONENT_10_M2_SERVICING_EXECUTION_PAYMENT_LIFECYCLE_CONSUMPTION_IDENTITY,status=PASS;mismatch=0;source=True,PASS;0;True,PASS,BLOCKER,PASS,BLOCKER,03_FINAL_RUNTIME_EVIDENCE/223/...positive_results_20260811.csv,,Original independently recalculated control result retained.,
POS-054,PROGRAM_223,M2_12_POS_054_COMPONENT_10_M2_SERVICING_EXECUTION_PAYMENT_LIFECYCLE_CONSUMPTION_LINEAGE,status=PASS;mismatch=0;source=True,PASS;0;True,PASS,BLOCKER,PASS,BLOCKER,03_FINAL_RUNTIME_EVIDENCE/223/...positive_results_20260811.csv,,Original independently recalculated control result retained.,
POS-055,PROGRAM_223,M2_12_POS_055_COMPONENT_11_M2_PAYMENT_RECONCILIATION_ACCOUNT_CERTIFICATION_CONSUMPTION_IDENTITY,status=PASS;mismatch=0;source=True,PASS;0;True,PASS,BLOCKER,PASS,BLOCKER,03_FINAL_RUNTIME_EVIDENCE/223/...positive_results_20260811.csv,,Original independently recalculated control result retained.,
POS-056,PROGRAM_223,M2_12_POS_056_COMPONENT_11_M2_PAYMENT_RECONCILIATION_ACCOUNT_CERTIFICATION_CONSUMPTION_LINEAGE,status=PASS;mismatch=0;source=True,PASS;0;True,PASS,BLOCKER,PASS,BLOCKER,03_FINAL_RUNTIME_EVIDENCE/223/...positive_results_20260811.csv,,Original independently recalculated control result retained.,
POS-057,PROGRAM_223,M2_12_POS_057_COMPONENT_12_M2_PORTFOLIO_PERFORMANCE_KPI_SERVICING_ANALYTICS_CONSUMPTION_IDENTITY,status=PASS;mismatch=0;source=True,PASS;0;True,PASS,BLOCKER,PASS,BLOCKER,03_FINAL_RUNTIME_EVIDENCE/223/...positive_results_20260811.csv,,Original independently recalculated control result retained.,
POS-058,PROGRAM_223,M2_12_POS_058_COMPONENT_12_M2_PORTFOLIO_PERFORMANCE_KPI_SERVICING_ANALYTICS_CONSUMPTION_LINEAGE,status=PASS;mismatch=0;source=True,PASS;0;True,PASS,BLOCKER,PASS,BLOCKER,03_FINAL_RUNTIME_EVIDENCE/223/...positive_results_20260811.csv,,Original independently recalculated control result retained.,
POS-059,PROGRAM_223,M2_12_POS_059_COMPONENT_13_M2_PORTFOLIO_OPTIMIZATION_STRATEGY_SIMULATION_CONSUMPTION_IDENTITY,status=PASS;mismatch=0;source=True,PASS;0;True,PASS,BLOCKER,PASS,BLOCKER,03_FINAL_RUNTIME_EVIDENCE/223/...positive_results_20260811.csv,,Original independently recalculated control result retained.,
POS-060,PROGRAM_223,M2_12_POS_060_COMPONENT_13_M2_PORTFOLIO_OPTIMIZATION_STRATEGY_SIMULATION_CONSUMPTION_LINEAGE,status=PASS;mismatch=0;source=True,PASS;0;True,PASS,BLOCKER,PASS,BLOCKER,03_FINAL_RUNTIME_EVIDENCE/223/...positive_results_20260811.csv,,Original independently recalculated control result retained.,
POS-061,PROGRAM_223,M2_12_POS_061_NODE_01_M1_17_G2_FOUNDATION_EVIDENCE_MATRIX,status=PASS;mismatch=0;source=True,PASS;0;True,PASS,BLOCKER,PASS,BLOCKER,03_FINAL_RUNTIME_EVIDENCE/223/...positive_results_20260811.csv,,Original independently recalculated control result retained.,
POS-062,PROGRAM_223,M2_12_POS_062_NODE_02_M2_1_ELIGIBILITY_ROUTING_EVIDENCE_MATRIX,status=PASS;mismatch=0;source=True,PASS;0;True,PASS,BLOCKER,PASS,BLOCKER,03_FINAL_RUNTIME_EVIDENCE/223/...positive_results_20260811.csv,,Original independently recalculated control result retained.,
POS-063,PROGRAM_223,M2_12_POS_063_NODE_03_M2_2_PRICING_STRUCTURE_EVIDENCE_MATRIX,status=PASS;mismatch=0;source=True,PASS;0;True,PASS,BLOCKER,PASS,BLOCKER,03_FINAL_RUNTIME_EVIDENCE/223/...positive_results_20260811.csv,,Original independently recalculated control result retained.,
POS-064,PROGRAM_223,M2_12_POS_064_NODE_04_M2_3_FINAL_DECISION_EVIDENCE_MATRIX,status=PASS;mismatch=0;source=True,PASS;0;True,PASS,BLOCKER,PASS,BLOCKER,03_FINAL_RUNTIME_EVIDENCE/223/...positive_results_20260811.csv,,Original independently recalculated control result retained.,
POS-065,PROGRAM_223,M2_12_POS_065_NODE_05_M2_4_PORTFOLIO_ACTIVATION_EVIDENCE_MATRIX,status=PASS;mismatch=0;source=True,PASS;0;True,PASS,BLOCKER,PASS,BLOCKER,03_FINAL_RUNTIME_EVIDENCE/223/...positive_results_20260811.csv,,Original independently recalculated control result retained.,
POS-066,PROGRAM_223,M2_12_POS_066_NODE_06_M2_5_DAILY_MONITORING_EVIDENCE_MATRIX,status=PASS;mismatch=0;source=True,PASS;0;True,PASS,BLOCKER,PASS,BLOCKER,03_FINAL_RUNTIME_EVIDENCE/223/...positive_results_20260811.csv,,Original independently recalculated control result retained.,
POS-067,PROGRAM_223,M2_12_POS_067_NODE_07_M2_6_INTERVENTION_STRATEGY_EVIDENCE_MATRIX,status=PASS;mismatch=0;source=True,PASS;0;True,PASS,BLOCKER,PASS,BLOCKER,03_FINAL_RUNTIME_EVIDENCE/223/...positive_results_20260811.csv,,Original independently recalculated control result retained.,
POS-068,PROGRAM_223,M2_12_POS_068_NODE_08_M2_7_OPERATIONAL_ACTIVATION_EVIDENCE_MATRIX,status=PASS;mismatch=0;source=True,PASS;0;True,PASS,BLOCKER,PASS,BLOCKER,03_FINAL_RUNTIME_EVIDENCE/223/...positive_results_20260811.csv,,Original independently recalculated control result retained.,
POS-069,PROGRAM_223,M2_12_POS_069_NODE_09_M2_8_SERVICING_EXECUTION_EVIDENCE_MATRIX,status=PASS;mismatch=0;source=True,PASS;0;True,PASS,BLOCKER,PASS,BLOCKER,03_FINAL_RUNTIME_EVIDENCE/223/...positive_results_20260811.csv,,Original independently recalculated control result retained.,
POS-070,PROGRAM_223,M2_12_POS_070_NODE_10_M2_9_RECONCILIATION_CERTIFICATION_EVIDENCE_MATRIX,status=PASS;mismatch=0;source=True,PASS;0;True,PASS,BLOCKER,PASS,BLOCKER,03_FINAL_RUNTIME_EVIDENCE/223/...positive_results_20260811.csv,,Original independently recalculated control result retained.,
POS-071,PROGRAM_223,M2_12_POS_071_NODE_11_M2_10_PORTFOLIO_ANALYTICS_EVIDENCE_MATRIX,status=PASS;mismatch=0;source=True,PASS;0;True,PASS,BLOCKER,PASS,BLOCKER,03_FINAL_RUNTIME_EVIDENCE/223/...positive_results_20260811.csv,,Original independently recalculated control result retained.,
POS-072,PROGRAM_223,M2_12_POS_072_NODE_12_M2_11_STRATEGY_SIMULATION_EVIDENCE_MATRIX,status=PASS;mismatch=0;source=True,PASS;0;True,PASS,BLOCKER,PASS,BLOCKER,03_FINAL_RUNTIME_EVIDENCE/223/...positive_results_20260811.csv,,Original independently recalculated control result retained.,
POS-073,PROGRAM_223,M2_12_POS_073_COMPONENT_01_M1_G2_CONSUMPTION_BUNDLE_PHYSICAL_REPRODUCTION,status=PASS;mismatch=0;source=True,PASS;0;True,PASS,BLOCKER,PASS,BLOCKER,03_FINAL_RUNTIME_EVIDENCE/223/...positive_results_20260811.csv,,Original independently recalculated control result retained.,
POS-074,PROGRAM_223,M2_12_POS_074_COMPONENT_02_M2_ELIGIBILITY_ROUTING_CONSUMPTION_PHYSICAL_REPRODUCTION,status=PASS;mismatch=0;source=True,PASS;0;True,PASS,BLOCKER,PASS,BLOCKER,03_FINAL_RUNTIME_EVIDENCE/223/...positive_results_20260811.csv,,Original independently recalculated control result retained.,
POS-075,PROGRAM_223,M2_12_POS_075_COMPONENT_03_M2_REQUEST_STRUCTURE_CONSUMPTION_PHYSICAL_REPRODUCTION,status=PASS;mismatch=0;source=True,PASS;0;True,PASS,BLOCKER,PASS,BLOCKER,03_FINAL_RUNTIME_EVIDENCE/223/...positive_results_20260811.csv,,Original independently recalculated control result retained.,
POS-076,PROGRAM_223,M2_12_POS_076_COMPONENT_04_M2_PRICING_STRUCTURE_CONSUMPTION_PHYSICAL_REPRODUCTION,status=PASS;mismatch=0;source=True,PASS;0;True,PASS,BLOCKER,PASS,BLOCKER,03_FINAL_RUNTIME_EVIDENCE/223/...positive_results_20260811.csv,,Original independently recalculated control result retained.,
POS-077,PROGRAM_223,M2_12_POS_077_COMPONENT_05_M2_FINAL_OFFER_DECISION_CONSUMPTION_PHYSICAL_REPRODUCTION,status=PASS;mismatch=0;source=True,PASS;0;True,PASS,BLOCKER,PASS,BLOCKER,03_FINAL_RUNTIME_EVIDENCE/223/...positive_results_20260811.csv,,Original independently recalculated control result retained.,
POS-078,PROGRAM_223,M2_12_POS_078_COMPONENT_06_M2_PORTFOLIO_ACTIVATION_CONSUMPTION_PHYSICAL_REPRODUCTION,status=PASS;mismatch=0;source=True,PASS;0;True,PASS,BLOCKER,PASS,BLOCKER,03_FINAL_RUNTIME_EVIDENCE/223/...positive_results_20260811.csv,,Original independently recalculated control result retained.,
POS-079,PROGRAM_223,M2_12_POS_079_COMPONENT_07_M2_DAILY_REMITTANCE_EXPOSURE_MONITORING_CONSUMPTION_PHYSICAL_REPRODUCTION,status=PASS;mismatch=0;source=True,PASS;0;True,PASS,BLOCKER,PASS,BLOCKER,03_FINAL_RUNTIME_EVIDENCE/223/...positive_results_20260811.csv,,Original independently recalculated control result retained.,
POS-080,PROGRAM_223,M2_12_POS_080_COMPONENT_08_M2_EARLY_WARNING_INTERVENTION_SERVICING_STRATEGY_CONSUMPTION_PHYSICAL_REPRODUCTION,status=PASS;mismatch=0;source=True,PASS;0;True,PASS,BLOCKER,PASS,BLOCKER,03_FINAL_RUNTIME_EVIDENCE/223/...positive_results_20260811.csv,,Original independently recalculated control result retained.,
POS-081,PROGRAM_223,M2_12_POS_081_COMPONENT_09_M2_OPERATIONAL_ACTIVATION_ACCOUNT_SETUP_CONSUMPTION_PHYSICAL_REPRODUCTION,status=PASS;mismatch=0;source=True,PASS;0;True,PASS,BLOCKER,PASS,BLOCKER,03_FINAL_RUNTIME_EVIDENCE/223/...positive_results_20260811.csv,,Original independently recalculated control result retained.,
POS-082,PROGRAM_223,M2_12_POS_082_COMPONENT_10_M2_SERVICING_EXECUTION_PAYMENT_LIFECYCLE_CONSUMPTION_PHYSICAL_REPRODUCTION,status=PASS;mismatch=0;source=True,PASS;0;True,PASS,BLOCKER,PASS,BLOCKER,03_FINAL_RUNTIME_EVIDENCE/223/...positive_results_20260811.csv,,Original independently recalculated control result retained.,
POS-083,PROGRAM_223,M2_12_POS_083_COMPONENT_11_M2_PAYMENT_RECONCILIATION_ACCOUNT_CERTIFICATION_CONSUMPTION_PHYSICAL_REPRODUCTION,status=PASS;mismatch=0;source=True,PASS;0;True,PASS,BLOCKER,PASS,BLOCKER,03_FINAL_RUNTIME_EVIDENCE/223/...positive_results_20260811.csv,,Original independently recalculated control result retained.,
POS-084,PROGRAM_223,M2_12_POS_084_COMPONENT_12_M2_PORTFOLIO_PERFORMANCE_KPI_SERVICING_ANALYTICS_CONSUMPTION_PHYSICAL_REPRODUCTION,status=PASS;mismatch=0;source=True,PASS;0;True,PASS,BLOCKER,PASS,BLOCKER,03_FINAL_RUNTIME_EVIDENCE/223/...positive_results_20260811.csv,,Original independently recalculated control result retained.,
POS-085,PROGRAM_223,M2_12_POS_085_COMPONENT_13_M2_PORTFOLIO_OPTIMIZATION_STRATEGY_SIMULATION_CONSUMPTION_PHYSICAL_REPRODUCTION,status=PASS;mismatch=0;source=True,PASS;0;True,PASS,BLOCKER,PASS,BLOCKER,03_FINAL_RUNTIME_EVIDENCE/223/...positive_results_20260811.csv,,Original independently recalculated control result retained.,
POS-086,PROGRAM_223,M2_12_POS_086_NODE_01_M1_17_G2_FOUNDATION_PHYSICAL_EDGES,status=PASS;mismatch=0;source=True,PASS;0;True,PASS,BLOCKER,PASS,BLOCKER,03_FINAL_RUNTIME_EVIDENCE/223/...positive_results_20260811.csv,,Original independently recalculated control result retained.,
POS-087,PROGRAM_223,M2_12_POS_087_NODE_02_M2_1_ELIGIBILITY_ROUTING_PHYSICAL_EDGES,status=PASS;mismatch=0;source=True,PASS;0;True,PASS,BLOCKER,PASS,BLOCKER,03_FINAL_RUNTIME_EVIDENCE/223/...positive_results_20260811.csv,,Original independently recalculated control result retained.,
POS-088,PROGRAM_223,M2_12_POS_088_NODE_03_M2_2_PRICING_STRUCTURE_PHYSICAL_EDGES,status=PASS;mismatch=0;source=True,PASS;0;True,PASS,BLOCKER,PASS,BLOCKER,03_FINAL_RUNTIME_EVIDENCE/223/...positive_results_20260811.csv,,Original independently recalculated control result retained.,
POS-089,PROGRAM_223,M2_12_POS_089_NODE_04_M2_3_FINAL_DECISION_PHYSICAL_EDGES,status=PASS;mismatch=0;source=True,PASS;0;True,PASS,BLOCKER,PASS,BLOCKER,03_FINAL_RUNTIME_EVIDENCE/223/...positive_results_20260811.csv,,Original independently recalculated control result retained.,
POS-090,PROGRAM_223,M2_12_POS_090_NODE_05_M2_4_PORTFOLIO_ACTIVATION_PHYSICAL_EDGES,status=PASS;mismatch=0;source=True,PASS;0;True,PASS,BLOCKER,PASS,BLOCKER,03_FINAL_RUNTIME_EVIDENCE/223/...positive_results_20260811.csv,,Original independently recalculated control result retained.,
POS-091,PROGRAM_223,M2_12_POS_091_NODE_06_M2_5_DAILY_MONITORING_PHYSICAL_EDGES,status=PASS;mismatch=0;source=True,PASS;0;True,PASS,BLOCKER,PASS,BLOCKER,03_FINAL_RUNTIME_EVIDENCE/223/...positive_results_20260811.csv,,Original independently recalculated control result retained.,
POS-092,PROGRAM_223,M2_12_POS_092_NODE_07_M2_6_INTERVENTION_STRATEGY_PHYSICAL_EDGES,status=PASS;mismatch=0;source=True,PASS;0;True,PASS,BLOCKER,PASS,BLOCKER,03_FINAL_RUNTIME_EVIDENCE/223/...positive_results_20260811.csv,,Original independently recalculated control result retained.,
POS-093,PROGRAM_223,M2_12_POS_093_NODE_08_M2_7_OPERATIONAL_ACTIVATION_PHYSICAL_EDGES,status=PASS;mismatch=0;source=True,PASS;0;True,PASS,BLOCKER,PASS,BLOCKER,03_FINAL_RUNTIME_EVIDENCE/223/...positive_results_20260811.csv,,Original independently recalculated control result retained.,
POS-094,PROGRAM_223,M2_12_POS_094_NODE_09_M2_8_SERVICING_EXECUTION_PHYSICAL_EDGES,status=PASS;mismatch=0;source=True,PASS;0;True,PASS,BLOCKER,PASS,BLOCKER,03_FINAL_RUNTIME_EVIDENCE/223/...positive_results_20260811.csv,,Original independently recalculated control result retained.,
POS-095,PROGRAM_223,M2_12_POS_095_NODE_10_M2_9_RECONCILIATION_CERTIFICATION_PHYSICAL_EDGES,status=PASS;mismatch=0;source=True,PASS;0;True,PASS,BLOCKER,PASS,BLOCKER,03_FINAL_RUNTIME_EVIDENCE/223/...positive_results_20260811.csv,,Original independently recalculated control result retained.,
POS-096,PROGRAM_223,M2_12_POS_096_NODE_11_M2_10_PORTFOLIO_ANALYTICS_PHYSICAL_EDGES,status=PASS;mismatch=0;source=True,PASS;0;True,PASS,BLOCKER,PASS,BLOCKER,03_FINAL_RUNTIME_EVIDENCE/223/...positive_results_20260811.csv,,Original independently recalculated control result retained.,
POS-097,PROGRAM_223,M2_12_POS_097_NODE_12_M2_11_STRATEGY_SIMULATION_PHYSICAL_EDGES,status=PASS;mismatch=0;source=True,PASS;0;True,PASS,BLOCKER,PASS,BLOCKER,03_FINAL_RUNTIME_EVIDENCE/223/...positive_results_20260811.csv,,Original independently recalculated control result retained.,
POS-098,PROGRAM_223,M2_12_POS_098_APPLICATION_VIEW_GRAIN,status=PASS;mismatch=0;source=True,PASS;0;True,PASS,BLOCKER,PASS,BLOCKER,03_FINAL_RUNTIME_EVIDENCE/223/...positive_results_20260811.csv,,Original independently recalculated control result retained.,
POS-099,PROGRAM_223,M2_12_POS_099_APPLICATION_VIEW_BASE_PARITY,status=PASS;mismatch=0;source=True,PASS;0;True,PASS,BLOCKER,PASS,BLOCKER,03_FINAL_RUNTIME_EVIDENCE/223/...positive_results_20260811.csv,,Original independently recalculated control result retained.,
POS-100,PROGRAM_223,M2_12_POS_100_OPERATIONAL_VIEW_GRAIN,status=PASS;mismatch=0;source=True,PASS;0;True,PASS,BLOCKER,PASS,BLOCKER,03_FINAL_RUNTIME_EVIDENCE/223/...positive_results_20260811.csv,,Original independently recalculated control result retained.,
POS-101,PROGRAM_223,M2_12_POS_101_OPERATIONAL_VIEW_LINEAGE_COMPLETENESS,status=PASS;mismatch=0;source=True,PASS;0;True,PASS,BLOCKER,PASS,BLOCKER,03_FINAL_RUNTIME_EVIDENCE/223/...positive_results_20260811.csv,,Original independently recalculated control result retained.,
POS-102,PROGRAM_223,M2_12_POS_102_STRATEGY_VIEW_GRAIN,status=PASS;mismatch=0;source=True,PASS;0;True,PASS,BLOCKER,PASS,BLOCKER,03_FINAL_RUNTIME_EVIDENCE/223/...positive_results_20260811.csv,,Original independently recalculated control result retained.,
POS-103,PROGRAM_223,M2_12_POS_103_STRATEGY_VIEW_G3_LINKAGE,status=PASS;mismatch=0;source=True,PASS;0;True,PASS,BLOCKER,PASS,BLOCKER,03_FINAL_RUNTIME_EVIDENCE/223/...positive_results_20260811.csv,,Original independently recalculated control result retained.,
POS-104,PROGRAM_223,M2_12_POS_104_STAGE_LINEAGE_VIEW,status=PASS;mismatch=0;source=True,PASS;0;True,PASS,BLOCKER,PASS,BLOCKER,03_FINAL_RUNTIME_EVIDENCE/223/...positive_results_20260811.csv,,Original independently recalculated control result retained.,
POS-105,PROGRAM_223,M2_12_POS_105_COMPONENT_LINEAGE_VIEW,status=PASS;mismatch=0;source=True,PASS;0;True,PASS,BLOCKER,PASS,BLOCKER,03_FINAL_RUNTIME_EVIDENCE/223/...positive_results_20260811.csv,,Original independently recalculated control result retained.,
POS-106,PROGRAM_223,M2_12_POS_106_G3_LINEAGE_VIEW,status=PASS;mismatch=0;source=True,PASS;0;True,PASS,BLOCKER,PASS,BLOCKER,03_FINAL_RUNTIME_EVIDENCE/223/...positive_results_20260811.csv,,Original independently recalculated control result retained.,
POS-107,PROGRAM_223,M2_12_POS_107_POWER_BI_VIEW_PARITY,status=PASS;mismatch=0;source=True,PASS;0;True,PASS,BLOCKER,PASS,BLOCKER,03_FINAL_RUNTIME_EVIDENCE/223/...positive_results_20260811.csv,,Original independently recalculated control result retained.,
POS-108,PROGRAM_223,M2_12_POS_108_VIEW_CATALOG_SCHEMA,status=PASS;mismatch=0;source=True,PASS;0;True,PASS,BLOCKER,PASS,BLOCKER,03_FINAL_RUNTIME_EVIDENCE/223/...positive_results_20260811.csv,,Original independently recalculated control result retained.,
POS-109,PROGRAM_223,M2_12_POS_109_ALL_INTERFACE_CARDINALITIES_AND_RUN_SCOPE,status=PASS;mismatch=0;source=True,PASS;0;True,PASS,BLOCKER,PASS,BLOCKER,03_FINAL_RUNTIME_EVIDENCE/223/...positive_results_20260811.csv,,Original independently recalculated control result retained.,
POS-110,PROGRAM_223,M2_12_POS_110_ACCEPTED_M2_11_REGISTRY_ANCHORS,status=PASS;mismatch=0;source=True,PASS;0;True,PASS,BLOCKER,PASS,BLOCKER,03_FINAL_RUNTIME_EVIDENCE/223/...positive_results_20260811.csv,,Original independently recalculated control result retained.,
POS-111,PROGRAM_223,M2_12_POS_111_STRATEGY_SCOPE_EXACT_DISTRIBUTION,status=PASS;mismatch=0;source=True,PASS;0;True,PASS,BLOCKER,PASS,BLOCKER,03_FINAL_RUNTIME_EVIDENCE/223/...positive_results_20260811.csv,,Original independently recalculated control result retained.,
POS-112,PROGRAM_223,M2_12_POS_112_PRIMARY_GOVERNANCE_REVIEW_EXACT,status=PASS;mismatch=0;source=True,PASS;0;True,PASS,BLOCKER,PASS,BLOCKER,03_FINAL_RUNTIME_EVIDENCE/223/...positive_results_20260811.csv,,Original independently recalculated control result retained.,
POS-113,PROGRAM_223,M2_12_POS_113_FRONTIER_COUNTS_EXACT,status=PASS;mismatch=0;source=True,PASS;0;True,PASS,BLOCKER,PASS,BLOCKER,03_FINAL_RUNTIME_EVIDENCE/223/...positive_results_20260811.csv,,Original independently recalculated control result retained.,
POS-114,PROGRAM_223,M2_12_POS_114_STRESS_AND_IMPROVEMENT_GUARDS,status=PASS;mismatch=0;source=True,PASS;0;True,PASS,BLOCKER,PASS,BLOCKER,03_FINAL_RUNTIME_EVIDENCE/223/...positive_results_20260811.csv,,Original independently recalculated control result retained.,
POS-115,PROGRAM_223,M2_12_POS_115_GOVERNANCE_ONLY_NO_DEPLOYMENT,status=PASS;mismatch=0;source=True,PASS;0;True,PASS,BLOCKER,PASS,BLOCKER,03_FINAL_RUNTIME_EVIDENCE/223/...positive_results_20260811.csv,,Original independently recalculated control result retained.,
POS-116,PROGRAM_223,M2_12_POS_116_FIVE_DIRECT_SOURCE_EDGES,status=PASS;mismatch=0;source=True,PASS;0;True,PASS,BLOCKER,PASS,BLOCKER,03_FINAL_RUNTIME_EVIDENCE/223/...positive_results_20260811.csv,,Original independently recalculated control result retained.,
POS-117,PROGRAM_223,M2_12_POS_117_CAPABILITY_CATALOG_EXACT,status=PASS;mismatch=0;source=True,PASS;0;True,PASS,BLOCKER,PASS,BLOCKER,03_FINAL_RUNTIME_EVIDENCE/223/...positive_results_20260811.csv,,Original independently recalculated control result retained.,
POS-118,PROGRAM_223,M2_12_POS_118_CAPABILITY_STATUS_DISTRIBUTION,status=PASS;mismatch=0;source=True,PASS;0;True,PASS,BLOCKER,PASS,BLOCKER,03_FINAL_RUNTIME_EVIDENCE/223/...positive_results_20260811.csv,,Original independently recalculated control result retained.,
POS-119,PROGRAM_223,M2_12_POS_119_IMPLEMENTED_CAPABILITIES_STAGE_BOUND,status=PASS;mismatch=0;source=True,PASS;0;True,PASS,BLOCKER,PASS,BLOCKER,03_FINAL_RUNTIME_EVIDENCE/223/...positive_results_20260811.csv,,Original independently recalculated control result retained.,
POS-120,PROGRAM_223,M2_12_POS_120_DEFERRED_PROHIBITED_CAPABILITIES_EXACT,status=PASS;mismatch=0;source=True,PASS;0;True,PASS,BLOCKER,PASS,BLOCKER,03_FINAL_RUNTIME_EVIDENCE/223/...positive_results_20260811.csv,,Original independently recalculated control result retained.,
POS-121,PROGRAM_223,M2_12_POS_121_CAPABILITY_FLAGS_ALL_FALSE,status=PASS;mismatch=0;source=True,PASS;0;True,PASS,BLOCKER,PASS,BLOCKER,03_FINAL_RUNTIME_EVIDENCE/223/...positive_results_20260811.csv,,Original independently recalculated control result retained.,
POS-122,PROGRAM_223,M2_12_POS_122_POLICY_LATEST_REGISTRY_BOUNDARY_COHERENCE,status=PASS;mismatch=0;source=True,PASS;0;True,PASS,BLOCKER,PASS,BLOCKER,03_FINAL_RUNTIME_EVIDENCE/223/...positive_results_20260811.csv,,Original independently recalculated control result retained.,
POS-123,PROGRAM_223,M2_12_POS_123_NINE_FAMILY_COUNTS_AND_ROW_HASHES,status=PASS;mismatch=0;source=True,PASS;0;True,PASS,BLOCKER,PASS,BLOCKER,03_FINAL_RUNTIME_EVIDENCE/223/...positive_results_20260811.csv,,Original independently recalculated control result retained.,
POS-124,PROGRAM_223,M2_12_POS_124_NINE_FAMILY_SET_HASHES,status=PASS;mismatch=0;source=True,PASS;0;True,PASS,BLOCKER,PASS,BLOCKER,03_FINAL_RUNTIME_EVIDENCE/223/...positive_results_20260811.csv,,Original independently recalculated control result retained.,
POS-125,PROGRAM_223,M2_12_POS_125_CONTRACT_AND_COMBINED_HASH_CHAIN,status=PASS;mismatch=0;source=True,PASS;0;True,PASS,BLOCKER,PASS,BLOCKER,03_FINAL_RUNTIME_EVIDENCE/223/...positive_results_20260811.csv,,Original independently recalculated control result retained.,
POS-126,PROGRAM_223,M2_12_POS_126_ACCEPTED_SOURCE_HASH_CHAIN,status=PASS;mismatch=0;source=True,PASS;0;True,PASS,BLOCKER,PASS,BLOCKER,03_FINAL_RUNTIME_EVIDENCE/223/...positive_results_20260811.csv,,Original independently recalculated control result retained.,
POS-127,PROGRAM_223,M2_12_POS_127_OWNED_SEQUENCE_STATES,status=PASS;mismatch=0;source=True,PASS;0;True,PASS,BLOCKER,PASS,BLOCKER,03_FINAL_RUNTIME_EVIDENCE/223/...positive_results_20260811.csv,,Original independently recalculated control result retained.,
POS-128,PROGRAM_223,M2_12_POS_128_FULL_RECONCILIATION_AND_GENERATION_EVIDENCE,status=PASS;mismatch=0;source=True,PASS;0;True,PASS,BLOCKER,PASS,BLOCKER,03_FINAL_RUNTIME_EVIDENCE/223/...positive_results_20260811.csv,,Original independently recalculated control result retained.,
CP-223-FAMILY,RUNTIME_CHECKPOINT,Program 223 canonical-family reconstruction,rows=9;pass=9;row_mismatch=0;set_mismatch=0,9|9|0|0,PASS,BLOCKER,PASS,BLOCKER,03_FINAL_RUNTIME_EVIDENCE/223/223_HF12_pre_execution_canonical_family_detail_20260811.csv,,Original independently recalculated control result retained.,
CP-223-GEN,RUNTIME_CHECKPOINT,Program 223 generation-evidence reconstruction,rows=24;pass=24;mismatch=0,24|24|0,PASS,BLOCKER,PASS,BLOCKER,03_FINAL_RUNTIME_EVIDENCE/223/223_HF12_pre_execution_generation_evidence_detail_20260811.csv,,Original independently recalculated control result retained.,
CP-223,RUNTIME_CHECKPOINT,Program 223,"controls=128;pass=128;persistence={'run_id': '1', 'run_status': 'M2_12_VALIDATED', 'contract_status': 'VALIDATED', 'positive_pass': '128', 'positive_codes': '128', 'negative_rows': '0', 'acceptance_rows': '0', 'gate_rows': '0', 'hash_compare_rows': '1', 'hash_exact_rows': '1', 'persistence_status': 'PASS'}",128/128;M2_12_VALIDATED/VALIDATED;no downstream evidence;hash exact,PASS,BLOCKER,PASS,BLOCKER,03_FINAL_RUNTIME_EVIDENCE/223,,Original independently recalculated control result retained.,
NEG-001,PROGRAM_224,M2_12_NEG_001_SOURCE_REGISTRY_HASH_TAMPER,status=PASS;isolation=PASS;sqlstate=P0001;fingerprints=True,PASS;PASS;expected SQLSTATE;fingerprints unchanged,PASS,BLOCKER,PASS,BLOCKER,03_FINAL_RUNTIME_EVIDENCE/224/...HF14_results_20260811.csv,,Original independently recalculated control result retained.,
NEG-002,PROGRAM_224,M2_12_NEG_002_MISSING_ACCEPTED_STAGE_GATE,status=PASS;isolation=PASS;sqlstate=P0001;fingerprints=True,PASS;PASS;expected SQLSTATE;fingerprints unchanged,PASS,BLOCKER,PASS,BLOCKER,03_FINAL_RUNTIME_EVIDENCE/224/...HF14_results_20260811.csv,,Original independently recalculated control result retained.,
NEG-003,PROGRAM_224,M2_12_NEG_003_STAGE_STATUS_NOT_ACCEPTED,status=PASS;isolation=PASS;sqlstate=P0001;fingerprints=True,PASS;PASS;expected SQLSTATE;fingerprints unchanged,PASS,BLOCKER,PASS,BLOCKER,03_FINAL_RUNTIME_EVIDENCE/224/...HF14_results_20260811.csv,,Original independently recalculated control result retained.,
NEG-004,PROGRAM_224,M2_12_NEG_004_LINEAR_CHAIN_HASH_BREAK,status=PASS;isolation=PASS;sqlstate=P0001;fingerprints=True,PASS;PASS;expected SQLSTATE;fingerprints unchanged,PASS,BLOCKER,PASS,BLOCKER,03_FINAL_RUNTIME_EVIDENCE/224/...HF14_results_20260811.csv,,Original independently recalculated control result retained.,
NEG-005,PROGRAM_224,M2_12_NEG_005_M2_11_MULTISOURCE_HASH_BREAK,status=PASS;isolation=PASS;sqlstate=P0001;fingerprints=True,PASS;PASS;expected SQLSTATE;fingerprints unchanged,PASS,BLOCKER,PASS,BLOCKER,03_FINAL_RUNTIME_EVIDENCE/224/...HF14_results_20260811.csv,,Original independently recalculated control result retained.,
NEG-006,PROGRAM_224,M2_12_NEG_006_COMPONENT_COUNT_MISMATCH,status=PASS;isolation=PASS;sqlstate=P0001;fingerprints=True,PASS;PASS;expected SQLSTATE;fingerprints unchanged,PASS,BLOCKER,PASS,BLOCKER,03_FINAL_RUNTIME_EVIDENCE/224/...HF14_results_20260811.csv,,Original independently recalculated control result retained.,
NEG-007,PROGRAM_224,M2_12_NEG_007_LATEST_ARCHIVE_PAYLOAD_MISMATCH,status=PASS;isolation=PASS;sqlstate=P0001;fingerprints=True,PASS;PASS;expected SQLSTATE;fingerprints unchanged,PASS,BLOCKER,PASS,BLOCKER,03_FINAL_RUNTIME_EVIDENCE/224/...HF14_results_20260811.csv,,Original independently recalculated control result retained.,
NEG-008,PROGRAM_224,M2_12_NEG_008_ARCHIVE_UPDATE,status=PASS;isolation=PASS;sqlstate=P0001;fingerprints=True,PASS;PASS;expected SQLSTATE;fingerprints unchanged,PASS,BLOCKER,PASS,BLOCKER,03_FINAL_RUNTIME_EVIDENCE/224/...HF14_results_20260811.csv,,Original independently recalculated control result retained.,
NEG-009,PROGRAM_224,M2_12_NEG_009_ARCHIVE_DELETE,status=PASS;isolation=PASS;sqlstate=P0001;fingerprints=True,PASS;PASS;expected SQLSTATE;fingerprints unchanged,PASS,BLOCKER,PASS,BLOCKER,03_FINAL_RUNTIME_EVIDENCE/224/...HF14_results_20260811.csv,,Original independently recalculated control result retained.,
NEG-010,PROGRAM_224,M2_12_NEG_010_DUPLICATE_STAGE_CERTIFICATION_KEY,status=PASS;isolation=PASS;sqlstate=23505;fingerprints=True,PASS;PASS;expected SQLSTATE;fingerprints unchanged,PASS,BLOCKER,PASS,BLOCKER,03_FINAL_RUNTIME_EVIDENCE/224/...HF14_results_20260811.csv,,Original independently recalculated control result retained.,
NEG-011,PROGRAM_224,M2_12_NEG_011_DUPLICATE_COMPONENT_CONTRACT_KEY,status=PASS;isolation=PASS;sqlstate=23505;fingerprints=True,PASS;PASS;expected SQLSTATE;fingerprints unchanged,PASS,BLOCKER,PASS,BLOCKER,03_FINAL_RUNTIME_EVIDENCE/224/...HF14_results_20260811.csv,,Original independently recalculated control result retained.,
NEG-012,PROGRAM_224,M2_12_NEG_012_EVIDENCE_CERTIFICATION_DEFICIENCY,status=PASS;isolation=PASS;sqlstate=P0001;fingerprints=True,PASS;PASS;expected SQLSTATE;fingerprints unchanged,PASS,BLOCKER,PASS,BLOCKER,03_FINAL_RUNTIME_EVIDENCE/224/...HF14_results_20260811.csv,,Original independently recalculated control result retained.,
NEG-013,PROGRAM_224,M2_12_NEG_013_CANONICAL_COUNT_OR_SET_HASH_MISMATCH,status=PASS;isolation=PASS;sqlstate=P0001;fingerprints=True,PASS;PASS;expected SQLSTATE;fingerprints unchanged,PASS,BLOCKER,PASS,BLOCKER,03_FINAL_RUNTIME_EVIDENCE/224/...HF14_results_20260811.csv,,Original independently recalculated control result retained.,
NEG-014,PROGRAM_224,M2_12_NEG_014_CONTRACT_VERSION_1_RERUN,status=PASS;isolation=PASS;sqlstate=P0001;fingerprints=True,PASS;PASS;expected SQLSTATE;fingerprints unchanged,PASS,BLOCKER,PASS,BLOCKER,03_FINAL_RUNTIME_EVIDENCE/224/...HF14_results_20260811.csv,,Original independently recalculated control result retained.,
NEG-015,PROGRAM_224,M2_12_NEG_015_APPLICATION_VIEW_GRAIN_MULTIPLICATION,status=PASS;isolation=PASS;sqlstate=P0001;fingerprints=True,PASS;PASS;expected SQLSTATE;fingerprints unchanged,PASS,BLOCKER,PASS,BLOCKER,03_FINAL_RUNTIME_EVIDENCE/224/...HF14_results_20260811.csv,,Original independently recalculated control result retained.,
NEG-016,PROGRAM_224,M2_12_NEG_016_OPERATIONAL_VIEW_ORPHAN_OR_DUPLICATE,status=PASS;isolation=PASS;sqlstate=P0001;fingerprints=True,PASS;PASS;expected SQLSTATE;fingerprints unchanged,PASS,BLOCKER,PASS,BLOCKER,03_FINAL_RUNTIME_EVIDENCE/224/...HF14_results_20260811.csv,,Original independently recalculated control result retained.,
NEG-017,PROGRAM_224,M2_12_NEG_017_STRATEGY_VIEW_GRAIN_CORRUPTION,status=PASS;isolation=PASS;sqlstate=P0001;fingerprints=True,PASS;PASS;expected SQLSTATE;fingerprints unchanged,PASS,BLOCKER,PASS,BLOCKER,03_FINAL_RUNTIME_EVIDENCE/224/...HF14_results_20260811.csv,,Original independently recalculated control result retained.,
NEG-018,PROGRAM_224,M2_12_NEG_018_CAPABILITY_OVERCLAIM,status=PASS;isolation=PASS;sqlstate=23514;fingerprints=True,PASS;PASS;expected SQLSTATE;fingerprints unchanged,PASS,BLOCKER,PASS,BLOCKER,03_FINAL_RUNTIME_EVIDENCE/224/...HF14_results_20260811.csv,,Original independently recalculated control result retained.,
NEG-019,PROGRAM_224,M2_12_NEG_019_PROHIBITED_PRODUCTION_OR_EXTERNAL_ACTION,status=PASS;isolation=PASS;sqlstate=23514;fingerprints=True,PASS;PASS;expected SQLSTATE;fingerprints unchanged,PASS,BLOCKER,PASS,BLOCKER,03_FINAL_RUNTIME_EVIDENCE/224/...HF14_results_20260811.csv,,Original independently recalculated control result retained.,
NEG-020,PROGRAM_224,M2_12_NEG_020_PREMATURE_MODULE3_OR_UNAUTHORIZED_SOURCE,status=PASS;isolation=PASS;sqlstate=P0001;fingerprints=True,PASS;PASS;expected SQLSTATE;fingerprints unchanged,PASS,BLOCKER,PASS,BLOCKER,03_FINAL_RUNTIME_EVIDENCE/224/...HF14_results_20260811.csv,,Original independently recalculated control result retained.,
CP-224,RUNTIME_CHECKPOINT,Program 224,"controls=20;failures=[];persistence={'module1_run_id': '1', 'run_status': 'M2_12_VALIDATED', 'contract_status': 'VALIDATED', 'positive_total_rows': '128', 'positive_rows': '128', 'positive_codes': '128', 'negative_total_rows': '20', 'negative_rows': '20', 'negative_codes': '20', 'acceptance_rows': '0', 'gate_rows': '0', 'exact_flag': 'true', 'persistence_status': 'PASS'}",20/20 isolated PASS;validated lifecycle unchanged;128/20 evidence,PASS,BLOCKER,PASS,BLOCKER,03_FINAL_RUNTIME_EVIDENCE/224,,Original independently recalculated control result retained.,
ACC-001,PROGRAM_225,M2_12_ACC_001,status=PASS;failure=;source=True,PASS;blank;True,PASS,BLOCKER,PASS,BLOCKER,03_FINAL_RUNTIME_EVIDENCE/225/225_HF23_pre_execution_acceptance_requirement_detail_20260811.csv,,Original independently recalculated control result retained.,
ACC-002,PROGRAM_225,M2_12_ACC_002,status=PASS;failure=;source=True,PASS;blank;True,PASS,BLOCKER,PASS,BLOCKER,03_FINAL_RUNTIME_EVIDENCE/225/225_HF23_pre_execution_acceptance_requirement_detail_20260811.csv,,Original independently recalculated control result retained.,
ACC-003,PROGRAM_225,M2_12_ACC_003,status=PASS;failure=;source=True,PASS;blank;True,PASS,BLOCKER,PASS,BLOCKER,03_FINAL_RUNTIME_EVIDENCE/225/225_HF23_pre_execution_acceptance_requirement_detail_20260811.csv,,Original independently recalculated control result retained.,
ACC-004,PROGRAM_225,M2_12_ACC_004,status=PASS;failure=;source=True,PASS;blank;True,PASS,BLOCKER,PASS,BLOCKER,03_FINAL_RUNTIME_EVIDENCE/225/225_HF23_pre_execution_acceptance_requirement_detail_20260811.csv,,Original independently recalculated control result retained.,
ACC-005,PROGRAM_225,M2_12_ACC_005,status=PASS;failure=;source=True,PASS;blank;True,PASS,BLOCKER,PASS,BLOCKER,03_FINAL_RUNTIME_EVIDENCE/225/225_HF23_pre_execution_acceptance_requirement_detail_20260811.csv,,Original independently recalculated control result retained.,
ACC-006,PROGRAM_225,M2_12_ACC_006,status=PASS;failure=;source=True,PASS;blank;True,PASS,BLOCKER,PASS,BLOCKER,03_FINAL_RUNTIME_EVIDENCE/225/225_HF23_pre_execution_acceptance_requirement_detail_20260811.csv,,Original independently recalculated control result retained.,
ACC-007,PROGRAM_225,M2_12_ACC_007,status=PASS;failure=;source=True,PASS;blank;True,PASS,BLOCKER,PASS,BLOCKER,03_FINAL_RUNTIME_EVIDENCE/225/225_HF23_pre_execution_acceptance_requirement_detail_20260811.csv,,Original independently recalculated control result retained.,
ACC-008,PROGRAM_225,M2_12_ACC_008,status=PASS;failure=;source=True,PASS;blank;True,PASS,BLOCKER,PASS,BLOCKER,03_FINAL_RUNTIME_EVIDENCE/225/225_HF23_pre_execution_acceptance_requirement_detail_20260811.csv,,Original independently recalculated control result retained.,
ACC-009,PROGRAM_225,M2_12_ACC_009,status=PASS;failure=;source=True,PASS;blank;True,PASS,BLOCKER,PASS,BLOCKER,03_FINAL_RUNTIME_EVIDENCE/225/225_HF23_pre_execution_acceptance_requirement_detail_20260811.csv,,Original independently recalculated control result retained.,
ACC-010,PROGRAM_225,M2_12_ACC_010,status=PASS;failure=;source=True,PASS;blank;True,PASS,BLOCKER,PASS,BLOCKER,03_FINAL_RUNTIME_EVIDENCE/225/225_HF23_pre_execution_acceptance_requirement_detail_20260811.csv,,Original independently recalculated control result retained.,
ACC-011,PROGRAM_225,M2_12_ACC_011,status=PASS;failure=;source=True,PASS;blank;True,PASS,BLOCKER,PASS,BLOCKER,03_FINAL_RUNTIME_EVIDENCE/225/225_HF23_pre_execution_acceptance_requirement_detail_20260811.csv,,Original independently recalculated control result retained.,
ACC-012,PROGRAM_225,M2_12_ACC_012,status=PASS;failure=;source=True,PASS;blank;True,PASS,BLOCKER,PASS,BLOCKER,03_FINAL_RUNTIME_EVIDENCE/225/225_HF23_pre_execution_acceptance_requirement_detail_20260811.csv,,Original independently recalculated control result retained.,
ACC-013,PROGRAM_225,M2_12_ACC_013,status=PASS;failure=;source=True,PASS;blank;True,PASS,BLOCKER,PASS,BLOCKER,03_FINAL_RUNTIME_EVIDENCE/225/225_HF23_pre_execution_acceptance_requirement_detail_20260811.csv,,Original independently recalculated control result retained.,
ACC-014,PROGRAM_225,M2_12_ACC_014,status=PASS;failure=;source=True,PASS;blank;True,PASS,BLOCKER,PASS,BLOCKER,03_FINAL_RUNTIME_EVIDENCE/225/225_HF23_pre_execution_acceptance_requirement_detail_20260811.csv,,Original independently recalculated control result retained.,
ACC-015,PROGRAM_225,M2_12_ACC_015,status=PASS;failure=;source=True,PASS;blank;True,PASS,BLOCKER,PASS,BLOCKER,03_FINAL_RUNTIME_EVIDENCE/225/225_HF23_pre_execution_acceptance_requirement_detail_20260811.csv,,Original independently recalculated control result retained.,
ACC-016,PROGRAM_225,M2_12_ACC_016,status=PASS;failure=;source=True,PASS;blank;True,PASS,BLOCKER,PASS,BLOCKER,03_FINAL_RUNTIME_EVIDENCE/225/225_HF23_pre_execution_acceptance_requirement_detail_20260811.csv,,Original independently recalculated control result retained.,
ACC-017,PROGRAM_225,M2_12_ACC_017,status=PASS;failure=;source=True,PASS;blank;True,PASS,BLOCKER,PASS,BLOCKER,03_FINAL_RUNTIME_EVIDENCE/225/225_HF23_pre_execution_acceptance_requirement_detail_20260811.csv,,Original independently recalculated control result retained.,
ACC-018,PROGRAM_225,M2_12_ACC_018,status=PASS;failure=;source=True,PASS;blank;True,PASS,BLOCKER,PASS,BLOCKER,03_FINAL_RUNTIME_EVIDENCE/225/225_HF23_pre_execution_acceptance_requirement_detail_20260811.csv,,Original independently recalculated control result retained.,
ACC-019,PROGRAM_225,M2_12_ACC_019,status=PASS;failure=;source=True,PASS;blank;True,PASS,BLOCKER,PASS,BLOCKER,03_FINAL_RUNTIME_EVIDENCE/225/225_HF23_pre_execution_acceptance_requirement_detail_20260811.csv,,Original independently recalculated control result retained.,
ACC-020,PROGRAM_225,M2_12_ACC_020,status=PASS;failure=;source=True,PASS;blank;True,PASS,BLOCKER,PASS,BLOCKER,03_FINAL_RUNTIME_EVIDENCE/225/225_HF23_pre_execution_acceptance_requirement_detail_20260811.csv,,Original independently recalculated control result retained.,
ACC-021,PROGRAM_225,M2_12_ACC_021,status=PASS;failure=;source=True,PASS;blank;True,PASS,BLOCKER,PASS,BLOCKER,03_FINAL_RUNTIME_EVIDENCE/225/225_HF23_pre_execution_acceptance_requirement_detail_20260811.csv,,Original independently recalculated control result retained.,
ACC-022,PROGRAM_225,M2_12_ACC_022,status=PASS;failure=;source=True,PASS;blank;True,PASS,BLOCKER,PASS,BLOCKER,03_FINAL_RUNTIME_EVIDENCE/225/225_HF23_pre_execution_acceptance_requirement_detail_20260811.csv,,Original independently recalculated control result retained.,
ACC-023,PROGRAM_225,M2_12_ACC_023,status=PASS;failure=;source=True,PASS;blank;True,PASS,BLOCKER,PASS,BLOCKER,03_FINAL_RUNTIME_EVIDENCE/225/225_HF23_pre_execution_acceptance_requirement_detail_20260811.csv,,Original independently recalculated control result retained.,
ACC-024,PROGRAM_225,M2_12_ACC_024,status=PASS;failure=;source=True,PASS;blank;True,PASS,BLOCKER,PASS,BLOCKER,03_FINAL_RUNTIME_EVIDENCE/225/225_HF23_pre_execution_acceptance_requirement_detail_20260811.csv,,Original independently recalculated control result retained.,
ACC-025,PROGRAM_225,M2_12_ACC_025,status=PASS;failure=;source=True,PASS;blank;True,PASS,BLOCKER,PASS,BLOCKER,03_FINAL_RUNTIME_EVIDENCE/225/225_HF23_pre_execution_acceptance_requirement_detail_20260811.csv,,Original independently recalculated control result retained.,
ACC-026,PROGRAM_225,M2_12_ACC_026,status=PASS;failure=;source=True,PASS;blank;True,PASS,BLOCKER,PASS,BLOCKER,03_FINAL_RUNTIME_EVIDENCE/225/225_HF23_pre_execution_acceptance_requirement_detail_20260811.csv,,Original independently recalculated control result retained.,
ACC-027,PROGRAM_225,M2_12_ACC_027,status=PASS;failure=;source=True,PASS;blank;True,PASS,BLOCKER,PASS,BLOCKER,03_FINAL_RUNTIME_EVIDENCE/225/225_HF23_pre_execution_acceptance_requirement_detail_20260811.csv,,Original independently recalculated control result retained.,
ACC-028,PROGRAM_225,M2_12_ACC_028,status=PASS;failure=;source=True,PASS;blank;True,PASS,BLOCKER,PASS,BLOCKER,03_FINAL_RUNTIME_EVIDENCE/225/225_HF23_pre_execution_acceptance_requirement_detail_20260811.csv,,Original independently recalculated control result retained.,
ACC-029,PROGRAM_225,M2_12_ACC_029,status=PASS;failure=;source=True,PASS;blank;True,PASS,BLOCKER,PASS,BLOCKER,03_FINAL_RUNTIME_EVIDENCE/225/225_HF23_pre_execution_acceptance_requirement_detail_20260811.csv,,Original independently recalculated control result retained.,
ACC-030,PROGRAM_225,M2_12_ACC_030,status=PASS;failure=;source=True,PASS;blank;True,PASS,BLOCKER,PASS,BLOCKER,03_FINAL_RUNTIME_EVIDENCE/225/225_HF23_pre_execution_acceptance_requirement_detail_20260811.csv,,Original independently recalculated control result retained.,
ACC-031,PROGRAM_225,M2_12_ACC_031,status=PASS;failure=;source=True,PASS;blank;True,PASS,BLOCKER,PASS,BLOCKER,03_FINAL_RUNTIME_EVIDENCE/225/225_HF23_pre_execution_acceptance_requirement_detail_20260811.csv,,Original independently recalculated control result retained.,
ACC-032,PROGRAM_225,M2_12_ACC_032,status=PASS;failure=;source=True,PASS;blank;True,PASS,BLOCKER,PASS,BLOCKER,03_FINAL_RUNTIME_EVIDENCE/225/225_HF23_pre_execution_acceptance_requirement_detail_20260811.csv,,Original independently recalculated control result retained.,
ACC-033,PROGRAM_225,M2_12_ACC_033,status=PASS;failure=;source=True,PASS;blank;True,PASS,BLOCKER,PASS,BLOCKER,03_FINAL_RUNTIME_EVIDENCE/225/225_HF23_pre_execution_acceptance_requirement_detail_20260811.csv,,Original independently recalculated control result retained.,
ACC-034,PROGRAM_225,M2_12_ACC_034,status=PASS;failure=;source=True,PASS;blank;True,PASS,BLOCKER,PASS,BLOCKER,03_FINAL_RUNTIME_EVIDENCE/225/225_HF23_pre_execution_acceptance_requirement_detail_20260811.csv,,Original independently recalculated control result retained.,
ACC-035,PROGRAM_225,M2_12_ACC_035,status=PASS;failure=;source=True,PASS;blank;True,PASS,BLOCKER,PASS,BLOCKER,03_FINAL_RUNTIME_EVIDENCE/225/225_HF23_pre_execution_acceptance_requirement_detail_20260811.csv,,Original independently recalculated control result retained.,
ACC-036,PROGRAM_225,M2_12_ACC_036,status=PASS;failure=;source=True,PASS;blank;True,PASS,BLOCKER,PASS,BLOCKER,03_FINAL_RUNTIME_EVIDENCE/225/225_HF23_pre_execution_acceptance_requirement_detail_20260811.csv,,Original independently recalculated control result retained.,
ACC-037,PROGRAM_225,M2_12_ACC_037,status=PASS;failure=;source=True,PASS;blank;True,PASS,BLOCKER,PASS,BLOCKER,03_FINAL_RUNTIME_EVIDENCE/225/225_HF23_pre_execution_acceptance_requirement_detail_20260811.csv,,Original independently recalculated control result retained.,
ACC-038,PROGRAM_225,M2_12_ACC_038,status=PASS;failure=;source=True,PASS;blank;True,PASS,BLOCKER,PASS,BLOCKER,03_FINAL_RUNTIME_EVIDENCE/225/225_HF23_pre_execution_acceptance_requirement_detail_20260811.csv,,Original independently recalculated control result retained.,
ACC-039,PROGRAM_225,M2_12_ACC_039,status=PASS;failure=;source=True,PASS;blank;True,PASS,BLOCKER,PASS,BLOCKER,03_FINAL_RUNTIME_EVIDENCE/225/225_HF23_pre_execution_acceptance_requirement_detail_20260811.csv,,Original independently recalculated control result retained.,
ACC-040,PROGRAM_225,M2_12_ACC_040,status=PASS;failure=;source=True,PASS;blank;True,PASS,BLOCKER,PASS,BLOCKER,03_FINAL_RUNTIME_EVIDENCE/225/225_HF23_pre_execution_acceptance_requirement_detail_20260811.csv,,Original independently recalculated control result retained.,
ACC-041,PROGRAM_225,M2_12_ACC_041,status=PASS;failure=;source=True,PASS;blank;True,PASS,BLOCKER,PASS,BLOCKER,03_FINAL_RUNTIME_EVIDENCE/225/225_HF23_pre_execution_acceptance_requirement_detail_20260811.csv,,Original independently recalculated control result retained.,
ACC-042,PROGRAM_225,M2_12_ACC_042,status=PASS;failure=;source=True,PASS;blank;True,PASS,BLOCKER,PASS,BLOCKER,03_FINAL_RUNTIME_EVIDENCE/225/225_HF23_pre_execution_acceptance_requirement_detail_20260811.csv,,Original independently recalculated control result retained.,
ACC-043,PROGRAM_225,M2_12_ACC_043,status=PASS;failure=;source=True,PASS;blank;True,PASS,BLOCKER,PASS,BLOCKER,03_FINAL_RUNTIME_EVIDENCE/225/225_HF23_pre_execution_acceptance_requirement_detail_20260811.csv,,Original independently recalculated control result retained.,
ACC-044,PROGRAM_225,M2_12_ACC_044,status=PASS;failure=;source=True,PASS;blank;True,PASS,BLOCKER,PASS,BLOCKER,03_FINAL_RUNTIME_EVIDENCE/225/225_HF23_pre_execution_acceptance_requirement_detail_20260811.csv,,Original independently recalculated control result retained.,
ACC-045,PROGRAM_225,M2_12_ACC_045,status=PASS;failure=;source=True,PASS;blank;True,PASS,BLOCKER,PASS,BLOCKER,03_FINAL_RUNTIME_EVIDENCE/225/225_HF23_pre_execution_acceptance_requirement_detail_20260811.csv,,Original independently recalculated control result retained.,
ACC-046,PROGRAM_225,M2_12_ACC_046,status=PASS;failure=;source=True,PASS;blank;True,PASS,BLOCKER,PASS,BLOCKER,03_FINAL_RUNTIME_EVIDENCE/225/225_HF23_pre_execution_acceptance_requirement_detail_20260811.csv,,Original independently recalculated control result retained.,
ACC-047,PROGRAM_225,M2_12_ACC_047,status=PASS;failure=;source=True,PASS;blank;True,PASS,BLOCKER,PASS,BLOCKER,03_FINAL_RUNTIME_EVIDENCE/225/225_HF23_pre_execution_acceptance_requirement_detail_20260811.csv,,Original independently recalculated control result retained.,
ACC-048,PROGRAM_225,M2_12_ACC_048,source=True;final_count=48;acceptance=PASS,source=True;48;PASS,PASS,BLOCKER,PASS,BLOCKER,02_EXECUTED_SOURCE_AUTHORITY/225_HF23;03_FINAL_RUNTIME_EVIDENCE/225,,Original independently recalculated control result retained.,
CP-225-CODES,RUNTIME_CHECKPOINT,Program 225 physical acceptance-code set,"['M2_12_ACC_001', 'M2_12_ACC_002', 'M2_12_ACC_003', 'M2_12_ACC_004', 'M2_12_ACC_005', 'M2_12_ACC_006', 'M2_12_ACC_007', 'M2_12_ACC_008', 'M2_12_ACC_009', 'M2_12_ACC_010', 'M2_12_ACC_011', 'M2_12_ACC_012', 'M2_12_ACC_013', 'M2_12_ACC_014', 'M2_12_ACC_015', 'M2_12_ACC_016', 'M2_12_ACC_017', 'M2_12_ACC_018', 'M2_12_ACC_019', 'M2_12_ACC_020', 'M2_12_ACC_021', 'M2_12_ACC_022', 'M2_12_ACC_023', 'M2_12_ACC_024', 'M2_12_ACC_025', 'M2_12_ACC_026', 'M2_12_ACC_027', 'M2_12_ACC_028', 'M2_12_ACC_029', 'M2_12_ACC_030', 'M2_12_ACC_031', 'M2_12_ACC_032', 'M2_12_ACC_033', 'M2_12_ACC_034', 'M2_12_ACC_035', 'M2_12_ACC_036', 'M2_12_ACC_037', 'M2_12_ACC_038', 'M2_12_ACC_039', 'M2_12_ACC_040', 'M2_12_ACC_041', 'M2_12_ACC_042', 'M2_12_ACC_043', 'M2_12_ACC_044', 'M2_12_ACC_045', 'M2_12_ACC_046', 'M2_12_ACC_047', 'M2_12_ACC_048']","['M2_12_ACC_001', 'M2_12_ACC_002', 'M2_12_ACC_003', 'M2_12_ACC_004', 'M2_12_ACC_005', 'M2_12_ACC_006', 'M2_12_ACC_007', 'M2_12_ACC_008', 'M2_12_ACC_009', 'M2_12_ACC_010', 'M2_12_ACC_011', 'M2_12_ACC_012', 'M2_12_ACC_013', 'M2_12_ACC_014', 'M2_12_ACC_015', 'M2_12_ACC_016', 'M2_12_ACC_017', 'M2_12_ACC_018', 'M2_12_ACC_019', 'M2_12_ACC_020', 'M2_12_ACC_021', 'M2_12_ACC_022', 'M2_12_ACC_023', 'M2_12_ACC_024', 'M2_12_ACC_025', 'M2_12_ACC_026', 'M2_12_ACC_027', 'M2_12_ACC_028', 'M2_12_ACC_029', 'M2_12_ACC_030', 'M2_12_ACC_031', 'M2_12_ACC_032', 'M2_12_ACC_033', 'M2_12_ACC_034', 'M2_12_ACC_035', 'M2_12_ACC_036', 'M2_12_ACC_037', 'M2_12_ACC_038', 'M2_12_ACC_039', 'M2_12_ACC_040', 'M2_12_ACC_041', 'M2_12_ACC_042', 'M2_12_ACC_043', 'M2_12_ACC_044', 'M2_12_ACC_045', 'M2_12_ACC_046', 'M2_12_ACC_047', 'M2_12_ACC_048']",PASS,BLOCKER,PASS,BLOCKER,02_EXECUTED_SOURCE_AUTHORITY/225_HF23/225_msbf_m2_12_acceptance_finalizer_v1_HF23.sql,,Original independently recalculated control result retained.,
CP-225-DML,RUNTIME_CHECKPOINT,Program 225 bounded persistent DML source surface,"{'acceptance_gate_result': 1, 'run_evidence': 1, 'g3_registry_update': 1, 'run_registry_update': 1}","{'acceptance_gate_result': 1, 'run_evidence': 1, 'g3_registry_update': 1, 'run_registry_update': 1}",PASS,BLOCKER,PASS,BLOCKER,02_EXECUTED_SOURCE_AUTHORITY/225_HF23/225_msbf_m2_12_acceptance_finalizer_v1_HF23.sql,,Original independently recalculated control result retained.,
CP-225,RUNTIME_CHECKPOINT,Program 225,pre=47/47;final=48/48;run=M2_12_ACCEPTED;contract=ACCEPTED;gate=PASS,47/47 pre;48/48 final;M2_12_ACCEPTED/ACCEPTED;gate/evidence PASS,PASS,BLOCKER,PASS,BLOCKER,03_FINAL_RUNTIME_EVIDENCE/225,,Original independently recalculated control result retained.,
CP-226-PROJ,RUNTIME_CHECKPOINT,Program 226 physical 92-field projection,source=92;csv=92;match=True,92;92;True,PASS,BLOCKER,PASS,BLOCKER,02_EXECUTED_SOURCE_AUTHORITY/226_HF24/226_msbf_m2_12_master_report_v1_HF24.sql,,Original independently recalculated control result retained.,
CP-226,RUNTIME_CHECKPOINT,Program 226,rows=1;cols=92;field_fail=[];flag_fail=[];hash_fail=[],1 row;92 fields;accepted exact counts/hashes;zero findings;boundaries false,PASS,BLOCKER,PASS,BLOCKER,03_FINAL_RUNTIME_EVIDENCE/226/...Master_Report...csv,,Original independently recalculated control result retained.,
CP-226-RO,RUNTIME_CHECKPOINT,Program 226 persistent-state read-only source,[],[],PASS,BLOCKER,PASS,BLOCKER,02_EXECUTED_SOURCE_AUTHORITY/226_HF24/226_msbf_m2_12_master_report_v1_HF24.sql,,Original independently recalculated control result retained.,
RS-000,PROGRAM_227,Physical result-set SELECT blocks,24,24,PASS,BLOCKER,PASS,BLOCKER,02_EXECUTED_SOURCE_AUTHORITY/227_HF26/227_msbf_m2_12_detailed_report_24_result_sets_v1_HF26.sql,,Original independently recalculated control result retained.,
RS-01,PROGRAM_227,LIFECYCLE_AND_G3_ACCEPTANCE,rows=1;cols=12;projection=True;order=True;bytes=True;content=True,rows=1;projection/order/bytes/content PASS,PASS,BLOCKER,PASS,BLOCKER,03_FINAL_RUNTIME_EVIDENCE/227/RESULT_SETS_NORMALIZED/RS01_LIFECYCLE_AND_G3_ACCEPTANCE_20260812.csv,,Original independently recalculated control result retained.,
RS-02,PROGRAM_227,POLICY_AND_EXPECTED_COUNTS,rows=1;cols=11;projection=True;order=True;bytes=True;content=True,rows=1;projection/order/bytes/content PASS,PASS,BLOCKER,PASS,BLOCKER,03_FINAL_RUNTIME_EVIDENCE/227/RESULT_SETS_NORMALIZED/RS02_POLICY_AND_EXPECTED_COUNTS_20260812.csv,,Original independently recalculated control result retained.,
RS-03,PROGRAM_227,M1_17_G2_SOURCE_IDENTITY,rows=1;cols=12;projection=True;order=True;bytes=True;content=True,rows=1;projection/order/bytes/content PASS,PASS,BLOCKER,PASS,BLOCKER,03_FINAL_RUNTIME_EVIDENCE/227/RESULT_SETS_NORMALIZED/RS03_M1_17_G2_SOURCE_IDENTITY_20260812.csv,,Original independently recalculated control result retained.,
RS-04,PROGRAM_227,SOURCE_NODE_CERTIFICATION,rows=12;cols=13;projection=True;order=True;bytes=True;content=True,rows=12;projection/order/bytes/content PASS,PASS,BLOCKER,PASS,BLOCKER,03_FINAL_RUNTIME_EVIDENCE/227/RESULT_SETS_NORMALIZED/RS04_SOURCE_NODE_CERTIFICATION_20260812.csv,,Original independently recalculated control result retained.,
RS-05,PROGRAM_227,COMPONENT_CONTRACTS,rows=13;cols=17;projection=True;order=True;bytes=True;content=True,rows=13;projection/order/bytes/content PASS,PASS,BLOCKER,PASS,BLOCKER,03_FINAL_RUNTIME_EVIDENCE/227/RESULT_SETS_NORMALIZED/RS05_COMPONENT_CONTRACTS_20260812.csv,,Original independently recalculated control result retained.,
RS-06,PROGRAM_227,SOURCE_GRAPH_EDGES,rows=19;cols=13;projection=True;order=True;bytes=True;content=True,rows=19;projection/order/bytes/content PASS,PASS,BLOCKER,PASS,BLOCKER,03_FINAL_RUNTIME_EVIDENCE/227/RESULT_SETS_NORMALIZED/RS06_SOURCE_GRAPH_EDGES_20260812.csv,,Original independently recalculated control result retained.,
RS-07,PROGRAM_227,EVIDENCE_CERTIFICATION,rows=72;cols=15;projection=True;order=True;bytes=True;content=True,rows=72;projection/order/bytes/content PASS,PASS,BLOCKER,PASS,BLOCKER,03_FINAL_RUNTIME_EVIDENCE/227/RESULT_SETS_NORMALIZED/RS07_EVIDENCE_CERTIFICATION_20260812.csv,,Original independently recalculated control result retained.,
RS-08,PROGRAM_227,COMPONENT_LATEST_ARCHIVE_INVENTORY,rows=13;cols=12;projection=True;order=True;bytes=True;content=True,rows=13;projection/order/bytes/content PASS,PASS,BLOCKER,PASS,BLOCKER,03_FINAL_RUNTIME_EVIDENCE/227/RESULT_SETS_NORMALIZED/RS08_COMPONENT_LATEST_ARCHIVE_INVENTORY_20260812.csv,,Original independently recalculated control result retained.,
RS-09,PROGRAM_227,CONTRACT_REPRODUCTION,rows=13;cols=14;projection=True;order=True;bytes=True;content=True,rows=13;projection/order/bytes/content PASS,PASS,BLOCKER,PASS,BLOCKER,03_FINAL_RUNTIME_EVIDENCE/227/RESULT_SETS_NORMALIZED/RS09_CONTRACT_REPRODUCTION_20260812.csv,,Original independently recalculated control result retained.,
RS-10,PROGRAM_227,APPLICATION_CONSUMPTION_SUMMARY,rows=3;cols=7;projection=True;order=True;bytes=True;content=True,rows=3;projection/order/bytes/content PASS,PASS,BLOCKER,PASS,BLOCKER,03_FINAL_RUNTIME_EVIDENCE/227/RESULT_SETS_NORMALIZED/RS10_APPLICATION_CONSUMPTION_SUMMARY_20260812.csv,,Original independently recalculated control result retained.,
RS-11,PROGRAM_227,APPLICATION_CONSUMPTION_DETAIL,rows=1500;cols=18;projection=True;order=True;bytes=True;content=True,rows=1500;projection/order/bytes/content PASS,PASS,BLOCKER,PASS,BLOCKER,03_FINAL_RUNTIME_EVIDENCE/227/RESULT_SETS_NORMALIZED/RS11_APPLICATION_CONSUMPTION_DETAIL_20260812.csv,,Original independently recalculated control result retained.,
RS-12,PROGRAM_227,OPERATIONAL_ACCOUNT_SUMMARY,rows=3;cols=9;projection=True;order=True;bytes=True;content=True,rows=3;projection/order/bytes/content PASS,PASS,BLOCKER,PASS,BLOCKER,03_FINAL_RUNTIME_EVIDENCE/227/RESULT_SETS_NORMALIZED/RS12_OPERATIONAL_ACCOUNT_SUMMARY_20260812.csv,,Original independently recalculated control result retained.,
RS-13,PROGRAM_227,OPERATIONAL_ACCOUNT_DETAIL,rows=59;cols=23;projection=True;order=True;bytes=True;content=True,rows=59;projection/order/bytes/content PASS,PASS,BLOCKER,PASS,BLOCKER,03_FINAL_RUNTIME_EVIDENCE/227/RESULT_SETS_NORMALIZED/RS13_OPERATIONAL_ACCOUNT_DETAIL_20260812.csv,,Original independently recalculated control result retained.,
RS-14,PROGRAM_227,STRATEGY_SCOPE_CONSUMPTION,rows=24;cols=17;projection=True;order=True;bytes=True;content=True,rows=24;projection/order/bytes/content PASS,PASS,BLOCKER,PASS,BLOCKER,03_FINAL_RUNTIME_EVIDENCE/227/RESULT_SETS_NORMALIZED/RS14_STRATEGY_SCOPE_CONSUMPTION_20260812.csv,,Original independently recalculated control result retained.,
RS-15,PROGRAM_227,FRONTIER_NONDOMINATED_SUMMARY,rows=24;cols=14;projection=True;order=True;bytes=True;content=True,rows=24;projection/order/bytes/content PASS,PASS,BLOCKER,PASS,BLOCKER,03_FINAL_RUNTIME_EVIDENCE/227/RESULT_SETS_NORMALIZED/RS15_FRONTIER_NONDOMINATED_SUMMARY_20260812.csv,,Original independently recalculated control result retained.,
RS-16,PROGRAM_227,GOVERNANCE_REVIEW_PRIORITIES,rows=3;cols=9;projection=True;order=True;bytes=True;content=True,rows=3;projection/order/bytes/content PASS,PASS,BLOCKER,PASS,BLOCKER,03_FINAL_RUNTIME_EVIDENCE/227/RESULT_SETS_NORMALIZED/RS16_GOVERNANCE_REVIEW_PRIORITIES_20260812.csv,,Original independently recalculated control result retained.,
RS-17,PROGRAM_227,STRESS_AND_BURDEN_BOUNDARY,rows=8;cols=12;projection=True;order=True;bytes=True;content=True,rows=8;projection/order/bytes/content PASS,PASS,BLOCKER,PASS,BLOCKER,03_FINAL_RUNTIME_EVIDENCE/227/RESULT_SETS_NORMALIZED/RS17_STRESS_AND_BURDEN_BOUNDARY_20260812.csv,,Original independently recalculated control result retained.,
RS-18,PROGRAM_227,CAPABILITY_COVERAGE,rows=20;cols=9;projection=True;order=True;bytes=True;content=True,rows=20;projection/order/bytes/content PASS,PASS,BLOCKER,PASS,BLOCKER,03_FINAL_RUNTIME_EVIDENCE/227/RESULT_SETS_NORMALIZED/RS18_CAPABILITY_COVERAGE_20260812.csv,,Original independently recalculated control result retained.,
RS-19,PROGRAM_227,G3_BUNDLE_LATEST,rows=1;cols=16;projection=True;order=True;bytes=True;content=True,rows=1;projection/order/bytes/content PASS,PASS,BLOCKER,PASS,BLOCKER,03_FINAL_RUNTIME_EVIDENCE/227/RESULT_SETS_NORMALIZED/RS19_G3_BUNDLE_LATEST_20260812.csv,,Original independently recalculated control result retained.,
RS-20,PROGRAM_227,G3_LATEST_ARCHIVE_REPRODUCTION,rows=1;cols=10;projection=True;order=True;bytes=True;content=True,rows=1;projection/order/bytes/content PASS,PASS,BLOCKER,PASS,BLOCKER,03_FINAL_RUNTIME_EVIDENCE/227/RESULT_SETS_NORMALIZED/RS20_G3_LATEST_ARCHIVE_REPRODUCTION_20260812.csv,,Original independently recalculated control result retained.,
RS-21,PROGRAM_227,G3_REGISTRY_CANONICAL_HASHES,rows=12;cols=7;projection=True;order=True;bytes=True;content=True,rows=12;projection/order/bytes/content PASS,PASS,BLOCKER,PASS,BLOCKER,03_FINAL_RUNTIME_EVIDENCE/227/RESULT_SETS_NORMALIZED/RS21_G3_REGISTRY_CANONICAL_HASHES_20260812.csv,,Original independently recalculated control result retained.,
RS-22,PROGRAM_227,GOVERNED_EVIDENCE_ACCEPTANCE_SUMMARY,rows=6;cols=7;projection=True;order=True;bytes=True;content=True,rows=6;projection/order/bytes/content PASS,PASS,BLOCKER,PASS,BLOCKER,03_FINAL_RUNTIME_EVIDENCE/227/RESULT_SETS_NORMALIZED/RS22_GOVERNED_EVIDENCE_ACCEPTANCE_SUMMARY_20260812.csv,,Original independently recalculated control result retained.,
RS-23,PROGRAM_227,DETERMINISTIC_MISMATCHES,rows=0;cols=8;projection=True;order=True;bytes=True;content=True,rows=0;projection/order/bytes/content PASS,PASS,BLOCKER,PASS,BLOCKER,03_FINAL_RUNTIME_EVIDENCE/227/RESULT_SETS_NORMALIZED/RS23_DETERMINISTIC_MISMATCHES_20260812.csv,,Original independently recalculated control result retained.,
RS-24,PROGRAM_227,BLOCKING_STAGE_BOUNDARY_VIOLATIONS,rows=0;cols=6;projection=True;order=True;bytes=True;content=True,rows=0;projection/order/bytes/content PASS,PASS,BLOCKER,PASS,BLOCKER,03_FINAL_RUNTIME_EVIDENCE/227/RESULT_SETS_NORMALIZED/RS24_BLOCKING_STAGE_BOUNDARY_VIOLATIONS_20260812.csv,,Original independently recalculated control result retained.,
CP-227,RUNTIME_CHECKPOINT,Program 227 24-result-set aggregate,"sets=24;fails=[];vector=[1, 1, 1, 12, 13, 19, 72, 13, 13, 3, 1500, 3, 59, 24, 24, 3, 8, 20, 1, 1, 12, 6, 0, 0]","24;none;[1, 1, 1, 12, 13, 19, 72, 13, 13, 3, 1500, 3, 59, 24, 24, 3, 8, 20, 1, 1, 12, 6, 0, 0]",PASS,BLOCKER,PASS,BLOCKER,03_FINAL_RUNTIME_EVIDENCE/227,,Original independently recalculated control result retained.,
CP-227-RO,RUNTIME_CHECKPOINT,Program 227 persistent-state read-only source,[],[],PASS,BLOCKER,PASS,BLOCKER,02_EXECUTED_SOURCE_AUTHORITY/227_HF26/227_msbf_m2_12_detailed_report_24_result_sets_v1_HF26.sql,,Original independently recalculated control result retained.,
CROSS-001,CROSS_PROGRAM,Combined-set hash consistency,"{'222': '28d832719a63d5669a18016f15ba43fb', '223_state': '28d832719a63d5669a18016f15ba43fb', '224_state': '28d832719a63d5669a18016f15ba43fb', '225': '28d832719a63d5669a18016f15ba43fb', '226': '28d832719a63d5669a18016f15ba43fb', 'RS21': '28d832719a63d5669a18016f15ba43fb'}",one identical 32-hex hash,PASS,BLOCKER,PASS,BLOCKER,03_FINAL_RUNTIME_EVIDENCE,,Original independently recalculated control result retained.,
CROSS-002,CROSS_PROGRAM,Accepted contract-set hash consistency,"{'225': '38e76e3e05f19064f2f1de41b7c33d52', '226': '38e76e3e05f19064f2f1de41b7c33d52', 'RS21': '38e76e3e05f19064f2f1de41b7c33d52'}",one identical 32-hex hash,PASS,BLOCKER,PASS,BLOCKER,03_FINAL_RUNTIME_EVIDENCE,,Original independently recalculated control result retained.,
CROSS-003,CROSS_PROGRAM,Accepted registry-row hash consistency,"{'225': '16268274b151eeab60f4423ec094f4b5', '226': '16268274b151eeab60f4423ec094f4b5', 'RS21': '16268274b151eeab60f4423ec094f4b5'}",one identical 32-hex hash,PASS,BLOCKER,PASS,BLOCKER,03_FINAL_RUNTIME_EVIDENCE,,Original independently recalculated control result retained.,
PROV-001,PROVENANCE,Known finding rows,5,5,PASS,BLOCKER,PASS,BLOCKER,06_AUDIT_LEDGERS/M2_12_KNOWN_AUDIT_FINDINGS.csv,,Original independently recalculated control result retained.,
PROV-002,PROVENANCE,Superseded 200-row RS11 segregated from current tree,True,True,PASS,BLOCKER,PASS,BLOCKER,04_HISTORICAL_DIAGNOSTIC_EVIDENCE/227/RS11_INCOMPLETE_200_ROW_EXPORT_SUPERSEDED_20260812.csv,,Original independently recalculated control result retained.,
PROV-003,PROVENANCE,Historical-classified filenames absent from current success tree,0,0,PASS,BLOCKER,PASS,BLOCKER,04_HISTORICAL_DIAGNOSTIC_EVIDENCE,,Original independently recalculated control result retained.,
PROV-004,PROVENANCE,Submission self-identifies transcript/process gap,True,True,PASS,BLOCKER,PASS,BLOCKER,00_START_HERE/M2_12_POST_CHAIN_AUDIT_READINESS_STATUS.md,,Original independently recalculated control result retained.,
